id,game_id,player,team,opponent,minutes,points,rebounds,assists,three_pointers,usage_rate
1,499946,A. Ali,1205,1201,38.05,17.0,6.0,2.0,1.0,
3,499946,A. Rohde,1205,1201,31.366666666666667,12.0,3.0,3.0,0.0,
8,499946,B. Coracke,1205,1201,16.35,3.0,3.0,2.0,1.0,
15,499946,B. Parker,1201,1205,16.566666666666666,7.0,3.0,0.0,2.0,
14,499946,D. George,1201,1205,25.966666666666665,0.0,7.0,3.0,0.0,
13,499946,D. Johansson,1201,1205,20.633333333333333,0.0,4.0,0.0,0.0,
18,499946,E. Persson,1201,1205,19.183333333333334,19.0,2.0,1.0,5.0,
10,499946,E. Vilic,1205,1201,11.733333333333333,1.0,0.0,0.0,0.0,
20,499946,F. Gewert,1201,1205,23.283333333333335,8.0,9.0,0.0,0.0,
4,499946,Frank Marco,1205,1201,23.166666666666668,14.0,4.0,0.0,2.0,
12,499946,G. Hansson,1201,1205,29.583333333333332,9.0,2.0,4.0,1.0,
16,499946,J. Palsson,1201,1205,3.25,3.0,1.0,0.0,1.0,
2,499946,Karlsson Noel,1205,1201,23.216666666666665,9.0,8.0,1.0,1.0,
7,499946,L. Novakovic,1205,1201,20.983333333333334,15.0,1.0,1.0,2.0,
19,499946,N. Botold,1201,1205,21.2,16.0,2.0,0.0,4.0,
9,499946,N. Kartal,1205,1201,3.4833333333333334,0.0,0.0,1.0,0.0,
5,499946,R. Myrthil,1205,1201,30.483333333333334,17.0,6.0,3.0,1.0,
11,499946,T. Biel,1201,1205,19.7,4.0,2.0,1.0,0.0,
6,499946,Veller Lucas,1205,1201,1.1666666666666667,3.0,0.0,0.0,1.0,
17,499946,Z. Nelson,1201,1205,20.55,10.0,1.0,0.0,2.0,
25,500438,A. Folke,1719,2313,23.7,13.0,1.0,1.0,0.0,
29,500438,A. Larsson,1719,2313,20.633333333333333,10.0,4.0,2.0,2.0,
34,500438,A. Sahlberg,2313,1719,30.133333333333333,10.0,4.0,4.0,0.0,
27,500438,C. Birgemo,1719,2313,23.05,14.0,6.0,0.0,1.0,
33,500438,E. Angemo,2313,1719,30.866666666666667,14.0,6.0,0.0,3.0,
32,500438,E. Jonsson,2313,1719,32.766666666666666,19.0,5.0,0.0,1.0,
26,500438,E. Steen,1719,2313,6.366666666666666,0.0,2.0,0.0,0.0,
39,500438,G. Sahlberg,2313,1719,13.75,4.0,4.0,1.0,1.0,
24,500438,H. Okehie,1719,2313,21.583333333333332,6.0,3.0,1.0,0.0,
22,500438,I. Hammar,1719,2313,27.933333333333334,5.0,6.0,1.0,0.0,
31,500438,J. Baltatzis,1719,2313,10.383333333333333,3.0,0.0,2.0,0.0,
21,500438,L. Hammar,1719,2313,28.083333333333332,8.0,4.0,4.0,0.0,
35,500438,L. Wallengren,2313,1719,12.366666666666667,7.0,4.0,3.0,0.0,
36,500438,M. Eriksson,2313,1719,22.566666666666666,4.0,9.0,2.0,0.0,
28,500438,N. Moragas,1719,2313,1.4833333333333334,0.0,1.0,0.0,0.0,
30,500438,O. Regner,1719,2313,9.983333333333333,5.0,2.0,0.0,1.0,
40,500438,R. Persson,2313,1719,17.516666666666666,12.0,4.0,1.0,0.0,
37,500438,T. Nord,2313,1719,23.85,0.0,6.0,2.0,0.0,
23,500438,V. Lindstedt,1719,2313,23.416666666666668,7.0,10.0,0.0,2.0,
38,500438,V. Stark,2313,1719,16.183333333333334,3.0,2.0,1.0,0.0,
48,500439,A. Folin,1219,4931,13.3,5.0,3.0,0.0,0.0,
53,500439,A. Karahmetovic,4931,1219,34.016666666666666,8.0,6.0,1.0,1.0,
44,500439,A. Lindahl,1219,4931,31.683333333333334,15.0,10.0,6.0,1.0,
59,500439,A. Muorwel,4931,1219,13.783333333333333,5.0,2.0,0.0,0.0,
56,500439,B. Cehic,4931,1219,13.716666666666667,0.0,0.0,0.0,0.0,
47,500439,B. Vidlund,1219,4931,7.4,0.0,4.0,2.0,0.0,
51,500439,D. Alvateris,4931,1219,21.616666666666667,4.0,0.0,2.0,0.0,
43,500439,D. Jones,1219,4931,25.783333333333335,8.0,8.0,2.0,1.0,
52,500439,E. Bradd,4931,1219,27.783333333333335,15.0,3.0,1.0,4.0,
50,500439,E. Ninkingira,4931,1219,23.933333333333334,12.0,10.0,4.0,1.0,
54,500439,H. Andersson,4931,1219,27.8,13.0,2.0,3.0,4.0,
58,500439,J. Cooper,4931,1219,6.766666666666667,0.0,2.0,0.0,0.0,
46,500439,L. Prytz,1219,4931,15.216666666666667,0.0,2.0,3.0,0.0,
45,500439,M. Axelsson,1219,4931,34.88333333333333,27.0,17.0,6.0,3.0,
41,500439,S. Careborg,1219,4931,21.1,9.0,3.0,1.0,3.0,
57,500439,S. Wingemark,4931,1219,12.2,2.0,1.0,0.0,0.0,
55,500439,W. Hamzehnejad,4931,1219,18.383333333333333,4.0,4.0,2.0,0.0,
42,500439,W. Lloclla,1219,4931,29.816666666666666,23.0,15.0,2.0,1.0,
49,500439,W. S. Musanovic,1219,4931,20.8,3.0,7.0,2.0,1.0,
77,500440,C. Lind,1218,7508,1.55,0.0,0.0,0.0,0.0,
70,500440,D. Myrthil,1218,7508,28.15,6.0,8.0,1.0,0.0,
62,500440,E. Mogren,7508,1218,18.05,4.0,1.0,0.0,0.0,
76,500440,E. Nilsson,1218,7508,23.366666666666667,2.0,3.0,3.0,0.0,
65,500440,E. Soamo,7508,1218,7.75,0.0,1.0,0.0,0.0,
75,500440,H. Abdi,1218,7508,5.883333333333333,2.0,0.0,0.0,0.0,
73,500440,J. Jangered,1218,7508,26.75,10.0,5.0,1.0,0.0,
64,500440,L. Halling-Ibo,7508,1218,32.516666666666666,12.0,18.0,6.0,1.0,
72,500440,L. Lindby,1218,7508,36.833333333333336,11.0,3.0,0.0,2.0,
63,500440,M. Dibba,7508,1218,31.416666666666668,16.0,6.0,5.0,0.0,
66,500440,O. Simbizi,7508,1218,1.1833333333333333,0.0,0.0,0.0,0.0,
68,500440,P. Lelo,7508,1218,21.483333333333334,11.0,11.0,2.0,1.0,
74,500440,R. Davet,1218,7508,31.766666666666666,10.0,6.0,0.0,2.0,
61,500440,R. Veller,7508,1218,27.433333333333334,11.0,1.0,2.0,1.0,
71,500440,S. Drammeh,1218,7508,33.916666666666664,20.0,6.0,7.0,1.0,
60,500440,S. Unger,7508,1218,29.75,14.0,9.0,3.0,2.0,
69,500440,T. Kalpakas,7508,1218,11.383333333333333,10.0,1.0,2.0,1.0,
67,500440,V. Johnson Saka,7508,1218,19.033333333333335,12.0,0.0,0.0,3.0,
78,500440,Z. Mitogo,1218,7508,11.783333333333333,6.0,2.0,2.0,0.0,
88,500441,A. Muminovic,7960,7823,9.116666666666667,0.0,3.0,0.0,0.0,
98,500441,A. Salih,7823,7960,17.516666666666666,12.0,5.0,0.0,2.0,
92,500441,B. Toprak,7823,7960,30.6,19.0,16.0,6.0,0.0,
80,500441,D. Asanin,7960,7823,25.4,13.0,5.0,2.0,3.0,
95,500441,D. Musabasic,7823,7960,6.416666666666667,2.0,2.0,0.0,0.0,
85,500441,E. Akestam,7960,7823,3.4333333333333336,0.0,1.0,1.0,0.0,
87,500441,E. Music,7960,7823,15.316666666666666,2.0,3.0,1.0,0.0,
91,500441,F. B. Valatabar,7823,7960,23.333333333333332,14.0,4.0,1.0,3.0,
89,500441,F. Eriksson,7823,7960,32.9,15.0,5.0,1.0,1.0,
96,500441,H. Tuco,7823,7960,9.45,0.0,0.0,0.0,0.0,
97,500441,I. Cvrk,7823,7960,9.566666666666666,0.0,1.0,0.0,0.0,
94,500441,I. Weibring,7823,7960,24.866666666666667,4.0,6.0,0.0,0.0,
79,500441,J. Jelinic,7960,7823,36.56666666666667,10.0,7.0,6.0,2.0,
86,500441,L. Johansson,7960,7823,5.65,6.0,0.0,0.0,2.0,
90,500441,L. Westman,7823,7960,29.966666666666665,18.0,5.0,4.0,0.0,
84,500441,M. Fredenlund,7960,7823,3.25,0.0,0.0,1.0,0.0,
82,500441,M. Salim,7960,7823,30.166666666666668,16.0,6.0,3.0,0.0,
81,500441,N. Boskovic,7960,7823,37.016666666666666,13.0,4.0,0.0,2.0,
83,500441,S. Sasaroga,7960,7823,34.083333333333336,7.0,5.0,3.0,1.0,
93,500441,T. Haglund,7823,7960,15.383333333333333,1.0,3.0,1.0,0.0,
105,500442,A. Grubb,1223,2313,13.416666666666666,6.0,6.0,0.0,0.0,
109,500442,A. Karovic,1223,2313,13.35,0.0,5.0,4.0,0.0,
113,500442,A. Sahlberg,2313,1223,26.0,5.0,5.0,4.0,0.0,
112,500442,E. Angemo,2313,1223,27.616666666666667,3.0,2.0,2.0,1.0,
111,500442,E. Jonsson,2313,1223,30.866666666666667,9.0,4.0,7.0,1.0,
102,500442,G. Persson,1223,2313,16.166666666666668,10.0,2.0,1.0,3.0,
119,500442,G. Sahlberg,2313,1223,13.816666666666666,2.0,6.0,0.0,0.0,
107,500442,J. Koopman,1223,2313,13.0,6.0,2.0,0.0,2.0,
110,500442,K. Teigland,1223,2313,19.366666666666667,2.0,9.0,3.0,0.0,
101,500442,L. Kenton,1223,2313,22.65,12.0,6.0,3.0,0.0,
114,500442,L. Wallengren,2313,1223,19.583333333333332,6.0,3.0,2.0,0.0,
103,500442,M. Benson,1223,2313,18.783333333333335,2.0,8.0,3.0,0.0,
115,500442,M. Eriksson,2313,1223,17.283333333333335,10.0,6.0,0.0,0.0,
100,500442,N. Kihlstrom,1223,2313,19.233333333333334,10.0,2.0,4.0,2.0,
106,500442,R. Haegerstrand,1223,2313,10.166666666666666,8.0,0.0,1.0,2.0,
118,500442,R. Persson,2313,1223,17.566666666666666,16.0,7.0,0.0,0.0,
99,500442,R. Sternheden,1223,2313,20.9,11.0,0.0,3.0,1.0,
104,500442,S. Johansson,1223,2313,13.333333333333334,11.0,1.0,2.0,0.0,
116,500442,T. Nord,2313,1223,23.55,15.0,0.0,1.0,2.0,
108,500442,V. Pihlsgard,1223,2313,19.633333333333333,12.0,5.0,1.0,0.0,
117,500442,V. Stark,2313,1223,20.433333333333334,4.0,2.0,4.0,0.0,
120,500442,Y. Stali,2313,1223,3.283333333333333,1.0,0.0,0.0,0.0,
136,500443,A. Grytberg,1200,1225,33.083333333333336,7.0,5.0,1.0,1.0,
126,500443,A. Teigland,1225,1200,25.766666666666666,0.0,3.0,2.0,0.0,
138,500443,D. Damjanovic,1200,1225,22.4,13.0,6.0,4.0,1.0,
132,500443,D. Tcham,1200,1225,27.4,17.0,4.0,1.0,3.0,
134,500443,I. Grytberg,1200,1225,31.983333333333334,14.0,7.0,1.0,0.0,
133,500443,J. Ornehed,1200,1225,25.033333333333335,13.0,3.0,1.0,1.0,
125,500443,L. Frejborg,1225,1200,27.816666666666666,19.0,3.0,1.0,0.0,
121,500443,L. Gyllensten,1225,1200,25.65,5.0,2.0,0.0,1.0,
122,500443,M. Brygt,1225,1200,13.233333333333333,0.0,1.0,0.0,0.0,
137,500443,M. Hamid,1200,1225,19.6,7.0,3.0,1.0,0.0,
124,500443,N. Dansk,1225,1200,11.466666666666667,0.0,3.0,1.0,0.0,
135,500443,N. Kelly,1200,1225,31.85,5.0,8.0,1.0,0.0,
129,500443,O. Johansson,1225,1200,3.35,0.0,1.0,0.0,0.0,
130,500443,R. Mollermark,1225,1200,20.95,17.0,6.0,0.0,0.0,
128,500443,S. Pabreza,1225,1200,13.1,9.0,3.0,0.0,1.0,
123,500443,T. Kermoury,1225,1200,31.316666666666666,29.0,5.0,2.0,1.0,
131,500443,V. Goranzon,1225,1200,12.183333333333334,3.0,1.0,0.0,0.0,
127,500443,V. Jennlinger,1225,1200,13.333333333333334,5.0,1.0,1.0,1.0,
144,500444,A. Atovic,1207,7823,17.6,9.0,0.0,0.0,3.0,
148,500444,A. Drazic,1207,7823,2.5166666666666666,0.0,0.0,0.0,0.0,
139,500444,A. Hall-Eriksson,1207,7823,43.35,24.0,8.0,2.0,3.0,
145,500444,A. Tegstrom,1207,7823,12.333333333333334,2.0,2.0,0.0,0.0,
146,500444,B. Hirsi,1207,7823,5.25,0.0,2.0,0.0,0.0,
154,500444,B. Toprak,7823,1207,39.1,14.0,19.0,3.0,0.0,
142,500444,E. Nilsson,1207,7823,37.583333333333336,10.0,4.0,7.0,0.0,
155,500444,F. B. Valatabar,7823,1207,26.483333333333334,3.0,4.0,0.0,1.0,
151,500444,F. Eriksson,7823,1207,38.266666666666666,25.0,4.0,3.0,1.0,
149,500444,F. Gomes,1207,7823,28.266666666666666,23.0,8.0,2.0,2.0,
152,500444,G. Moberg,7823,1207,40.416666666666664,34.0,7.0,2.0,5.0,
156,500444,H. Tuco,7823,1207,11.75,0.0,0.0,0.0,0.0,
157,500444,I. Cvrk,7823,1207,18.95,7.0,2.0,1.0,1.0,
153,500444,I. Weibring,7823,1207,19.6,7.0,3.0,0.0,1.0,
150,500444,L. Westman,7823,1207,30.433333333333334,8.0,6.0,3.0,0.0,
143,500444,M. Pasic,1207,7823,26.966666666666665,4.0,10.0,1.0,0.0,
141,500444,N. Linden,1207,7823,24.016666666666666,19.0,1.0,2.0,5.0,
140,500444,R. Lindahl,1207,7823,26.083333333333332,12.0,0.0,3.0,1.0,
147,500444,V. Lonnberg,1207,7823,1.0333333333333334,0.0,0.0,0.0,0.0,
168,500607,A. Jelica,7441,7959,27.833333333333332,6.0,1.0,2.0,0.0,
172,500607,A. Markert,7441,7959,28.333333333333332,12.0,5.0,0.0,0.0,
159,500607,A. Nistor,7959,7441,23.816666666666666,4.0,4.0,0.0,0.0,
162,500607,E. Hansen,7959,7441,24.9,3.0,7.0,0.0,0.0,
158,500607,E. Magnusson,7959,7441,30.266666666666666,7.0,4.0,4.0,0.0,
171,500607,E. Petersson,7441,7959,29.55,8.0,3.0,1.0,2.0,
160,500607,E. Spahic,7959,7441,24.133333333333333,7.0,13.0,0.0,0.0,
169,500607,I. Ahmadi,7441,7959,22.033333333333335,7.0,1.0,0.0,1.0,
163,500607,J. Petersen,7959,7441,5.05,0.0,0.0,0.0,0.0,
174,500607,J. Pettersson,7441,7959,0.6833333333333333,0.0,0.0,0.0,0.0,
176,500607,M. Curiander,7441,7959,19.95,8.0,4.0,0.0,1.0,
161,500607,M. Klintman,7959,7441,27.1,15.0,4.0,3.0,1.0,
165,500607,N. Sevimli,7959,7441,15.1,8.0,3.0,1.0,1.0,
175,500607,O. Jelica,7441,7959,10.433333333333334,2.0,1.0,0.0,0.0,
173,500607,S. Lennartsson,7441,7959,17.116666666666667,2.0,1.0,0.0,0.0,
167,500607,S. Staalhof,7959,7441,16.5,13.0,2.0,0.0,1.0,
166,500607,T. Klintman,7959,7441,14.25,5.0,2.0,0.0,1.0,
170,500607,T. Lennartsson,7441,7959,25.216666666666665,2.0,3.0,0.0,0.0,
164,500607,Z. Sevimli,7959,7441,11.566666666666666,0.0,3.0,1.0,0.0,
182,500608,A. Jans,7894,7440,3.05,0.0,0.0,0.0,0.0,
178,500608,B. Eriksson,7894,7440,32.9,9.0,5.0,1.0,1.0,
181,500608,B. Konde,7894,7440,23.133333333333333,5.0,5.0,5.0,1.0,
177,500608,D. Halfdanardottir,7894,7440,29.516666666666666,4.0,9.0,2.0,0.0,
179,500608,E. Allgulin,7894,7440,14.0,4.0,2.0,1.0,0.0,
193,500608,E. Jimenez,7440,7894,16.716666666666665,4.0,3.0,2.0,0.0,
190,500608,E. Siciliano,7440,7894,12.566666666666666,4.0,5.0,1.0,1.0,
183,500608,J. Heiden,7440,7894,19.133333333333333,8.0,2.0,1.0,0.0,
191,500608,K. Rundberg,7440,7894,21.366666666666667,6.0,7.0,0.0,0.0,
187,500608,L. Ehrnstrom,7440,7894,24.65,8.0,4.0,0.0,1.0,
180,500608,L. Karlman,7894,7440,3.5833333333333335,2.0,1.0,0.0,0.0,
184,500608,M. Leidefors,7440,7894,26.95,23.0,5.0,1.0,2.0,
186,500608,M. Mattsson,7440,7894,17.65,3.0,0.0,2.0,1.0,
185,500608,M. Ursberg,7440,7894,26.05,11.0,0.0,7.0,1.0,
189,500608,N. El Mansouri,7440,7894,13.05,3.0,1.0,2.0,1.0,
192,500608,N. Sturesson,7440,7894,10.85,5.0,0.0,0.0,1.0,
188,500608,T. Skold,7440,7894,11.033333333333333,0.0,2.0,2.0,0.0,
199,500610,A. Brannstrom,1190,1177,19.733333333333334,3.0,5.0,1.0,0.0,
197,500610,A. Konstenius,1190,1177,29.0,15.0,1.0,3.0,2.0,
211,500610,C. Palmqvist Fagan,1177,1190,17.766666666666666,7.0,9.0,1.0,0.0,
200,500610,E. Konstenius,1190,1177,12.883333333333333,2.0,8.0,1.0,0.0,
198,500610,E. Lindgren,1190,1177,22.05,3.0,3.0,2.0,1.0,
201,500610,J. Andersson,1190,1177,14.633333333333333,7.0,1.0,1.0,1.0,
195,500610,J. Sodersten,1190,1177,27.133333333333333,15.0,8.0,1.0,0.0,
213,500610,M. Engvall,1177,1190,14.35,6.0,2.0,0.0,0.0,
194,500610,M. Joderus,1190,1177,28.466666666666665,9.0,3.0,3.0,0.0,
205,500610,N. Inoussa,1177,1190,18.316666666666666,4.0,1.0,0.0,0.0,
206,500610,N. Phraibueng,1177,1190,19.883333333333333,5.0,1.0,4.0,0.0,
207,500610,P. Barbosa,1177,1190,19.75,9.0,4.0,0.0,2.0,
202,500610,S. Berglund Holmqvist,1190,1177,10.733333333333333,0.0,0.0,1.0,0.0,
210,500610,S. Gill,1177,1190,8.733333333333333,0.0,1.0,0.0,0.0,
203,500610,S. Hedlund,1190,1177,9.5,2.0,0.0,0.0,0.0,
212,500610,S. Tesfaslassie,1177,1190,27.45,4.0,3.0,5.0,0.0,
196,500610,T. Floren,1190,1177,25.866666666666667,2.0,5.0,1.0,0.0,
208,500610,U. Eruchalu,1177,1190,32.11666666666667,15.0,10.0,1.0,0.0,
204,500610,V. Fagan,1177,1190,26.65,13.0,21.0,4.0,0.0,
209,500610,V. Kiwanuka,1177,1190,14.983333333333333,2.0,2.0,0.0,0.0,
220,500611,A. Jonsson,1175,7442,13.65,10.0,1.0,1.0,2.0,
227,500611,A. Jukic,7442,1175,25.233333333333334,6.0,3.0,0.0,2.0,
221,500611,A. Strom,1175,7442,13.916666666666666,9.0,6.0,2.0,0.0,
216,500611,C. Hager,1175,7442,16.45,11.0,2.0,3.0,0.0,
232,500611,E. Daudistel,7442,1175,23.166666666666668,0.0,3.0,1.0,0.0,
217,500611,E. Erdogdu,1175,7442,18.816666666666666,6.0,3.0,4.0,0.0,
214,500611,E. Longueville,1175,7442,18.066666666666666,5.0,7.0,2.0,1.0,
233,500611,E. Magnusson,7442,1175,27.516666666666666,2.0,2.0,2.0,0.0,
222,500611,F. Beckius,1175,7442,12.883333333333333,0.0,2.0,1.0,0.0,
219,500611,H. Forsbring,1175,7442,15.116666666666667,6.0,3.0,5.0,0.0,
231,500611,I. Sindahl,7442,1175,23.233333333333334,2.0,2.0,1.0,0.0,
224,500611,J. Levin,1175,7442,14.016666666666667,9.0,6.0,2.0,1.0,
228,500611,L. Rydstedt,7442,1175,25.383333333333333,0.0,3.0,0.0,0.0,
225,500611,M. Berhe,1175,7442,20.133333333333333,6.0,3.0,0.0,0.0,
218,500611,M. Frey,1175,7442,20.433333333333334,12.0,6.0,2.0,2.0,
226,500611,R. Linner,7442,1175,22.55,10.0,1.0,1.0,2.0,
223,500611,R. Molin,1175,7442,18.35,6.0,2.0,0.0,2.0,
215,500611,T. Sigfridsson,1175,7442,18.166666666666668,11.0,8.0,3.0,0.0,
230,500611,T. Wallin,7442,1175,27.233333333333334,8.0,7.0,2.0,0.0,
229,500611,V. Caballero,7442,1175,25.683333333333334,3.0,5.0,0.0,0.0,
237,500613,C. Riise,7892,5983,18.066666666666666,1.0,2.0,3.0,0.0,
234,500613,H. Anglerot,5983,7892,18.083333333333332,6.0,3.0,1.0,1.0,
236,500613,I. Lovqvist,5983,7892,17.316666666666666,16.0,3.0,1.0,2.0,
235,500613,P. Olinder,5983,7892,19.033333333333335,10.0,3.0,1.0,1.0,
238,500613,W. Skanberg,7892,5983,31.566666666666666,12.0,5.0,0.0,1.0,
250,500614,A. Adem,1185,5982,20.383333333333333,3.0,1.0,0.0,1.0,
240,500614,A. Igbe,5982,1185,21.916666666666668,7.0,3.0,0.0,1.0,
245,500614,D. Chatziathanasiou,1185,5982,24.516666666666666,2.0,0.0,1.0,0.0,
244,500614,H. Karlsson,1185,5982,29.5,6.0,4.0,0.0,0.0,
248,500614,M. Husak Asp,1185,5982,9.466666666666667,0.0,3.0,1.0,0.0,
249,500614,N. Carlsson,1185,5982,15.716666666666667,5.0,1.0,0.0,1.0,
243,500614,N. Hmamal,1185,5982,31.566666666666666,15.0,6.0,3.0,0.0,
246,500614,R. Abebe,1185,5982,21.583333333333332,8.0,4.0,1.0,2.0,
239,500614,R. Schulze,5982,1185,24.833333333333332,10.0,10.0,1.0,0.0,
242,500614,S. Backlund,5982,1185,19.583333333333332,19.0,2.0,0.0,3.0,
247,500614,S. Bayat,1185,5982,19.366666666666667,1.0,3.0,2.0,0.0,
251,500614,S. Viksten,1185,5982,14.683333333333334,3.0,0.0,0.0,1.0,
241,500614,W. Siciliano,5982,1185,17.4,3.0,3.0,1.0,0.0,
260,500615,A. Curry,5689,1177,10.45,0.0,2.0,1.0,0.0,
271,500615,C. Palmqvist Fagan,1177,5689,14.783333333333333,3.0,6.0,0.0,0.0,
256,500615,E. Andefors,5689,1177,17.316666666666666,5.0,3.0,1.0,1.0,
254,500615,E. Broms,5689,1177,25.266666666666666,6.0,12.0,2.0,0.0,
253,500615,E. Grudemo,5689,1177,19.3,18.0,5.0,1.0,2.0,
252,500615,E. Larsson,5689,1177,23.516666666666666,7.0,5.0,3.0,0.0,
255,500615,J. Ogbonna,5689,1177,29.383333333333333,16.0,17.0,3.0,2.0,
259,500615,L. Almroth,5689,1177,21.816666666666666,6.0,6.0,1.0,1.0,
258,500615,L. Lindback,5689,1177,16.666666666666668,0.0,0.0,0.0,0.0,
267,500615,M. Engvall,1177,5689,13.683333333333334,10.0,1.0,1.0,1.0,
261,500615,M. H. Sandberg,5689,1177,13.616666666666667,2.0,7.0,3.0,0.0,
264,500615,N. Inoussa,1177,5689,20.983333333333334,7.0,3.0,0.0,1.0,
268,500615,N. Phraibueng,1177,5689,16.65,1.0,3.0,2.0,0.0,
269,500615,P. Barbosa,1177,5689,16.85,3.0,3.0,1.0,0.0,
270,500615,S. Gill,1177,5689,12.333333333333334,0.0,1.0,0.0,0.0,
265,500615,S. Tesfaslassie,1177,5689,28.683333333333334,19.0,2.0,3.0,1.0,
257,500615,S. Vikstrom,5689,1177,22.666666666666668,6.0,2.0,0.0,2.0,
266,500615,U. Eruchalu,1177,5689,21.083333333333332,0.0,8.0,4.0,0.0,
263,500615,V. Fagan,1177,5689,33.666666666666664,16.0,18.0,1.0,0.0,
262,500615,V. Kiwanuka,1177,5689,21.283333333333335,10.0,1.0,2.0,2.0,
281,500616,C. Keller,1191,7892,12.65,0.0,4.0,1.0,0.0,
283,500616,C. Riise,7892,1191,24.533333333333335,5.0,1.0,2.0,1.0,
275,500616,E. Grun,1191,7892,25.866666666666667,8.0,7.0,1.0,0.0,
290,500616,E. Jusufbegovic,7892,1191,24.366666666666667,8.0,2.0,3.0,0.0,
282,500616,E. Sjostrand,1191,7892,17.983333333333334,10.0,4.0,3.0,0.0,
272,500616,F. Lundstedt,1191,7892,18.516666666666666,2.0,1.0,4.0,0.0,
274,500616,H. Andersson,1191,7892,17.2,24.0,9.0,2.0,0.0,
273,500616,H. Johansson,1191,7892,17.65,10.0,2.0,2.0,2.0,
284,500616,I. Jama,7892,1191,32.333333333333336,12.0,7.0,3.0,2.0,
285,500616,I. Julher,7892,1191,26.616666666666667,11.0,3.0,2.0,2.0,
277,500616,J. Almqvist,1191,7892,15.45,11.0,3.0,1.0,3.0,
286,500616,K. Taylor,7892,1191,25.266666666666666,8.0,8.0,1.0,0.0,
279,500616,L. Kjellgren,1191,7892,16.266666666666666,8.0,5.0,5.0,2.0,
289,500616,M. Kaiser,7892,1191,14.0,0.0,3.0,0.0,0.0,
278,500616,N. Bjorkhede,1191,7892,18.833333333333332,10.0,2.0,1.0,0.0,
276,500616,S. Frey,1191,7892,22.266666666666666,7.0,1.0,1.0,1.0,
288,500616,S. Kinali,7892,1191,17.966666666666665,0.0,2.0,3.0,0.0,
280,500616,S. Kohler,1191,7892,17.316666666666666,3.0,2.0,6.0,1.0,
287,500616,W. Skanberg,7892,1191,34.916666666666664,19.0,9.0,2.0,3.0,
303,500617,A. Barkelund,6475,5691,31.566666666666666,15.0,5.0,4.0,1.0,
301,500617,A. Billow,6475,5691,25.95,12.0,0.0,0.0,4.0,
304,500617,A. Bonn,6475,5691,21.133333333333333,4.0,4.0,5.0,0.0,
305,500617,A. Sohna,6475,5691,5.716666666666667,0.0,0.0,0.0,0.0,
309,500617,A. Tisell,6475,5691,4.55,0.0,2.0,1.0,0.0,
294,500617,E. Borglund,5691,6475,15.233333333333333,2.0,7.0,2.0,0.0,
296,500617,E. Hermansson,5691,6475,17.783333333333335,2.0,3.0,4.0,0.0,
298,500617,E. Lunderbye,5691,6475,17.35,4.0,1.0,1.0,1.0,
302,500617,E. Petersson,6475,5691,35.96666666666667,15.0,2.0,5.0,3.0,
299,500617,E. Punkki,5691,6475,19.15,13.0,7.0,0.0,1.0,
308,500617,F. Ceesay,6475,5691,26.6,7.0,10.0,1.0,0.0,
310,500617,I. Holmvik,6475,5691,19.2,4.0,4.0,2.0,0.0,
292,500617,J. Al Tumi,5691,6475,31.466666666666665,21.0,6.0,4.0,1.0,
297,500617,J. Blomkvist,5691,6475,11.883333333333333,0.0,3.0,0.0,0.0,
306,500617,N. Elham,6475,5691,21.683333333333334,6.0,6.0,2.0,1.0,
293,500617,N. Loman,5691,6475,17.633333333333333,13.0,4.0,1.0,2.0,
295,500617,O. Rahm,5691,6475,27.55,7.0,3.0,2.0,1.0,
291,500617,S. Kero,5691,6475,27.666666666666668,10.0,9.0,5.0,2.0,
307,500617,T. Frost,6475,5691,7.65,1.0,1.0,0.0,0.0,
300,500617,T. Holmstrom,5691,6475,14.283333333333333,0.0,3.0,0.0,0.0,
318,500618,A. Gustafsson,5692,3074,24.616666666666667,8.0,5.0,1.0,1.0,
325,500618,A. Nilsson,3074,5692,28.183333333333334,12.0,10.0,0.0,0.0,
322,500618,A. Viksten,3074,5692,29.733333333333334,9.0,3.0,0.0,1.0,
311,500618,C. Assali,5692,3074,27.866666666666667,7.0,4.0,1.0,1.0,
324,500618,C. Avril,3074,5692,14.45,2.0,9.0,0.0,0.0,
327,500618,C. Zewde,3074,5692,10.933333333333334,3.0,0.0,0.0,1.0,
326,500618,G. Bwende,3074,5692,27.366666666666667,4.0,3.0,0.0,0.0,
316,500618,I. Barqasho,5692,3074,4.4,0.0,0.0,0.0,0.0,
312,500618,K. Danial,5692,3074,40.0,25.0,6.0,1.0,2.0,
328,500618,L. Johansson,3074,5692,4.416666666666667,0.0,0.0,1.0,0.0,
329,500618,M. Al-Ameri,3074,5692,19.55,7.0,4.0,0.0,0.0,
313,500618,M. Malki,5692,3074,35.0,3.0,0.0,2.0,0.0,
321,500618,M. Thelin,3074,5692,39.233333333333334,2.0,7.0,3.0,0.0,
320,500618,N. Ataseven,5692,3074,19.7,0.0,3.0,1.0,0.0,
317,500618,O. Baresso,5692,3074,2.033333333333333,0.0,0.0,0.0,0.0,
323,500618,Rolander Svea,3074,5692,26.133333333333333,8.0,3.0,1.0,0.0,
314,500618,S. Appell,5692,3074,16.083333333333332,6.0,3.0,0.0,0.0,
319,500618,T. Isik,5692,3074,1.1666666666666667,0.0,0.0,0.0,0.0,
315,500618,Z. Eriksson,5692,3074,29.133333333333333,6.0,4.0,4.0,0.0,
340,501194,Armstrong Taran,3185,7,36.36666666666667,29.0,2.0,4.0,4.0,
348,501194,B. Bayles,3185,7,8.633333333333333,2.0,2.0,1.0,0.0,
346,501194,B. Gold,3185,7,9.8,0.0,2.0,1.0,0.0,
343,501194,Bannan Joshua,3185,7,37.4,22.0,11.0,5.0,1.0,
338,501194,H. Rouhliadeff,7,3185,6.45,0.0,1.0,1.0,0.0,
334,501194,Harrison Tyrrell,7,3185,33.916666666666664,24.0,12.0,3.0,0.0,
331,501194,Hinton Nate,7,3185,32.96666666666667,21.0,3.0,2.0,3.0,
336,501194,J. Holt,7,3185,10.266666666666667,10.0,4.0,0.0,1.0,
333,501194,J. Williams,7,3185,32.516666666666666,10.0,8.0,4.0,1.0,
347,501194,Johnson David,3185,7,19.283333333333335,9.0,1.0,1.0,1.0,
332,501194,M. Mackinnon,7,3185,35.15,21.0,4.0,0.0,5.0,
342,501194,Magnay Will,3185,7,35.833333333333336,22.0,9.0,6.0,1.0,
344,501194,Marshall Nick,3185,7,36.25,6.0,1.0,3.0,1.0,
341,501194,Mathias Dakota,3185,7,37.81666666666667,19.0,4.0,1.0,3.0,
339,501194,Mayen Lat,7,3185,16.433333333333334,4.0,2.0,0.0,0.0,
335,501194,McDaniel Sam,7,3185,10.6,0.0,2.0,1.0,0.0,
337,501194,Norton Mitch,7,3185,9.633333333333333,3.0,0.0,3.0,1.0,
345,501194,Stattmann Kody,3185,7,3.6166666666666667,0.0,0.0,0.0,0.0,
330,501194,Velicka Arnas,7,3185,37.06666666666667,6.0,5.0,13.0,1.0,
349,501195,Anthony Cole,1,3404,29.033333333333335,40.0,4.0,1.0,2.0,
367,501195,Bolden Jonah Anthony,3404,1,22.483333333333334,9.0,10.0,1.0,3.0,
358,501195,Bowen Kyle,1,3404,13.833333333333334,4.0,1.0,1.0,0.0,
362,501195,Brown Jaylon,3404,1,29.016666666666666,20.0,4.0,4.0,3.0,
366,501195,Brown Walter,3404,1,3.0,0.0,0.0,0.0,0.0,
364,501195,Dech Sunday,3404,1,9.433333333333334,0.0,0.0,0.0,0.0,
365,501195,Galloway Kyrin,3404,1,15.25,1.0,2.0,0.0,0.0,
357,501195,Ili Shea,1,3404,17.233333333333334,2.0,4.0,0.0,0.0,
356,501195,Ingles Joe,1,3404,24.55,8.0,4.0,2.0,0.0,
355,501195,Krslovic Fabijan,1,3404,8.35,0.0,3.0,1.0,0.0,
361,501195,M. Lewis,3404,1,26.433333333333334,9.0,5.0,4.0,1.0,
350,501195,Machar Malith,1,3404,14.416666666666666,14.0,0.0,0.0,3.0,
359,501195,McVeigh Jack,3404,1,36.75,20.0,3.0,4.0,1.0,
353,501195,Oduro Josh,1,3404,30.016666666666666,11.0,11.0,2.0,0.0,
363,501195,Pinder Keanu,3404,1,26.933333333333334,27.0,3.0,3.0,2.0,
360,501195,R. Smith,3404,1,30.7,21.0,5.0,4.0,5.0,
354,501195,T. Wilson,1,3404,11.2,2.0,1.0,0.0,0.0,
351,501195,Travers Luke,1,3404,26.95,10.0,8.0,3.0,0.0,
352,501195,Waardenburg Sam,1,3404,24.416666666666668,4.0,6.0,1.0,0.0,
378,501196,A. Aliir,2,6,16.816666666666666,6.0,2.0,1.0,0.0,
379,501196,D. Daniels,2,6,23.2,16.0,8.0,6.0,3.0,
384,501196,Doyle Milton,6,2,32.35,14.0,2.0,11.0,0.0,
374,501196,E. Biggar,2,6,0.25,0.0,0.0,0.0,0.0,
383,501196,Froling Samson,6,2,16.683333333333334,9.0,4.0,1.0,0.0,
375,501196,Glover Angus,2,6,20.783333333333335,11.0,5.0,2.0,2.0,
386,501196,Grida Daniel,6,2,3.066666666666667,0.0,2.0,0.0,0.0,
381,501196,Harvey Tyler,6,2,20.966666666666665,10.0,3.0,1.0,0.0,
388,501196,Hickey William,6,2,20.033333333333335,7.0,7.0,3.0,0.0,
369,501196,Hunter Jordan,2,6,14.316666666666666,12.0,6.0,1.0,1.0,
389,501196,J. Narkle,6,2,21.816666666666666,13.0,7.0,4.0,3.0,
372,501196,Krebs Tanner,2,6,24.283333333333335,9.0,5.0,2.0,1.0,
385,501196,L. Patterson,6,2,14.733333333333333,7.0,3.0,3.0,0.0,
387,501196,M. Maker,6,2,21.95,14.0,4.0,0.0,0.0,
380,501196,Martin Kelan,6,2,23.883333333333333,17.0,4.0,0.0,1.0,
371,501196,Mays Skylar,2,6,19.6,9.0,2.0,4.0,2.0,
373,501196,Morin Yannis,2,6,24.166666666666668,8.0,3.0,1.0,0.0,
377,501196,P. Ryan,2,6,1.1666666666666667,0.0,0.0,0.0,0.0,
376,501196,S. Davidson,2,6,1.1666666666666667,3.0,2.0,0.0,0.0,
370,501196,Schwartz D&apos;Shawn,2,6,23.983333333333334,15.0,5.0,0.0,3.0,
368,501196,Sobey Nathan,2,6,29.8,24.0,6.0,6.0,4.0,
382,501196,Swaka Lo Buluk Wani,6,2,24.516666666666666,5.0,2.0,1.0,1.0,
401,501197,C. Bediako,9,8,18.05,1.0,7.0,2.0,0.0,
393,501197,Cheatham Zylan,8,9,32.35,8.0,2.0,5.0,0.0,
391,501197,Cotton Bryce,8,9,39.0,19.0,0.0,6.0,3.0,
406,501197,Davison Carlin,9,8,19.9,5.0,1.0,1.0,0.0,
392,501197,J. Jenkins,8,9,34.4,8.0,3.0,0.0,2.0,
402,501197,Jackson Parker,9,8,39.53333333333333,27.0,9.0,10.0,4.0,
394,501197,K. Rasmussen,8,9,19.633333333333333,2.0,0.0,5.0,0.0,
395,501197,Kenyon Matthew,8,9,15.366666666666667,0.0,0.0,1.0,0.0,
399,501197,M. King,9,8,26.2,18.0,3.0,0.0,4.0,
404,501197,Mauriahoohoo-Leafa Izayah,9,8,5.166666666666667,0.0,1.0,0.0,0.0,
400,501197,Mennenga Samuel,9,8,31.816666666666666,14.0,5.0,4.0,0.0,
390,501197,N. Rakocevic,8,9,34.65,29.0,16.0,3.0,0.0,
405,501197,Noi Kouat,9,8,14.85,8.0,4.0,0.0,2.0,
397,501197,Rigoni Jacob,8,9,14.483333333333333,0.0,3.0,0.0,0.0,
403,501197,Rissetto Anzac,9,8,1.6166666666666667,0.0,0.0,0.0,0.0,
407,501197,T. Cooper,9,8,0.4666666666666667,0.0,0.0,0.0,0.0,
408,501197,Te Rangi Reuben,9,8,13.666666666666666,0.0,3.0,1.0,0.0,
398,501197,Vasiljevic Dejan,9,8,28.733333333333334,15.0,5.0,0.0,3.0,
396,501197,White Isaac,8,9,10.116666666666667,6.0,3.0,0.0,1.0,
420,501198,Anthony Cole,1,8,28.633333333333333,24.0,5.0,4.0,4.0,
418,501198,B. Griscti,8,1,3.5833333333333335,0.0,0.0,0.0,0.0,
428,501198,Bowen Kyle,1,8,11.75,8.0,1.0,0.0,1.0,
411,501198,Cheatham Zylan,8,1,32.766666666666666,8.0,6.0,8.0,0.0,
409,501198,Cotton Bryce,8,1,38.516666666666666,33.0,3.0,9.0,6.0,
419,501198,D. Williams,8,1,4.266666666666667,0.0,0.0,1.0,0.0,
426,501198,Ili Shea,1,8,16.966666666666665,0.0,2.0,6.0,0.0,
425,501198,Ingles Joe,1,8,21.6,11.0,4.0,4.0,1.0,
415,501198,J. Jenkins,8,1,24.116666666666667,10.0,0.0,1.0,3.0,
410,501198,K. Rasmussen,8,1,16.016666666666666,4.0,2.0,1.0,0.0,
416,501198,Kenyon Matthew,8,1,13.866666666666667,0.0,1.0,0.0,0.0,
429,501198,Krslovic Fabijan,1,8,18.15,4.0,3.0,1.0,0.0,
421,501198,Machar Malith,1,8,12.516666666666667,4.0,1.0,0.0,0.0,
413,501198,N. Rakocevic,8,1,33.06666666666667,33.0,14.0,2.0,0.0,
424,501198,Oduro Josh,1,8,18.55,16.0,2.0,1.0,0.0,
412,501198,Rigoni Jacob,8,1,23.483333333333334,3.0,1.0,1.0,1.0,
427,501198,T. Wilson,1,8,13.6,7.0,2.0,1.0,1.0,
422,501198,Travers Luke,1,8,29.983333333333334,16.0,7.0,4.0,3.0,
423,501198,Waardenburg Sam,1,8,28.25,6.0,4.0,3.0,0.0,
414,501198,Webster Corey,8,1,4.6,0.0,0.0,0.0,0.0,
417,501198,White Isaac,8,1,5.716666666666667,0.0,0.0,0.0,0.0,
438,501199,Bolden Jonah Anthony,3404,7,26.433333333333334,16.0,9.0,1.0,3.0,
433,501199,Brown Jaylon,3404,7,31.066666666666666,25.0,3.0,4.0,5.0,
437,501199,Bruce Shaun,3404,7,12.55,2.0,0.0,2.0,0.0,
435,501199,Galloway Kyrin,3404,7,17.383333333333333,2.0,2.0,3.0,0.0,
444,501199,H. Rouhliadeff,7,3404,13.4,0.0,0.0,0.0,0.0,
440,501199,Harrison Tyrrell,7,3404,27.666666666666668,23.0,18.0,0.0,0.0,
441,501199,Hinton Nate,7,3404,32.016666666666666,30.0,6.0,2.0,2.0,
445,501199,J. Holt,7,3404,11.95,7.0,3.0,0.0,1.0,
442,501199,J. Williams,7,3404,26.6,9.0,3.0,2.0,1.0,
436,501199,L. Paul,3404,7,11.116666666666667,2.0,0.0,0.0,0.0,
432,501199,M. Lewis,3404,7,29.933333333333334,15.0,5.0,2.0,2.0,
439,501199,M. Mackinnon,7,3404,31.483333333333334,9.0,13.0,5.0,2.0,
447,501199,Mayen Lat,7,3404,15.1,5.0,2.0,1.0,1.0,
431,501199,McVeigh Jack,3404,7,31.55,15.0,4.0,7.0,3.0,
446,501199,Norton Mitch,7,3404,8.383333333333333,0.0,0.0,0.0,0.0,
430,501199,Pinder Keanu,3404,7,24.483333333333334,12.0,9.0,5.0,0.0,
434,501199,R. Smith,3404,7,15.483333333333333,8.0,2.0,0.0,1.0,
443,501199,Velicka Arnas,7,3404,33.4,8.0,5.0,8.0,1.0,
459,501382,A. Widen,1216,1210,14.983333333333333,1.0,2.0,1.0,0.0,
452,501382,Day Allison,1210,1216,19.933333333333334,4.0,3.0,0.0,0.0,
453,501382,E. Broms,1210,1216,11.733333333333333,2.0,1.0,2.0,0.0,
462,501382,F. Berndtsson,1216,1210,22.45,4.0,2.0,1.0,0.0,
449,501382,Hedlund Sandra,1210,1216,20.933333333333334,5.0,1.0,1.0,1.0,
458,501382,I. Kaukopaasi,1216,1210,27.2,13.0,4.0,0.0,0.0,
448,501382,J. Persson,1210,1216,21.916666666666668,9.0,3.0,3.0,1.0,
455,501382,K. Almroth,1210,1216,18.633333333333333,11.0,4.0,2.0,3.0,
463,501382,K. Ladu,1216,1210,10.716666666666667,0.0,1.0,1.0,0.0,
454,501382,L. Nord,1210,1216,21.116666666666667,16.0,0.0,1.0,4.0,
460,501382,L. Stalgard,1216,1210,38.016666666666666,15.0,7.0,1.0,3.0,
457,501382,Lundgren Emma,1210,1216,21.0,14.0,12.0,7.0,2.0,
450,501382,M. Russell,1210,1216,24.833333333333332,19.0,6.0,4.0,2.0,
461,501382,P. Kulli Norlin,1216,1210,18.6,3.0,3.0,2.0,1.0,
456,501382,S. Strom,1210,1216,21.533333333333335,11.0,5.0,1.0,3.0,
451,501382,Wadling Fanny,1210,1216,18.366666666666667,14.0,10.0,7.0,0.0,
464,501383,A. Golob,3076,1209,17.166666666666668,10.0,4.0,3.0,0.0,
469,501383,E. Clase,3076,1209,10.0,2.0,2.0,0.0,0.0,
476,501383,E. Eriksson,1209,3076,11.983333333333333,2.0,1.0,1.0,0.0,
465,501383,E. Lofvenborg,3076,1209,29.083333333333332,16.0,6.0,3.0,1.0,
478,501383,E. Olsson,1209,3076,8.8,0.0,0.0,0.0,0.0,
472,501383,E. Olsson,3076,1209,13.533333333333333,5.0,2.0,1.0,1.0,
467,501383,Erlandsson Maja,3076,1209,14.833333333333334,11.0,1.0,2.0,1.0,
474,501383,G. Pereira,1209,3076,8.316666666666666,0.0,2.0,0.0,0.0,
466,501383,H. Gross,3076,1209,28.766666666666666,14.0,6.0,0.0,0.0,
470,501383,J. Valberg,3076,1209,4.516666666666667,0.0,0.0,0.0,0.0,
479,501383,L. Dahl,1209,3076,19.683333333333334,11.0,6.0,0.0,2.0,
473,501383,L. Noaksson,1209,3076,25.033333333333335,7.0,7.0,2.0,0.0,
471,501383,M. Strand,3076,1209,17.766666666666666,5.0,1.0,1.0,1.0,
468,501383,S. Klacker,3076,1209,4.033333333333333,3.0,0.0,1.0,0.0,
475,501383,S. Radonja,1209,3076,19.516666666666666,0.0,1.0,1.0,0.0,
477,501383,V. Bjork,1209,3076,6.233333333333333,0.0,2.0,0.0,0.0,
483,501385,A. Alexander,1215,1213,28.966666666666665,12.0,1.0,5.0,0.0,
485,501385,A. Dahl,1215,1213,3.3166666666666664,0.0,0.0,1.0,0.0,
487,501385,D. Taylor,1213,1215,31.116666666666667,23.0,9.0,3.0,3.0,
489,501385,E. Hjelle,1213,1215,21.533333333333335,3.0,2.0,2.0,0.0,
486,501385,E. Lundquist,1215,1213,6.233333333333333,0.0,1.0,1.0,0.0,
488,501385,Eldebrink Frida,1213,1215,32.61666666666667,18.0,4.0,3.0,3.0,
494,501385,Elias Patricia,1213,1215,10.716666666666667,7.0,1.0,2.0,1.0,
491,501385,K. Vres,1213,1215,6.8,3.0,0.0,0.0,1.0,
482,501385,Kantzy Amanda,1215,1213,36.2,13.0,8.0,2.0,1.0,
484,501385,L. Bolander,1215,1213,20.983333333333334,3.0,2.0,0.0,1.0,
490,501385,M. Gustafsson,1213,1215,35.3,4.0,3.0,2.0,0.0,
492,501385,M. Vartanian Svensson,1213,1215,8.8,0.0,0.0,0.0,0.0,
493,501385,S. Appell,1213,1215,7.683333333333334,0.0,0.0,0.0,0.0,
481,501385,S. Visscher,1215,1213,37.9,18.0,8.0,2.0,2.0,
480,501385,W. Sorensen,1215,1213,30.416666666666668,6.0,7.0,4.0,0.0,
512,501386,A. Krook,1179,1212,5.55,0.0,1.0,0.0,0.0,
507,501386,A. Mattsson,1179,1212,18.55,8.0,7.0,0.0,0.0,
501,501386,A. Vågerud,1212,1179,17.083333333333332,0.0,2.0,0.0,0.0,
503,501386,Borgh Eira,1179,1212,28.5,7.0,8.0,2.0,0.0,
508,501386,D. Jidah,1179,1212,11.066666666666666,0.0,1.0,0.0,0.0,
506,501386,E. Bexell,1179,1212,23.066666666666666,13.0,1.0,0.0,3.0,
495,501386,E. Olsson,1212,1179,25.466666666666665,13.0,3.0,1.0,0.0,
504,501386,E. Sjokvist,1179,1212,25.483333333333334,0.0,3.0,0.0,0.0,
502,501386,H. Hlynsdottir,1179,1212,20.033333333333335,3.0,2.0,4.0,0.0,
499,501386,I. Allberg,1212,1179,25.15,5.0,4.0,1.0,1.0,
509,501386,I. Larsson,1179,1212,17.3,14.0,4.0,3.0,2.0,
497,501386,L. Bajagilovic,1212,1179,28.033333333333335,10.0,5.0,8.0,3.0,
511,501386,L. Krook,1179,1212,7.816666666666666,3.0,1.0,0.0,0.0,
505,501386,L. Larsson,1179,1212,27.8,10.0,5.0,1.0,1.0,
496,501386,L. Nufer,1212,1179,28.333333333333332,26.0,8.0,7.0,2.0,
510,501386,M. Lindblom,1179,1212,14.85,4.0,1.0,1.0,0.0,
498,501386,T. Johansson,1212,1179,20.966666666666665,11.0,3.0,0.0,0.0,
500,501386,W. Falk,1212,1179,10.416666666666666,0.0,0.0,0.0,0.0,
514,501387,A. Tivenius,1208,1174,29.116666666666667,22.0,9.0,2.0,0.0,
513,501387,Ahlberg Matilda,1208,1174,31.766666666666666,14.0,6.0,4.0,3.0,
529,501387,B. Assefa,1174,1208,24.333333333333332,12.0,2.0,0.0,0.0,
523,501387,Brown Tiffany,1174,1208,32.7,14.0,5.0,7.0,2.0,
524,501387,C. Mertz,1174,1208,13.816666666666666,5.0,2.0,1.0,0.0,
522,501387,C. Uhrstrom,1174,1208,35.86666666666667,14.0,1.0,1.0,3.0,
526,501387,E. Centerstam,1174,1208,2.183333333333333,0.0,0.0,0.0,0.0,
515,501387,H. Haegerstrand,1208,1174,30.266666666666666,2.0,7.0,6.0,0.0,
518,501387,J. Stenberg,1208,1174,9.033333333333333,3.0,2.0,0.0,0.0,
525,501387,L. Gnesutta,1174,1208,17.483333333333334,9.0,1.0,1.0,1.0,
527,501387,L. Heldenius,1174,1208,1.9333333333333333,0.0,0.0,0.0,0.0,
528,501387,L. Holmgren,1174,1208,25.183333333333334,4.0,1.0,4.0,0.0,
517,501387,L. Rudin,1208,1174,8.7,1.0,1.0,0.0,0.0,
519,501387,P. Sorensen,1208,1174,9.166666666666666,0.0,2.0,1.0,0.0,
521,501387,S. Gavriilidou,1174,1208,29.433333333333334,13.0,5.0,1.0,1.0,
516,501387,W. Wendelius,1208,1174,22.216666666666665,6.0,5.0,1.0,0.0,
520,501387,Z. Sitancova,1208,1174,22.833333333333332,14.0,7.0,3.0,0.0,
544,501531,A. Pantelic,1546,3734,17.366666666666667,17.0,2.0,0.0,1.0,
549,501531,Armannsson Asmundur,1546,3734,19.183333333333334,7.0,3.0,0.0,0.0,
541,501531,Asgeirsson Adam,1546,3734,27.416666666666668,2.0,4.0,2.0,0.0,
533,501531,Basile Dedrick,3734,1546,26.116666666666667,13.0,6.0,10.0,1.0,
539,501531,Booker Frank,3734,1546,19.5,9.0,5.0,0.0,0.0,
540,501531,C. Lewis,3734,1546,0.7333333333333333,0.0,1.0,1.0,0.0,
538,501531,C. Pryor,3734,1546,13.816666666666666,2.0,1.0,1.0,0.0,
550,501531,D. Valgeirsson,1546,3734,0.7333333333333333,0.0,0.0,0.0,0.0,
535,501531,Jonsson Dui,3734,1546,17.55,10.0,1.0,4.0,0.0,
546,501531,Knezevic Nemanja,1546,3734,18.05,5.0,7.0,4.0,0.0,
534,501531,L. Gasic,3734,1546,28.2,21.0,4.0,3.0,1.0,
531,501531,Laksa Martins,3734,1546,27.583333333333332,21.0,2.0,1.0,3.0,
543,501531,M. Jackson,1546,3734,37.36666666666667,20.0,2.0,4.0,4.0,
542,501531,M. Joshua,1546,3734,31.533333333333335,14.0,11.0,2.0,1.0,
537,501531,Nathanaelsson Ragnar,3734,1546,0.7333333333333333,0.0,0.0,0.0,0.0,
536,501531,Palsson Haukur,3734,1546,14.25,2.0,5.0,1.0,0.0,
532,501531,Petursson Sigurdur,3734,1546,27.533333333333335,17.0,3.0,3.0,1.0,
547,501531,S. Adalsteinsson,1546,3734,0.7333333333333333,0.0,0.0,0.0,0.0,
545,501531,S. Birgisson,1546,3734,23.4,2.0,5.0,0.0,0.0,
530,501531,Semple Jordan,3734,1546,23.966666666666665,16.0,6.0,4.0,0.0,
548,501531,Trotter Obie,1546,3734,24.2,10.0,0.0,2.0,2.0,
564,501534,A. Hilmarsson,3172,6698,4.033333333333333,0.0,0.0,2.0,0.0,
558,501534,A. Hrafnsson,6698,3172,12.7,0.0,3.0,0.0,0.0,
556,501534,B. Halldorsson,6698,3172,25.7,19.0,0.0,1.0,3.0,
555,501534,B. Vujadinovic,6698,3172,26.9,10.0,2.0,3.0,2.0,
563,501534,D. Koljanin,3172,6698,35.56666666666667,18.0,7.0,5.0,1.0,
567,501534,F. Gerritsen,3172,6698,0.5166666666666667,0.0,0.0,0.0,0.0,
561,501534,H. Hjalmarsson,3172,6698,33.416666666666664,15.0,4.0,6.0,1.0,
552,501534,Hallsson Gisli Porarinn,6698,3172,33.0,11.0,2.0,2.0,3.0,
565,501534,Hjalmarsson Tomas Orri,3172,6698,6.083333333333333,2.0,2.0,1.0,0.0,
559,501534,Ingolfsson Kristjan Fannar,3172,6698,35.06666666666667,21.0,2.0,3.0,5.0,
566,501534,J. Bryant,3172,6698,11.533333333333333,2.0,2.0,0.0,0.0,
551,501534,K. Higgins,6698,3172,36.28333333333333,29.0,2.0,5.0,0.0,
560,501534,Kone Kevin,3172,6698,36.86666666666667,17.0,14.0,3.0,0.0,
553,501534,Lecesne Craig,6698,3172,21.85,12.0,6.0,0.0,0.0,
562,501534,M. Montez,3172,6698,36.916666666666664,22.0,4.0,4.0,4.0,
557,501534,M. Svansson,6698,3172,11.3,0.0,2.0,0.0,0.0,
554,501534,Meiers Martins,6698,3172,32.266666666666666,10.0,4.0,3.0,0.0,
568,501535,A. Freyr,656,652,31.916666666666668,18.0,12.0,0.0,3.0,
581,501535,Arnarson Hilmir,652,656,12.85,1.0,0.0,0.0,0.0,
575,501535,Bowen Cedrick,656,652,20.05,14.0,5.0,0.0,0.0,
576,501535,Henningsson Hilmar,652,656,31.416666666666668,19.0,4.0,6.0,0.0,
584,501535,Hjartarson Atli Hrafn,652,656,2.15,0.0,1.0,0.0,0.0,
582,501535,J. Leifsson,652,656,4.2,2.0,2.0,2.0,0.0,
583,501535,Jonsson Bjarni,652,656,18.583333333333332,3.0,2.0,0.0,1.0,
571,501535,K. Jonsson,656,652,34.55,10.0,3.0,8.0,2.0,
572,501535,Lautier-Ogunleye Dwayne,656,652,29.35,18.0,10.0,5.0,0.0,
570,501535,P. Bertone,656,652,31.4,17.0,2.0,2.0,1.0,
580,501535,Price Austin,652,656,27.4,6.0,5.0,1.0,2.0,
579,501535,Stajcic Milos,652,656,23.383333333333333,11.0,6.0,0.0,2.0,
569,501535,Stefansson Hjalmar,656,652,21.416666666666668,8.0,4.0,3.0,0.0,
577,501535,Steinarsson Aegir,652,656,31.466666666666665,2.0,5.0,4.0,0.0,
573,501535,Svavarsson Orri,656,652,24.75,4.0,1.0,1.0,0.0,
574,501535,Svavarsson Veigar,656,652,5.9,1.0,0.0,0.0,0.0,
578,501535,Urkis Amandas,652,656,31.483333333333334,21.0,7.0,1.0,1.0,
585,501535,V. J. Ludviksson,652,656,17.066666666666666,12.0,6.0,0.0,1.0,
592,501536,A. Grimsson,5671,650,18.483333333333334,12.0,3.0,0.0,3.0,
588,501536,A. Johansson,5671,650,22.666666666666668,13.0,2.0,3.0,0.0,
599,501536,B. Gudmundsson,650,5671,34.78333333333333,16.0,9.0,7.0,4.0,
598,501536,Brodnik Jaka,650,5671,21.383333333333333,16.0,5.0,3.0,0.0,
608,501536,Clark Daniel,650,5671,2.2333333333333334,0.0,0.0,0.0,0.0,
605,501536,E. Bardarson,650,5671,19.183333333333334,7.0,3.0,0.0,1.0,
594,501536,I. Baldursson,5671,650,10.55,5.0,2.0,1.0,1.0,
589,501536,I. Gudmundsson,5671,650,28.783333333333335,15.0,6.0,5.0,4.0,
602,501536,J. Chaplin,650,5671,32.71666666666667,28.0,7.0,0.0,4.0,
596,501536,J. Jonsson,5671,650,4.933333333333334,6.0,0.0,0.0,0.0,
593,501536,J. Kristbjarnarson,5671,650,7.183333333333334,6.0,3.0,0.0,0.0,
603,501536,J. Olafsson,650,5671,1.5,0.0,0.0,0.0,0.0,
587,501536,K. Hodges,5671,650,28.766666666666666,7.0,4.0,1.0,0.0,
595,501536,K. Kaldal,5671,650,10.366666666666667,0.0,0.0,0.0,0.0,
606,501536,Magnusson Jakob,650,5671,4.933333333333334,0.0,0.0,0.0,0.0,
591,501536,O. Bieshaar,5671,650,16.3,6.0,6.0,1.0,0.0,
601,501536,O. Gunnlaugsson,650,5671,20.166666666666668,6.0,2.0,1.0,2.0,
600,501536,Petursson Hilmar,650,5671,25.066666666666666,19.0,6.0,5.0,1.0,
607,501536,R. Jonaitis,650,5671,22.183333333333334,8.0,6.0,2.0,1.0,
586,501536,S. Jonasson,5671,650,20.35,9.0,3.0,2.0,1.0,
604,501536,Sigurdarson Frosti,650,5671,14.516666666666667,8.0,2.0,0.0,0.0,
609,501536,V. Sigurdsson,650,5671,1.3333333333333333,0.0,0.0,0.0,0.0,
597,501536,Valgeirsson Magnus,5671,650,8.866666666666667,0.0,4.0,0.0,0.0,
590,501536,Z. Jukic,5671,650,22.75,11.0,2.0,4.0,0.0,
611,501669,A. Beeman,658,659,37.5,22.0,8.0,12.0,2.0,
623,501669,A. Olafsdottir,659,658,13.55,6.0,1.0,1.0,2.0,
610,501669,Abdi Farhiya,658,659,30.716666666666665,14.0,8.0,3.0,1.0,
619,501669,Alexandersdottir Tinna,659,658,35.46666666666667,18.0,2.0,6.0,2.0,
615,501669,Bergvinsdottir Olof,658,659,5.133333333333334,0.0,0.0,0.0,0.0,
622,501669,E. Pavrette,659,658,23.7,12.0,6.0,1.0,1.0,
620,501669,Gisladottir Solrun Inga,659,658,30.333333333333332,3.0,1.0,3.0,1.0,
621,501669,J. Guinn,659,658,34.333333333333336,15.0,7.0,4.0,0.0,
625,501669,Jonudottir Agnes,659,658,5.333333333333333,0.0,0.0,0.0,0.0,
612,501669,Nystrom Ellen,658,659,24.8,10.0,9.0,1.0,1.0,
617,501669,Oladottir Olof,658,659,23.4,0.0,4.0,0.0,0.0,
616,501669,Olafsdottir Hulda,658,659,15.183333333333334,5.0,1.0,0.0,1.0,
624,501669,Petursdottir Rosa,659,658,23.05,9.0,4.0,0.0,1.0,
618,501669,S. Olafsdottir,659,658,34.233333333333334,8.0,13.0,5.0,0.0,
614,501669,Sigurdardottir Isabella,658,659,27.416666666666668,12.0,12.0,0.0,0.0,
613,501669,T. Graham,658,659,35.85,18.0,3.0,1.0,4.0,
629,501670,A. Grimsdottir,1549,661,31.816666666666666,5.0,15.0,3.0,0.0,
639,501670,A. Jonsdottir,661,1549,5.05,0.0,0.0,0.0,0.0,
635,501670,A. Siciliano,661,1549,36.61666666666667,23.0,5.0,4.0,3.0,
627,501670,Agnarsdottir Hulda Maria,1549,661,32.6,11.0,8.0,7.0,1.0,
636,501670,Agustsdottir Thelma,661,1549,32.85,7.0,4.0,4.0,1.0,
628,501670,B. Dinkins,1549,661,40.0,36.0,3.0,4.0,1.0,
633,501670,Bjork Logadottir Sara,1549,661,11.9,1.0,0.0,1.0,0.0,
626,501670,E. Theodorsson,1549,661,28.733333333333334,7.0,7.0,0.0,0.0,
634,501670,Gunnarsdottir Emelia,661,1549,28.45,4.0,4.0,3.0,0.0,
641,501670,H. Halldorsdottir,661,1549,7.95,2.0,1.0,1.0,0.0,
638,501670,H. Little,661,1549,35.516666666666666,27.0,12.0,3.0,0.0,
630,501670,H. Rafnsdottir,1549,661,25.8,18.0,2.0,2.0,2.0,
632,501670,Magnusdottir Krista,1549,661,21.333333333333332,3.0,2.0,0.0,1.0,
637,501670,Svansdottir Anna,661,1549,35.03333333333333,8.0,3.0,0.0,2.0,
631,501670,Sverrisdottir Alexandra,1549,661,7.816666666666666,2.0,0.0,0.0,0.0,
640,501670,Vignisdottir Anna,661,1549,18.533333333333335,8.0,2.0,2.0,1.0,
659,501671,B. Benediktsdottir,7451,1548,23.2,3.0,4.0,1.0,1.0,
650,501671,B. Oladottir,1548,7451,22.366666666666667,5.0,5.0,2.0,1.0,
660,501671,B. Snorradottir,7451,1548,15.033333333333333,0.0,0.0,0.0,0.0,
653,501671,D. Battles,7451,1548,37.8,21.0,5.0,6.0,3.0,
644,501671,D. Larusdottir,1548,7451,17.216666666666665,10.0,4.0,0.0,1.0,
654,501671,E. E. Falenzcyk,7451,1548,26.783333333333335,14.0,8.0,2.0,1.0,
646,501671,E. Eliasdottir,1548,7451,35.11666666666667,19.0,5.0,7.0,1.0,
652,501671,E. Oladottir,1548,7451,6.216666666666667,2.0,1.0,0.0,0.0,
651,501671,E. Olafsdottir,1548,7451,17.416666666666668,4.0,0.0,1.0,0.0,
656,501671,Einarsdottir Ragnheidur,7451,1548,28.033333333333335,7.0,0.0,1.0,1.0,
647,501671,F. Freysdottir,1548,7451,10.866666666666667,3.0,0.0,0.0,1.0,
655,501671,J. Karlsdottir,7451,1548,37.266666666666666,10.0,6.0,6.0,3.0,
657,501671,M. Sirovina,7451,1548,28.616666666666667,7.0,7.0,1.0,0.0,
649,501671,Magnusdottir Isabella,1548,7451,0.8333333333333334,0.0,1.0,0.0,0.0,
658,501671,R. Gretarsdottir,7451,1548,0.0,0.0,0.0,0.0,0.0,
661,501671,S. Agustsdottir,7451,1548,3.2666666666666666,0.0,0.0,0.0,0.0,
643,501671,S. Almqvist,1548,7451,30.483333333333334,13.0,11.0,6.0,1.0,
645,501671,Svansdottir Agnes,1548,7451,29.683333333333334,9.0,3.0,3.0,3.0,
648,501671,V. Alexanderdottir,1548,7451,0.8333333333333334,0.0,0.0,0.0,0.0,
642,501671,X. Dyer,1548,7451,28.766666666666666,15.0,16.0,1.0,0.0,
669,501672,A. A. Pittsova,660,664,34.05,11.0,7.0,7.0,0.0,
664,501672,A. Cerino,664,660,39.333333333333336,27.0,7.0,3.0,6.0,
675,501672,A. Magnusdottir,660,664,6.366666666666666,0.0,0.0,1.0,0.0,
674,501672,B. Juliusdottir,660,664,2.9833333333333334,0.0,0.0,0.0,0.0,
667,501672,B. Magnusdottir,664,660,12.233333333333333,0.0,4.0,0.0,0.0,
662,501672,D. Crnac,664,660,31.516666666666666,12.0,3.0,2.0,0.0,
671,501672,D. Lawrence,660,664,32.03333333333333,21.0,8.0,3.0,2.0,
677,501672,E. Hjordisardottir,660,664,17.4,3.0,1.0,1.0,1.0,
678,501672,K. Kjartansdottir,660,664,0.8166666666666667,0.0,0.0,0.0,0.0,
668,501672,M. Ball,664,660,16.983333333333334,0.0,0.0,1.0,0.0,
670,501672,Olafsdottir Kristrun,660,664,29.2,2.0,3.0,4.0,0.0,
676,501672,P. Johannsdottir,660,664,10.15,0.0,2.0,0.0,0.0,
673,501672,R. Steingrimsdottir,660,664,35.233333333333334,25.0,9.0,2.0,0.0,
666,501672,R. Stone,664,660,38.833333333333336,22.0,2.0,7.0,2.0,
679,501672,R. Thorvaldsdottir,660,664,0.8166666666666667,0.0,0.0,0.0,0.0,
665,501672,S. Boama,664,660,30.933333333333334,2.0,7.0,1.0,0.0,
672,501672,S. Hinriksdottir,660,664,30.95,22.0,5.0,1.0,3.0,
663,501672,T. Hodge-Carr,664,660,30.166666666666668,5.0,3.0,0.0,0.0,
689,501904,A. Jancur,2631,3625,14.5,3.0,4.0,2.0,1.0,
696,501904,A. Knezour,3625,2631,14.0,0.0,1.0,0.0,0.0,
690,501904,A. Mikulas,3625,2631,22.7,8.0,4.0,3.0,0.0,
680,501904,D. Skranc,2631,3625,31.433333333333334,8.0,2.0,8.0,2.0,
682,501904,D. Stepan,2631,3625,24.616666666666667,4.0,11.0,3.0,0.0,
692,501904,H. Lejsek,3625,2631,23.766666666666666,8.0,6.0,3.0,2.0,
694,501904,J. Blasko,3625,2631,16.783333333333335,4.0,2.0,0.0,0.0,
697,501904,J. Ptacek,3625,2631,24.166666666666668,24.0,5.0,1.0,2.0,
687,501904,K. Bata,2631,3625,17.166666666666668,6.0,4.0,0.0,0.0,
681,501904,L. Kanturek,2631,3625,33.15,21.0,2.0,5.0,1.0,
686,501904,M. Jaros,2631,3625,2.5833333333333335,4.0,1.0,0.0,0.0,
693,501904,O. Bilek,3625,2631,31.75,8.0,4.0,3.0,2.0,
685,501904,P. Andres,2631,3625,16.7,3.0,1.0,1.0,1.0,
691,501904,P. Stovicek,3625,2631,30.866666666666667,13.0,7.0,0.0,0.0,
699,501904,S. Horak,3625,2631,11.533333333333333,0.0,0.0,1.0,0.0,
698,501904,S. Kalhous,3625,2631,2.25,0.0,0.0,0.0,0.0,
688,501904,Srnik Adam,2631,3625,10.9,0.0,2.0,3.0,0.0,
695,501904,T. Vlcek,3625,2631,22.183333333333334,0.0,5.0,4.0,0.0,
683,501904,Tkadlec Tomas,2631,3625,27.9,14.0,1.0,3.0,2.0,
684,501904,V. Kalny,2631,3625,21.05,13.0,9.0,1.0,0.0,
710,501907,A. Walton,1460,2614,24.4,10.0,1.0,4.0,1.0,
712,501907,C. Miller Jackson,1460,2614,21.066666666666666,12.0,11.0,3.0,1.0,
717,501907,D. Nosek,1460,2614,15.183333333333334,4.0,0.0,0.0,1.0,
718,501907,G. Dumbadze,1460,2614,8.55,6.0,1.0,0.0,2.0,
709,501907,I. Kaverin,2614,1460,25.116666666666667,12.0,5.0,3.0,1.0,
704,501907,J. Hojdar,2614,1460,24.016666666666666,2.0,6.0,2.0,0.0,
702,501907,J. Pluhar,2614,1460,21.55,4.0,2.0,3.0,0.0,
720,501907,J. Simonek,1460,2614,19.9,5.0,5.0,2.0,1.0,
708,501907,J. Skala,2614,1460,14.266666666666667,2.0,3.0,0.0,0.0,
711,501907,J. Zvolanek,1460,2614,19.15,3.0,4.0,1.0,1.0,
707,501907,M. Stafl,2614,1460,14.316666666666666,1.0,7.0,2.0,0.0,
716,501907,M. Zvolanek,1460,2614,24.966666666666665,15.0,7.0,1.0,0.0,
715,501907,O. Klement,1460,2614,19.583333333333332,6.0,9.0,1.0,0.0,
713,501907,S. Borovka,1460,2614,20.466666666666665,13.0,5.0,2.0,3.0,
703,501907,S. Vlcek,2614,1460,17.816666666666666,2.0,4.0,2.0,0.0,
719,501907,T. Amol Ayei Thong,1460,2614,2.283333333333333,0.0,1.0,1.0,0.0,
706,501907,T. Bim,2614,1460,17.783333333333335,2.0,2.0,0.0,0.0,
701,501907,T. Folta,2614,1460,25.716666666666665,9.0,5.0,2.0,1.0,
700,501907,T. Stibor,2614,1460,25.7,7.0,2.0,0.0,1.0,
705,501907,V. Korinek,2614,1460,13.733333333333333,7.0,1.0,0.0,0.0,
714,501907,Zejdl Matej,1460,2614,20.416666666666668,12.0,6.0,0.0,0.0,
723,501910,A. Ivanek,2615,2633,24.316666666666666,5.0,3.0,1.0,0.0,
736,501910,J. Hlobil,2633,2615,17.4,7.0,6.0,1.0,0.0,
722,501910,J. Kelar,2615,2633,16.85,7.0,2.0,0.0,1.0,
731,501910,J. Micka,2633,2615,24.233333333333334,2.0,8.0,3.0,0.0,
735,501910,Jakel David,2633,2615,19.7,7.0,2.0,1.0,1.0,
737,501910,Jedovnicky Michal,2633,2615,9.516666666666667,0.0,0.0,0.0,0.0,
730,501910,Krakovic Jakub,2633,2615,28.85,7.0,8.0,4.0,0.0,
734,501910,Krutilek Jan,2633,2615,19.733333333333334,6.0,3.0,1.0,0.0,
726,501910,Kvapil Miroslav,2615,2633,22.066666666666666,14.0,8.0,2.0,1.0,
727,501910,L. Bukovjan,2615,2633,15.45,7.0,2.0,3.0,2.0,
724,501910,M. Snopek,2615,2633,26.583333333333332,8.0,7.0,3.0,0.0,
733,501910,Musil Jonas,2633,2615,29.466666666666665,8.0,4.0,3.0,0.0,
738,501910,Nehoda David,2633,2615,20.183333333333334,7.0,1.0,2.0,1.0,
729,501910,S. Cermak,2615,2633,13.5,6.0,2.0,0.0,0.0,
728,501910,S. Svoboda,2615,2633,23.066666666666666,5.0,1.0,1.0,0.0,
732,501910,T. Jansa,2633,2615,30.916666666666668,26.0,3.0,2.0,6.0,
725,501910,V. Bujnoch,2615,2633,33.61666666666667,14.0,13.0,2.0,2.0,
721,501910,Z. Jakubu,2615,2633,24.55,10.0,4.0,4.0,1.0,
752,501912,A. Gevorkyan,3627,6027,30.516666666666666,8.0,10.0,0.0,0.0,
743,501912,D. Fait,6027,3627,25.4,22.0,7.0,0.0,2.0,
741,501912,D. Olejnik,6027,3627,20.3,9.0,4.0,0.0,1.0,
744,501912,D. Randuska,6027,3627,23.916666666666668,19.0,4.0,6.0,1.0,
739,501912,J. Jaros,6027,3627,16.45,0.0,7.0,1.0,0.0,
756,501912,J. Kukacka,3627,6027,5.383333333333334,0.0,1.0,0.0,0.0,
747,501912,J. Ourednik,6027,3627,25.216666666666665,8.0,5.0,2.0,1.0,
751,501912,Kolar Adam,3627,6027,40.0,19.0,2.0,5.0,1.0,
750,501912,Kolar Martin,3627,6027,38.7,17.0,13.0,5.0,2.0,
742,501912,L. Festr,6027,3627,26.3,17.0,4.0,4.0,5.0,
753,501912,M. Kashpirovskyi,3627,6027,13.783333333333333,5.0,2.0,0.0,0.0,
748,501912,M. Prokysek,6027,3627,6.65,5.0,1.0,1.0,1.0,
740,501912,M. Taussig,6027,3627,24.166666666666668,10.0,3.0,5.0,2.0,
749,501912,O. Kulenovic,6027,3627,4.033333333333333,0.0,3.0,0.0,0.0,
746,501912,T. Belohradsky,6027,3627,5.45,2.0,1.0,0.0,0.0,
754,501912,T. Stanko,3627,6027,40.0,27.0,5.0,3.0,5.0,
745,501912,V. Primak,6027,3627,22.116666666666667,6.0,6.0,1.0,0.0,
772,502833,A. Ciz,445,449,14.8,8.0,0.0,1.0,2.0,
775,502833,A. Ivanek,445,449,6.416666666666667,5.0,0.0,0.0,1.0,
765,502833,A. Lukes,449,445,25.716666666666665,5.0,1.0,4.0,0.0,
769,502833,A. Screen,445,449,27.466666666666665,23.0,7.0,0.0,1.0,
768,502833,Belikov Olexandr,445,449,21.683333333333334,9.0,5.0,0.0,0.0,
773,502833,D. Heinzl,445,449,8.2,0.0,2.0,1.0,0.0,
770,502833,E. Howlin,445,449,29.7,10.0,1.0,5.0,1.0,
766,502833,J. Bryant,449,445,18.0,16.0,2.0,8.0,0.0,
763,502833,K. Svrdlik,449,445,13.466666666666667,12.0,4.0,1.0,0.0,
757,502833,Kovar Lubos,449,445,15.516666666666667,3.0,2.0,1.0,1.0,
771,502833,Lomax Alex,445,449,32.4,14.0,2.0,5.0,0.0,
774,502833,M. Svoboda,445,449,27.95,15.0,4.0,5.0,4.0,
776,502833,P. Czudek,445,449,3.5,0.0,0.0,0.0,0.0,
767,502833,Palyza Lukas,445,449,27.883333333333333,14.0,2.0,2.0,2.0,
760,502833,R. Bonham,449,445,24.583333333333332,26.0,3.0,7.0,4.0,
758,502833,R. Moffatt,449,445,30.75,13.0,8.0,1.0,3.0,
761,502833,Stampley Nick,449,445,23.166666666666668,12.0,4.0,0.0,2.0,
762,502833,Tuma Jakub,449,445,11.933333333333334,3.0,2.0,2.0,1.0,
764,502833,Vlk Dalibor,449,445,10.333333333333334,8.0,2.0,0.0,2.0,
759,502833,Z. Key,449,445,26.533333333333335,12.0,8.0,0.0,0.0,
785,502834,A. Jancur,443,7901,7.016666666666667,1.0,2.0,0.0,0.0,
777,502834,B. McLaurin,443,7901,29.966666666666665,10.0,3.0,0.0,1.0,
786,502834,Bohacik Jaromir,7901,443,20.05,17.0,3.0,4.0,3.0,
797,502834,Bohm David,7901,443,14.966666666666667,6.0,4.0,1.0,0.0,
780,502834,C. Ashby,443,7901,33.766666666666666,12.0,3.0,0.0,4.0,
782,502834,E. Cortesao,443,7901,30.016666666666666,6.0,5.0,4.0,2.0,
779,502834,E. Morgan,443,7901,27.2,14.0,1.0,3.0,4.0,
794,502834,Hruban Vojtech,7901,443,12.766666666666667,5.0,2.0,3.0,1.0,
778,502834,J. Banks,443,7901,29.733333333333334,12.0,5.0,5.0,1.0,
793,502834,J. Mc Collum,7901,443,18.433333333333334,14.0,4.0,3.0,1.0,
784,502834,Kolar Adam,443,7901,13.95,8.0,3.0,2.0,2.0,
795,502834,Kriz Martin,7901,443,21.25,15.0,3.0,1.0,3.0,
790,502834,M. Brown,7901,443,18.916666666666668,6.0,9.0,0.0,0.0,
788,502834,N. Owusu-Anane,7901,443,18.75,3.0,8.0,3.0,1.0,
792,502834,R. Mrazek,7901,443,5.75,0.0,0.0,0.0,0.0,
787,502834,R. Segu,7901,443,21.566666666666666,12.0,2.0,6.0,2.0,
783,502834,R. Vejrazka,443,7901,1.2833333333333332,0.0,0.0,0.0,0.0,
791,502834,Rylich Frantisek,7901,443,17.583333333333332,8.0,0.0,1.0,2.0,
789,502834,Samoura Patrick,7901,443,13.7,2.0,3.0,2.0,0.0,
781,502834,T. Dvorak,443,7901,27.066666666666666,12.0,5.0,1.0,1.0,
796,502834,T. Harper,7901,443,16.266666666666666,13.0,6.0,0.0,1.0,
808,502835,Chargois Ethan,448,2618,14.05,4.0,2.0,1.0,0.0,
819,502835,D. Thurnwald,2618,448,8.55,3.0,1.0,0.0,1.0,
807,502835,E. Tucker,448,2618,19.85,21.0,1.0,1.0,0.0,
811,502835,J. D. Nicholas,2618,448,24.783333333333335,8.0,5.0,3.0,1.0,
809,502835,J. Kojzar,2618,448,24.466666666666665,8.0,7.0,1.0,0.0,
814,502835,J. Matusik,2618,448,18.05,8.0,2.0,0.0,2.0,
798,502835,J. Montgomery,448,2618,26.85,5.0,0.0,3.0,0.0,
818,502835,J. Ourednik,2618,448,1.1833333333333333,0.0,0.0,0.0,0.0,
813,502835,J. Paidar,2618,448,31.616666666666667,15.0,1.0,2.0,3.0,
810,502835,J. Palenik,2618,448,27.183333333333334,11.0,1.0,1.0,3.0,
805,502835,Kavan Krystof,448,2618,11.6,5.0,1.0,1.0,0.0,
801,502835,Kouril Radovan,448,2618,14.666666666666666,0.0,2.0,3.0,0.0,
816,502835,M. Strelba,2618,448,9.266666666666667,0.0,0.0,3.0,0.0,
817,502835,O. Eyisi,2618,448,14.35,6.0,7.0,0.0,0.0,
802,502835,S. Pursl,448,2618,20.15,23.0,6.0,1.0,0.0,
806,502835,Sirina Jakub,448,2618,12.033333333333333,2.0,0.0,3.0,0.0,
804,502835,Slavik Jakub,448,2618,20.0,10.0,6.0,2.0,0.0,
799,502835,Svandrlik Jan,448,2618,22.633333333333333,10.0,5.0,0.0,2.0,
800,502835,Svoboda Matej,448,2618,19.35,8.0,7.0,1.0,2.0,
812,502835,T. D'Amico,2618,448,32.166666666666664,23.0,5.0,2.0,6.0,
815,502835,V. Honomichl,2618,448,8.383333333333333,0.0,1.0,1.0,0.0,
803,502835,Vyroubal Marek,448,2618,18.816666666666666,4.0,2.0,1.0,0.0,
828,502836,J. Soldan,451,4919,2.6166666666666667,0.0,1.0,0.0,0.0,
838,502836,J. Svoboda,4919,451,20.55,5.0,1.0,5.0,1.0,
837,502836,J. Zvolanek,4919,451,4.783333333333333,2.0,1.0,1.0,0.0,
836,502836,Jezek Matyas,4919,451,18.116666666666667,9.0,3.0,2.0,1.0,
823,502836,K. Doucet,451,4919,33.733333333333334,36.0,8.0,4.0,5.0,
830,502836,Karlovsky Jan,4919,451,25.6,21.0,1.0,2.0,2.0,
820,502836,Kyzlink Tomas,451,4919,31.783333333333335,16.0,10.0,5.0,4.0,
833,502836,M. Cank,4919,451,21.416666666666668,6.0,2.0,1.0,0.0,
824,502836,M. Christmas,451,4919,27.45,18.0,2.0,1.0,0.0,
832,502836,M. Svoboda,4919,451,32.766666666666666,16.0,4.0,2.0,0.0,
821,502836,Machac Petr,451,4919,18.333333333333332,0.0,4.0,0.0,0.0,
835,502836,O. Klement,4919,451,7.883333333333333,4.0,3.0,1.0,0.0,
825,502836,P. Auda,451,4919,17.6,10.0,0.0,0.0,0.0,
829,502836,P. Slechta,4919,451,27.616666666666667,14.0,3.0,3.0,3.0,
826,502836,Safarik Matej,451,4919,23.75,15.0,4.0,4.0,1.0,
834,502836,Slowiak Tadeas,4919,451,20.4,6.0,1.0,4.0,0.0,
827,502836,Svec Ondrej,451,4919,21.4,10.0,3.0,1.0,1.0,
831,502836,V. Sykora,4919,451,20.866666666666667,6.0,6.0,2.0,2.0,
822,502836,X. Johnson,451,4919,23.333333333333332,0.0,2.0,7.0,0.0,
839,502837,Autrey Lamb,447,442,36.8,6.0,5.0,2.0,0.0,
842,502837,E. Garita,447,442,27.216666666666665,7.0,5.0,0.0,0.0,
860,502837,E. Timko,442,447,27.25,12.0,1.0,2.0,1.0,
847,502837,Hinckson Christian Matthew,447,442,14.583333333333334,7.0,3.0,1.0,2.0,
852,502837,J. Gabriel,442,447,16.15,1.0,0.0,1.0,0.0,
857,502837,J. Kristan,442,447,12.966666666666667,4.0,5.0,0.0,0.0,
845,502837,J. Oupoh,447,442,11.483333333333333,0.0,3.0,0.0,0.0,
848,502837,M. Balint,447,442,12.633333333333333,4.0,0.0,1.0,0.0,
846,502837,M. Bates,447,442,16.55,2.0,8.0,0.0,0.0,
859,502837,M. Grazulis,442,447,16.516666666666666,14.0,7.0,1.0,0.0,
855,502837,M. Grill,442,447,6.633333333333333,0.0,1.0,0.0,0.0,
858,502837,M. Houska,442,447,18.583333333333332,10.0,5.0,3.0,1.0,
856,502837,M. Kucirek,442,447,4.55,0.0,0.0,0.0,0.0,
851,502837,O. Zizka,442,447,8.333333333333334,3.0,4.0,0.0,0.0,
854,502837,Pomikalek Tomas,442,447,19.416666666666668,2.0,6.0,2.0,0.0,
844,502837,Pulpan Marek,447,442,1.8,0.0,1.0,0.0,0.0,
840,502837,Siska Ondrej,447,442,20.633333333333333,6.0,1.0,4.0,1.0,
850,502837,Sterba Jan,442,447,22.766666666666666,9.0,5.0,1.0,3.0,
849,502837,T. Vyoral,442,447,23.483333333333334,10.0,2.0,4.0,3.0,
843,502837,Williams Asa Nathaniel,447,442,31.75,12.0,3.0,1.0,1.0,
853,502837,Z. Mortant,442,447,23.35,11.0,1.0,1.0,1.0,
841,502837,Zak Dominik,447,442,26.566666666666666,7.0,0.0,1.0,0.0,
879,502838,A. Placek,441,452,1.5666666666666667,0.0,0.0,1.0,0.0,
861,502838,C. Polynice,452,441,21.75,14.0,5.0,1.0,0.0,
864,502838,F. Kabrt,452,441,16.233333333333334,5.0,3.0,1.0,0.0,
871,502838,Farsky Radek,441,452,21.05,3.0,1.0,0.0,0.0,
862,502838,J. McGhee,452,441,31.733333333333334,27.0,5.0,5.0,2.0,
865,502838,J. Potocek,452,441,20.316666666666666,2.0,0.0,0.0,0.0,
881,502838,J. Urda,441,452,1.5666666666666667,0.0,0.0,0.0,0.0,
873,502838,J. Webb,441,452,28.616666666666667,16.0,8.0,1.0,1.0,
863,502838,K. Langley,452,441,25.333333333333332,15.0,4.0,5.0,1.0,
878,502838,Krivanek Petr,441,452,22.3,7.0,4.0,3.0,1.0,
876,502838,M. Cech,441,452,1.5666666666666667,0.0,0.0,0.0,0.0,
867,502838,N. Lane,452,441,23.25,5.0,1.0,0.0,0.0,
869,502838,Pecka Ladislav,452,441,20.716666666666665,7.0,9.0,0.0,2.0,
872,502838,Pulpan Viktor,441,452,35.11666666666667,10.0,6.0,5.0,2.0,
866,502838,R. Blackwell,452,441,23.45,7.0,6.0,0.0,0.0,
875,502838,Rychtecky Matej,441,452,18.65,4.0,7.0,2.0,0.0,
870,502838,Stranel Milan Tomas,441,452,19.5,5.0,7.0,2.0,1.0,
877,502838,Svoboda Simon,441,452,21.8,7.0,3.0,0.0,1.0,
874,502838,V. Ivanek,441,452,8.4,3.0,2.0,0.0,1.0,
880,502838,V. Synacek,441,452,19.866666666666667,13.0,1.0,0.0,2.0,
868,502838,Zikla David,452,441,17.216666666666665,0.0,1.0,0.0,0.0,
885,502951,A. Orr,88,2518,38.4,14.0,12.0,5.0,0.0,
892,502951,F. Koeppel,2518,88,20.75,6.0,1.0,2.0,2.0,
889,502951,Fazekas Csaba,88,2518,29.7,8.0,3.0,4.0,2.0,
886,502951,Hadzifejzovic Sead,88,2518,27.25,27.0,6.0,1.0,1.0,
897,502951,J. Anderson,2518,88,25.083333333333332,13.0,0.0,2.0,1.0,
883,502951,J. Szkutta,88,2518,35.61666666666667,7.0,4.0,11.0,1.0,
882,502951,K. Sauer,88,2518,17.25,3.0,1.0,2.0,0.0,
888,502951,L. Knor,88,2518,1.8666666666666667,0.0,0.0,0.0,0.0,
890,502951,L. Wise,2518,88,33.56666666666667,20.0,5.0,5.0,2.0,
887,502951,M. Goranovic,88,2518,11.683333333333334,6.0,1.0,0.0,0.0,
896,502951,M. Williams,2518,88,26.566666666666666,23.0,5.0,2.0,1.0,
899,502951,N. Tolly,2518,88,,1.0,1.0,0.0,0.0,
895,502951,N. Weinhandl,2518,88,1.7666666666666666,0.0,0.0,0.0,0.0,
893,502951,R. Poljak,2518,88,18.866666666666667,2.0,1.0,3.0,0.0,
884,502951,R. Williams,88,2518,38.233333333333334,28.0,2.0,3.0,3.0,
891,502951,S. Kaferle,2518,88,30.85,4.0,1.0,9.0,0.0,
898,502951,Scott Nathan,2518,88,17.683333333333334,2.0,1.0,0.0,0.0,
894,502951,V. Searls,2518,88,24.866666666666667,16.0,6.0,2.0,2.0,
903,502952,B. Taylor,2520,2522,24.55,20.0,4.0,2.0,0.0,
916,502952,C. von Fintel,2522,2520,21.65,3.0,1.0,0.0,1.0,
912,502952,D. Bjeletic,2522,2520,18.35,6.0,7.0,0.0,0.0,
902,502952,D. Hofstadter,2520,2522,22.616666666666667,7.0,0.0,3.0,0.0,
914,502952,D. Kovacevic,2522,2520,17.8,7.0,5.0,1.0,1.0,
909,502952,E. Dietz,2520,2522,12.166666666666666,2.0,3.0,0.0,0.0,
915,502952,E. Jakupovic,2522,2520,25.016666666666666,18.0,2.0,3.0,1.0,
920,502952,E. Javaragic,2522,2520,11.983333333333333,0.0,1.0,1.0,0.0,
907,502952,E. Patekar,2520,2522,20.4,4.0,5.0,2.0,0.0,
900,502952,J. Hill,2520,2522,20.183333333333334,12.0,6.0,0.0,1.0,
918,502952,L. Dittrich,2522,2520,7.3,0.0,2.0,0.0,0.0,
919,502952,L. Lasinger,2522,2520,6.966666666666667,0.0,1.0,0.0,0.0,
905,502952,M. Bitkin,2520,2522,11.416666666666666,3.0,2.0,2.0,1.0,
921,502952,M. Diouf,2522,2520,18.95,3.0,6.0,0.0,0.0,
904,502952,M. Mailath-Pokorny,2520,2522,14.533333333333333,7.0,7.0,0.0,0.0,
901,502952,M. Stevenson,2520,2522,21.933333333333334,19.0,6.0,6.0,2.0,
911,502952,M. Toth,2520,2522,6.566666666666666,5.0,2.0,0.0,0.0,
906,502952,N. Kress,2520,2522,14.383333333333333,7.0,1.0,4.0,0.0,
908,502952,N. Schonerstedt,2520,2522,10.466666666666667,2.0,1.0,0.0,0.0,
923,502952,Narvilas Matas,2522,2520,19.183333333333334,6.0,2.0,1.0,0.0,
917,502952,P. Lammer,2522,2520,2.75,2.0,1.0,0.0,0.0,
922,502952,S. Gil,2522,2520,23.816666666666666,4.0,2.0,1.0,0.0,
910,502952,T. Gadsden Jr,2520,2522,20.783333333333335,15.0,4.0,2.0,1.0,
913,502952,Z. Laput,2522,2520,26.233333333333334,12.0,2.0,1.0,2.0,
929,502953,A. Rankovic,2517,2519,1.35,0.0,0.0,0.0,0.0,
925,502953,B. Blazevic,2517,2519,29.233333333333334,6.0,6.0,1.0,0.0,
938,502953,C. K. Young,2519,2517,27.433333333333334,7.0,6.0,3.0,1.0,
932,502953,C. Paar,2519,2517,22.65,16.0,7.0,1.0,0.0,
935,502953,C. Wells,2519,2517,29.95,9.0,7.0,0.0,1.0,
937,502953,D. Demirel,2519,2517,12.733333333333333,4.0,4.0,1.0,0.0,
933,502953,D. Friedrich,2519,2517,34.43333333333333,25.0,3.0,11.0,1.0,
939,502953,D. Moore,2519,2517,19.683333333333334,3.0,3.0,0.0,1.0,
936,502953,J. Lohr,2519,2517,31.816666666666666,14.0,7.0,1.0,2.0,
930,502953,L. Reichle,2517,2519,24.2,2.0,1.0,2.0,0.0,
931,502953,M. Horvath,2517,2519,10.433333333333334,6.0,1.0,0.0,2.0,
927,502953,M. Willis,2517,2519,30.716666666666665,14.0,12.0,0.0,0.0,
934,502953,M. Zapf,2519,2517,21.3,2.0,1.0,2.0,0.0,
924,502953,N. Zeleznik,2517,2519,34.15,15.0,2.0,6.0,3.0,
926,502953,T. Broadnax,2517,2519,34.666666666666664,24.0,5.0,2.0,3.0,
928,502953,Vranes Milos,2517,2519,35.25,8.0,3.0,0.0,0.0,
959,502954,A. Derado,2515,2516,6.166666666666667,0.0,0.0,0.0,0.0,
960,502954,C. Barnes,2515,2516,26.7,9.0,0.0,1.0,2.0,
946,502954,D. Grgic,2516,2515,26.1,16.0,4.0,2.0,2.0,
948,502954,D. Koppel,2516,2515,18.866666666666667,10.0,2.0,0.0,0.0,
953,502954,D. Marquett Epps,2515,2516,31.666666666666668,15.0,3.0,3.0,1.0,
945,502954,D. Votsch,2516,2515,1.7333333333333334,0.0,0.0,0.0,0.0,
940,502954,Darko-Kelly Zaccheus,2516,2515,33.63333333333333,23.0,6.0,4.0,3.0,
942,502954,J. Cooper,2516,2515,28.466666666666665,26.0,7.0,1.0,2.0,
951,502954,J. Guerra,2515,2516,28.716666666666665,4.0,2.0,3.0,0.0,
954,502954,J. Knessl,2515,2516,28.0,11.0,1.0,1.0,2.0,
950,502954,J. McCaw,2516,2515,6.9,0.0,0.0,1.0,0.0,
952,502954,J. Shackleford,2515,2516,32.46666666666667,21.0,8.0,2.0,0.0,
947,502954,M. Bajramovic,2516,2515,1.7333333333333334,0.0,0.0,0.0,0.0,
958,502954,M. Gauster,2515,2516,7.066666666666666,0.0,0.0,0.0,0.0,
955,502954,M. Richards,2515,2516,16.766666666666666,4.0,2.0,0.0,0.0,
941,502954,M. Wilkinson,2516,2515,28.4,16.0,7.0,1.0,2.0,
943,502954,N. Krstic,2516,2515,17.9,2.0,2.0,1.0,0.0,
956,502954,N. Michael,2515,2516,5.45,2.0,0.0,0.0,0.0,
957,502954,V. Pasterk,2515,2516,17.0,6.0,1.0,3.0,1.0,
944,502954,V. Zotov,2516,2515,33.03333333333333,3.0,4.0,10.0,0.0,
949,502954,Z. Vincze,2516,2515,3.2333333333333334,0.0,0.0,0.0,0.0,
978,502955,A. Atasoy,1406,2521,9.416666666666666,0.0,1.0,0.0,0.0,
966,502955,B. Aifuwa,2521,1406,16.483333333333334,2.0,7.0,0.0,0.0,
969,502955,B. Kerschbaumer,2521,1406,5.333333333333333,0.0,0.0,0.0,0.0,
971,502955,Bulic Leon,1406,2521,33.2,11.0,6.0,0.0,0.0,
968,502955,C. Ogbevoen,2521,1406,7.266666666666667,0.0,0.0,0.0,0.0,
975,502955,F. Matip,1406,2521,20.316666666666666,4.0,5.0,0.0,0.0,
967,502955,F. Vasic,2521,1406,5.866666666666667,0.0,1.0,0.0,0.0,
963,502955,F. Vukovljak,2521,1406,23.516666666666666,3.0,2.0,0.0,0.0,
962,502955,G. Asuke,2521,1406,28.883333333333333,0.0,4.0,1.0,0.0,
964,502955,Grizelj Robert,2521,1406,18.866666666666667,6.0,0.0,2.0,0.0,
973,502955,H. Bergstrom,1406,2521,30.216666666666665,8.0,4.0,3.0,1.0,
972,502955,J. S. Bates,1406,2521,31.266666666666666,24.0,9.0,2.0,1.0,
965,502955,K. Asuzu,2521,1406,26.283333333333335,3.0,2.0,1.0,1.0,
979,502955,K. Rentmeister,1406,2521,3.9,0.0,1.0,0.0,0.0,
970,502955,K. Yilmazer,2521,1406,23.2,14.0,3.0,1.0,3.0,
961,502955,L. Cvetkova,2521,1406,34.833333333333336,34.0,1.0,4.0,5.0,
977,502955,M. Schnabl,1406,2521,17.3,3.0,1.0,1.0,1.0,
976,502955,S. Schlogl,1406,2521,20.883333333333333,6.0,2.0,1.0,2.0,
974,502955,S. Smith,1406,2521,33.5,22.0,9.0,6.0,0.0,
1000,503072,A. Baare,2258,469,6.066666666666666,2.0,0.0,0.0,0.0,
984,503072,A. Darboe,469,2258,18.383333333333333,4.0,2.0,6.0,0.0,
998,503072,A. Hjort,2258,469,19.25,9.0,1.0,0.0,3.0,
981,503072,A. Lonstrup,469,2258,20.283333333333335,2.0,0.0,2.0,0.0,
999,503072,A. Saugstrup,2258,469,7.533333333333333,2.0,1.0,2.0,0.0,
986,503072,B. Serdarevic,469,2258,17.366666666666667,25.0,3.0,2.0,7.0,
983,503072,D. Walker,469,2258,14.066666666666666,6.0,3.0,5.0,0.0,
995,503072,F. Lauritzen,2258,469,24.933333333333334,8.0,4.0,2.0,2.0,
994,503072,J. A. Ulrich,2258,469,22.2,6.0,5.0,0.0,0.0,
997,503072,J. Botfeldt,2258,469,13.35,4.0,4.0,3.0,0.0,
988,503072,J. Holt,469,2258,21.783333333333335,12.0,5.0,7.0,2.0,
980,503072,K. Madding,469,2258,18.066666666666666,14.0,8.0,0.0,0.0,
982,503072,K. Sand,469,2258,22.633333333333333,20.0,6.0,4.0,1.0,
992,503072,L. Churchill,2258,469,27.85,11.0,3.0,0.0,2.0,
985,503072,M. Bulow,469,2258,4.533333333333333,0.0,0.0,1.0,0.0,
987,503072,O. Alm,469,2258,19.083333333333332,6.0,5.0,1.0,0.0,
989,503072,P. Renane,469,2258,20.816666666666666,16.0,9.0,2.0,4.0,
990,503072,S. Barfi,469,2258,22.983333333333334,12.0,0.0,3.0,2.0,
991,503072,T. Kattenhoj,2258,469,23.8,8.0,5.0,2.0,1.0,
996,503072,T. Vester,2258,469,6.266666666666667,3.0,2.0,0.0,0.0,
1001,503072,V. L. Nordtorp,2258,469,19.316666666666666,6.0,1.0,0.0,2.0,
993,503072,W. Bloch,2258,469,29.45,14.0,6.0,8.0,2.0,
1004,503073,A. Hauksson,7902,470,5.6,0.0,1.0,0.0,0.0,
1014,503073,A. Heede-Andersen,470,7902,25.733333333333334,12.0,3.0,8.0,0.0,
1007,503073,A. Iversen,7902,470,18.066666666666666,8.0,3.0,2.0,1.0,
1021,503073,A. Jespersen,470,7902,4.5,2.0,0.0,0.0,0.0,
1013,503073,A. Miller,470,7902,19.416666666666668,6.0,11.0,3.0,0.0,
1020,503073,B. Veljic,470,7902,19.45,10.0,2.0,3.0,1.0,
1019,503073,D. Hockerup,470,7902,20.083333333333332,8.0,6.0,0.0,0.0,
1012,503073,G. Vogel,470,7902,24.1,11.0,7.0,2.0,1.0,
1005,503073,H. Shanon,7902,470,38.016666666666666,10.0,9.0,2.0,1.0,
1009,503073,J. Ulrich,7902,470,17.516666666666666,7.0,3.0,2.0,1.0,
1017,503073,K. Owolabi,470,7902,12.883333333333333,7.0,2.0,0.0,0.0,
1006,503073,M. Drame Illidge,7902,470,38.1,14.0,4.0,7.0,1.0,
1018,503073,M. Sorensen,470,7902,12.633333333333333,8.0,1.0,3.0,2.0,
1003,503073,Moreno Alejandro,7902,470,31.1,18.0,5.0,4.0,3.0,
1008,503073,N. Schwartz,7902,470,19.533333333333335,2.0,2.0,3.0,0.0,
1015,503073,O. Pedersen,470,7902,19.916666666666668,14.0,7.0,0.0,0.0,
1010,503073,R. Blaesild,7902,470,1.9833333333333334,0.0,0.0,0.0,0.0,
1002,503073,S. Schwartz,7902,470,30.083333333333332,11.0,6.0,3.0,0.0,
1011,503073,T. Campbell,470,7902,26.533333333333335,9.0,6.0,3.0,1.0,
1016,503073,W. Jelle,470,7902,9.7,5.0,0.0,2.0,1.0,
1030,503074,A. Klausen,2664,472,0.45,0.0,0.0,0.0,0.0,
1039,503074,A. Veljic,472,2664,7.55,0.0,2.0,0.0,0.0,
1026,503074,C. Holley,2664,472,39.55,27.0,5.0,6.0,1.0,
1022,503074,D. Waters,2664,472,39.6,31.0,5.0,3.0,4.0,
1032,503074,G. Ronneholt,472,2664,36.6,11.0,2.0,3.0,2.0,
1037,503074,H. Offenberg,472,2664,18.483333333333334,7.0,1.0,0.0,1.0,
1023,503074,J. Klostergaard,2664,472,20.066666666666666,3.0,1.0,3.0,1.0,
1029,503074,J. Martinez,2664,472,32.28333333333333,14.0,13.0,2.0,0.0,
1031,503074,K. Formann,472,2664,30.966666666666665,19.0,6.0,5.0,4.0,
1033,503074,Madsen Magnus,472,2664,27.483333333333334,7.0,3.0,2.0,1.0,
1034,503074,N. Baker,472,2664,20.483333333333334,0.0,3.0,7.0,0.0,
1025,503074,N. Gkigkaouri,2664,472,15.366666666666667,2.0,2.0,1.0,0.0,
1036,503074,P. Bachmann,472,2664,12.516666666666667,5.0,2.0,0.0,0.0,
1028,503074,P. Rosendahl,2664,472,9.683333333333334,0.0,0.0,1.0,0.0,
1038,503074,T. Brodie,472,2664,11.966666666666667,0.0,3.0,1.0,0.0,
1027,503074,V. Frilund,2664,472,13.15,4.0,1.0,2.0,0.0,
1035,503074,W. Moller,472,2664,33.95,31.0,5.0,4.0,6.0,
1024,503074,Z. Obanla,2664,472,29.866666666666667,11.0,7.0,3.0,0.0,
1042,503229,A. Gudaitis,794,6262,26.433333333333334,13.0,8.0,1.0,0.0,
1046,503229,A. Marciulionis,794,6262,21.55,22.0,2.0,2.0,2.0,
1057,503229,Agee Tajuan,6262,794,26.583333333333332,9.0,3.0,4.0,2.0,
1056,503229,Blakes Gerry,6262,794,28.65,6.0,5.0,6.0,0.0,
1041,503229,Bruhnke Kay,794,6262,18.45,2.0,3.0,1.0,0.0,
1051,503229,Bruinsma Evan,6262,794,19.583333333333332,10.0,3.0,1.0,0.0,
1058,503229,E. Poladkhanli,6262,794,2.5666666666666664,0.0,0.0,0.0,0.0,
1054,503229,Ertel Michael,6262,794,33.266666666666666,6.0,0.0,4.0,0.0,
1055,503229,F. Fidler,6262,794,27.683333333333334,19.0,8.0,1.0,3.0,
1048,503229,I. Urbonas,794,6262,4.283333333333333,3.0,1.0,0.0,1.0,
1050,503229,Jogela Matas,794,6262,16.9,3.0,0.0,0.0,1.0,
1059,503229,K. Mammadov,6262,794,3.3,0.0,0.0,0.0,0.0,
1045,503229,M. DeVoe,794,6262,19.35,10.0,4.0,2.0,0.0,
1049,503229,Masiulis Gytis,794,6262,12.433333333333334,2.0,2.0,0.0,0.0,
1053,503229,N. Perkins,6262,794,32.43333333333333,16.0,11.0,2.0,1.0,
1044,503229,Paliukenas Martynas,794,6262,10.416666666666666,0.0,0.0,1.0,0.0,
1047,503229,R. Lindo,794,6262,22.666666666666668,2.0,7.0,0.0,0.0,
1040,503229,Radzevicius Gytis,794,6262,29.55,21.0,12.0,3.0,2.0,
1052,503229,Susinskas Mindaugas,6262,794,25.95,7.0,2.0,3.0,1.0,
1043,503229,Winston Cassius,794,6262,17.95,4.0,1.0,4.0,0.0,
1075,503231,A. Lukes,449,725,14.1,0.0,0.0,0.0,0.0,
1064,503231,Barford Jaylen,725,449,28.5,23.0,5.0,1.0,3.0,
1062,503231,Echenique Jaime,725,449,19.566666666666666,10.0,4.0,0.0,0.0,
1069,503231,Ikumalo Ogbeide Derek,725,449,19.35,13.0,5.0,1.0,0.0,
1076,503231,J. Bryant,449,725,22.866666666666667,13.0,3.0,5.0,0.0,
1079,503231,K. Svrdlik,449,725,21.166666666666668,0.0,5.0,1.0,0.0,
1073,503231,Kovar Lubos,449,725,24.866666666666667,12.0,7.0,3.0,2.0,
1065,503231,L. Manfredotti,725,449,3.8,0.0,0.0,0.0,0.0,
1078,503231,O. Bilek,449,725,0.6,0.0,2.0,0.0,0.0,
1077,503231,P. Stovicek,449,725,0.6,0.0,1.0,0.0,0.0,
1074,503231,R. Bonham,449,725,24.816666666666666,11.0,3.0,3.0,3.0,
1060,503231,R. Edwards,725,449,17.916666666666668,7.0,0.0,0.0,1.0,
1071,503231,R. Moffatt,449,725,34.0,13.0,5.0,1.0,3.0,
1066,503231,Rossato Riccardo,725,449,6.516666666666667,0.0,1.0,1.0,0.0,
1067,503231,Severini Luca,725,449,9.85,3.0,4.0,1.0,1.0,
1070,503231,Speedy Smith,725,449,25.45,2.0,2.0,7.0,0.0,
1080,503231,Stampley Nick,449,725,15.016666666666667,6.0,4.0,0.0,2.0,
1061,503231,Thor JT,725,449,29.616666666666667,10.0,9.0,2.0,0.0,
1082,503231,Tuma Jakub,449,725,21.266666666666666,6.0,5.0,4.0,2.0,
1063,503231,Uglietti Lorenzo,725,449,18.4,0.0,3.0,7.0,0.0,
1068,503231,Visconti Riccardo,725,449,21.033333333333335,14.0,5.0,2.0,2.0,
1081,503231,Vlk Dalibor,449,725,1.8666666666666667,0.0,0.0,0.0,0.0,
1072,503231,Z. Key,449,725,18.833333333333332,4.0,4.0,0.0,0.0,
1102,503234,B. Terry,520,616,16.283333333333335,2.0,3.0,3.0,0.0,
1099,503234,Bahre Jonathan,520,616,19.683333333333334,7.0,3.0,0.0,0.0,
1101,503234,Balint Richard,520,616,23.15,17.0,2.0,3.0,5.0,
1084,503234,G. Gkiouzelis,616,520,14.116666666666667,3.0,1.0,2.0,1.0,
1086,503234,J. Finch,616,520,25.45,21.0,1.0,4.0,2.0,
1088,503234,J. Ittounas,616,520,1.7666666666666666,0.0,0.0,0.0,0.0,
1103,503234,J. Obiesie,520,616,16.066666666666666,6.0,2.0,2.0,0.0,
1098,503234,J. Wright,520,616,18.466666666666665,11.0,3.0,1.0,1.0,
1096,503234,Keppeler Daniel,520,616,10.733333333333333,3.0,2.0,1.0,1.0,
1097,503234,L. Jones,520,616,25.5,6.0,2.0,10.0,0.0,
1090,503234,M. Chatzidakis,616,520,14.866666666666667,4.0,2.0,0.0,0.0,
1100,503234,M. Wilson,520,616,19.383333333333333,10.0,4.0,3.0,2.0,
1089,503234,N. Freidel,616,520,20.566666666666666,13.0,8.0,1.0,3.0,
1087,503234,Nichols Ty,616,520,27.633333333333333,20.0,3.0,2.0,2.0,
1093,503234,Nikolaidis Alexandros,616,520,17.8,8.0,5.0,9.0,1.0,
1085,503234,O. Payne,616,520,24.916666666666668,11.0,6.0,0.0,0.0,
1091,503234,Papadakis Konstantinos,616,520,10.983333333333333,5.0,2.0,3.0,1.0,
1083,503234,T. Anderson,616,520,24.5,5.0,4.0,3.0,0.0,
1095,503234,T. Scott,520,616,27.066666666666666,9.0,5.0,1.0,2.0,
1092,503234,W. Carius,616,520,17.4,3.0,2.0,0.0,1.0,
1094,503234,Y. Hochstader,520,616,23.683333333333334,16.0,3.0,1.0,3.0,
1117,503244,Alviti Davide,730,2336,24.683333333333334,6.0,6.0,2.0,1.0,
1106,503244,Cate Emanuel,2336,730,25.05,8.0,9.0,1.0,0.0,
1119,503244,Duke Jr. David,730,2336,25.316666666666666,8.0,8.0,2.0,0.0,
1108,503244,Ennis Dylan,2336,730,21.866666666666667,16.0,2.0,5.0,2.0,
1109,503244,Falk Wilhelm,2336,730,10.35,2.0,3.0,0.0,0.0,
1110,503244,Forrest Michael,2336,730,21.783333333333335,6.0,6.0,5.0,2.0,
1120,503244,Hale Hunter,730,2336,27.816666666666666,17.0,6.0,1.0,3.0,
1126,503244,I. Ikangi,730,2336,15.266666666666667,0.0,0.0,0.0,0.0,
1105,503244,K. Gates,2336,730,5.716666666666667,0.0,3.0,0.0,0.0,
1118,503244,Kamagate Ismael,730,2336,13.733333333333333,2.0,2.0,2.0,0.0,
1127,503244,Ladurner Maximilian,730,2336,1.8333333333333335,2.0,0.0,0.0,0.0,
1121,503244,Librizzi Matteo,730,2336,22.333333333333332,5.0,1.0,1.0,1.0,
1111,503244,Lopez Ruben,2336,730,9.9,7.0,1.0,1.0,0.0,
1123,503244,M. Villa,730,2336,2.75,0.0,0.0,0.0,0.0,
1107,503244,Marcos Juan,2336,730,18.283333333333335,9.0,5.0,5.0,3.0,
1115,503244,Nakic Toni,2336,730,19.316666666666666,5.0,4.0,2.0,1.0,
1112,503244,Pansa Jean-Marc,2336,730,14.95,10.0,5.0,1.0,0.0,
1124,503244,R. Kangur,730,2336,1.8333333333333335,0.0,1.0,1.0,0.0,
1114,503244,Radebaugh Jonah,2336,730,20.35,11.0,3.0,4.0,1.0,
1104,503244,Raieste Sander,2336,730,19.416666666666668,8.0,2.0,2.0,2.0,
1122,503244,Renfro Nate,730,2336,20.883333333333333,5.0,6.0,2.0,0.0,
1125,503244,Roby Isaiah,730,2336,27.083333333333332,9.0,2.0,1.0,1.0,
1116,503244,S. Nikolic,730,2336,16.466666666666665,4.0,1.0,1.0,0.0,
1113,503244,Steinbergs Marcis,2336,730,13.0,3.0,0.0,1.0,1.0,
1135,503256,Arslan Yigit,1736,21,29.633333333333333,15.0,1.0,2.0,5.0,
1137,503256,Canaan Isaiah,1736,21,21.616666666666667,10.0,2.0,2.0,1.0,
1141,503256,Castaneda Xavier,21,1736,27.7,10.0,3.0,6.0,1.0,
1131,503256,Caupain Troy,1736,21,29.766666666666666,2.0,4.0,6.0,0.0,
1147,503256,D. McGlockton,21,1736,23.933333333333334,9.0,8.0,1.0,1.0,
1145,503256,Dussoulier Lucas,21,1736,20.666666666666668,5.0,3.0,0.0,1.0,
1138,503256,H. Yimga-Moukouri,21,1736,22.55,6.0,4.0,1.0,0.0,
1143,503256,J. Roberts,21,1736,9.283333333333333,4.0,4.0,0.0,0.0,
1133,503256,Keene Marcus,1736,21,33.06666666666667,24.0,2.0,6.0,4.0,
1144,503256,Lacombe Paul,21,1736,12.183333333333334,4.0,3.0,3.0,0.0,
1140,503256,M. Saxen,21,1736,24.366666666666667,7.0,5.0,2.0,0.0,
1130,503256,Manek Brady,1736,21,22.383333333333333,12.0,2.0,1.0,2.0,
1134,503256,Mestoglu Yigit,1736,21,3.216666666666667,0.0,0.0,0.0,0.0,
1132,503256,Oncel Ridvan,1736,21,9.983333333333333,0.0,0.0,0.0,0.0,
1142,503256,Schoormann Len,21,1736,30.516666666666666,10.0,1.0,3.0,1.0,
1139,503256,Scott,21,1736,32.36666666666667,15.0,1.0,0.0,3.0,
1146,503256,Sene Benjamin,21,1736,21.45,13.0,1.0,8.0,1.0,
1136,503256,Terry Emanuel,1736,21,24.75,12.0,5.0,1.0,0.0,
1128,503256,Tillman Xavier,1736,21,19.916666666666668,11.0,4.0,1.0,0.0,
1129,503256,Yeboah Akwasi,1736,21,30.666666666666668,7.0,9.0,0.0,0.0,
1152,503261,A. N'Doye,25,910,20.716666666666665,15.0,1.0,10.0,1.0,
1164,503261,B. Czapla,910,25,3.3,0.0,1.0,1.0,0.0,
1150,503261,B. Gregg,25,910,23.433333333333334,19.0,2.0,0.0,5.0,
1163,503261,D. Arguster,910,25,26.2,12.0,6.0,3.0,1.0,
1161,503261,Goloman Gyorgy,910,25,25.566666666666666,0.0,4.0,2.0,0.0,
1151,503261,Hands Jaylen,25,910,20.916666666666668,15.0,4.0,3.0,1.0,
1168,503261,J. Andrzejewski,910,25,15.766666666666667,7.0,2.0,1.0,1.0,
1148,503261,J. McKoy,25,910,31.733333333333334,11.0,2.0,1.0,1.0,
1166,503261,K. Piśla,910,25,13.933333333333334,2.0,0.0,0.0,0.0,
1159,503261,Kolenda Michal,910,25,19.55,4.0,2.0,0.0,0.0,
1167,503261,M. Ilver,910,25,23.95,11.0,1.0,0.0,2.0,
1154,503261,M. Lemoine,25,910,23.25,9.0,2.0,9.0,1.0,
1158,503261,M. Nguidjol,25,910,0.7,0.0,0.0,0.0,0.0,
1155,503261,N. Difuidi,25,910,13.466666666666667,4.0,2.0,0.0,0.0,
1153,503261,Pfister William,25,910,19.566666666666666,4.0,8.0,1.0,0.0,
1149,503261,S. Alajiki,25,910,22.216666666666665,10.0,4.0,0.0,0.0,
1156,503261,T. Chenery,25,910,22.75,13.0,7.0,0.0,1.0,
1165,503261,Tomaszewski Wojciech,910,25,14.4,4.0,2.0,0.0,0.0,
1157,503261,Y. Diangitukwa,25,910,1.2666666666666666,0.0,0.0,0.0,0.0,
1160,503261,Z. Freemantle,910,25,28.3,9.0,3.0,3.0,1.0,
1162,503261,Zoriks Kristers,910,25,29.033333333333335,13.0,3.0,1.0,1.0,
1186,503267,A. Nufer,519,7901,6.366666666666666,3.0,1.0,0.0,1.0,
1182,503267,B. Angel,519,7901,24.333333333333332,21.0,7.0,3.0,2.0,
1190,503267,Bean Justin,519,7901,13.683333333333334,5.0,3.0,2.0,1.0,
1188,503267,Bennefeld Nevio,519,7901,14.283333333333333,4.0,3.0,0.0,0.0,
1169,503267,Bohacik Jaromir,7901,519,18.866666666666667,1.0,1.0,1.0,0.0,
1175,503267,Bohm David,7901,519,10.25,7.0,2.0,0.0,0.0,
1191,503267,Bohmer Julius,519,7901,17.466666666666665,4.0,0.0,2.0,1.0,
1187,503267,Delow Malte,519,7901,15.566666666666666,14.0,3.0,3.0,2.0,
1185,503267,Ford Jordan,519,7901,22.683333333333334,16.0,2.0,7.0,2.0,
1181,503267,Griesel Sam,519,7901,20.666666666666668,14.0,3.0,1.0,3.0,
1179,503267,Hruban Vojtech,7901,519,19.266666666666666,10.0,1.0,1.0,2.0,
1174,503267,J. Mc Collum,7901,519,18.583333333333332,11.0,1.0,3.0,1.0,
1180,503267,J. Wieskamp,519,7901,24.616666666666667,16.0,2.0,4.0,4.0,
1183,503267,Kayil Jack,519,7901,17.416666666666668,10.0,0.0,9.0,2.0,
1177,503267,Kriz Martin,7901,519,19.95,9.0,5.0,1.0,2.0,
1171,503267,M. Brown,7901,519,12.583333333333334,6.0,1.0,0.0,0.0,
1184,503267,Mattisseck Jonas,519,7901,18.383333333333333,0.0,2.0,0.0,0.0,
1170,503267,N. Owusu-Anane,7901,519,26.55,10.0,10.0,0.0,2.0,
1172,503267,R. Segu,7901,519,25.05,15.0,2.0,8.0,0.0,
1178,503267,Rylich Frantisek,7901,519,13.433333333333334,6.0,0.0,1.0,2.0,
1173,503267,Samoura Patrick,7901,519,20.65,4.0,3.0,3.0,0.0,
1189,503267,Schmitt Richard,519,7901,4.533333333333333,3.0,0.0,0.0,1.0,
1176,503267,T. Harper,7901,519,14.816666666666666,7.0,1.0,2.0,1.0,
1199,503269,A. Torres De La Torre,2334,1566,4.483333333333333,0.0,2.0,0.0,0.0,
1196,503269,B. Ellis,2334,1566,14.383333333333333,4.0,1.0,1.0,1.0,
1194,503269,Birgander Simon,2334,1566,18.65,14.0,6.0,5.0,0.0,
1203,503269,Cheatham Kwan,2334,1566,21.5,12.0,4.0,2.0,2.0,
1204,503269,D. Brewton,1566,2334,33.416666666666664,20.0,3.0,2.0,2.0,
1206,503269,D. Burns,1566,2334,19.833333333333332,12.0,5.0,2.0,0.0,
1201,503269,D. Niebla,2334,1566,3.6666666666666665,2.0,1.0,0.0,0.0,
1210,503269,Francis Daeshon,1566,2334,22.016666666666666,1.0,2.0,2.0,0.0,
1208,503269,Gershon Amit,1566,2334,17.366666666666667,11.0,4.0,0.0,3.0,
1202,503269,Hakanson Ludde,2334,1566,21.733333333333334,6.0,2.0,1.0,0.0,
1211,503269,Hannahs Dusty,1566,2334,27.25,5.0,0.0,3.0,1.0,
1200,503269,I. Nogues Gonzalez,2334,1566,9.366666666666667,0.0,4.0,1.0,0.0,
1197,503269,Laprovittola Nicolas,2334,1566,22.983333333333334,11.0,1.0,4.0,1.0,
1205,503269,N. Carter,1566,2334,17.7,5.0,6.0,0.0,0.0,
1209,503269,N. Knight,1566,2334,30.566666666666666,8.0,6.0,1.0,1.0,
1192,503269,Ndiaye Eli John,2334,1566,19.9,5.0,4.0,2.0,0.0,
1193,503269,Reyes Alejandro,2334,1566,22.066666666666666,6.0,2.0,1.0,2.0,
1195,503269,Rubio Ricky,2334,1566,23.716666666666665,6.0,5.0,7.0,0.0,
1198,503269,Sulejmanovic Emir,2334,1566,17.55,20.0,7.0,2.0,1.0,
1207,503269,Z. Bryant,1566,2334,31.85,13.0,3.0,6.0,1.0,
1231,503280,A. Bessa,936,524,9.283333333333333,3.0,2.0,2.0,1.0,
1221,503280,A. Comithier,524,936,19.516666666666666,18.0,5.0,0.0,3.0,
1217,503280,A. Kovacevic,524,936,14.533333333333333,2.0,1.0,2.0,0.0,
1225,503280,Allen-Williams Corey,936,524,25.566666666666666,7.0,4.0,2.0,1.0,
1216,503280,Aminu Joel-Sadu,524,936,25.75,16.0,1.0,3.0,1.0,
1226,503280,C. Dundao,936,524,22.45,9.0,2.0,3.0,1.0,
1230,503280,G. Delgado,936,524,14.633333333333333,11.0,3.0,1.0,1.0,
1212,503280,Heckmann Patrick,524,936,24.916666666666668,9.0,5.0,1.0,1.0,
1219,503280,J. Wright,524,936,21.716666666666665,9.0,3.0,3.0,0.0,
1218,503280,Jostmann Melvin,524,936,18.35,0.0,5.0,0.0,0.0,
1214,503280,Kessens Michael,524,936,20.25,10.0,7.0,1.0,0.0,
1220,503280,Kratzer Leon,524,936,16.483333333333334,0.0,5.0,1.0,0.0,
1213,503280,M. Foster,524,936,20.2,12.0,2.0,0.0,2.0,
1215,503280,Murphy Grayson,524,936,18.283333333333335,2.0,4.0,6.0,0.0,
1228,503280,Omlid Tanner,936,524,18.566666666666666,8.0,6.0,5.0,2.0,
1223,503280,Queiroz Miguel,936,524,25.666666666666668,3.0,2.0,3.0,0.0,
1222,503280,T. Bropleh,936,524,23.533333333333335,8.0,5.0,1.0,2.0,
1229,503280,Voytso Vladyslav,936,524,15.066666666666666,4.0,0.0,2.0,0.0,
1224,503280,Williams Xeyrius,936,524,25.033333333333335,8.0,9.0,2.0,0.0,
1227,503280,Woodard James,936,524,20.2,13.0,1.0,0.0,3.0,
1239,503282,C. Edwards,300,631,5.2,1.0,1.0,0.0,0.0,
1251,503282,D. Trammell,631,300,17.333333333333332,13.0,1.0,2.0,3.0,
1232,503282,E. Cheecks,300,631,29.216666666666665,23.0,3.0,2.0,4.0,
1244,503282,Gray Juwan,631,300,19.1,7.0,1.0,1.0,0.0,
1240,503282,J. Jehloni,300,631,19.083333333333332,7.0,0.0,0.0,1.0,
1235,503282,J. Murray,300,631,24.5,10.0,2.0,4.0,1.0,
1236,503282,J. White,300,631,13.466666666666667,6.0,2.0,0.0,2.0,
1250,503282,K. Bognar,631,300,18.766666666666666,3.0,4.0,0.0,1.0,
1252,503282,Keller Akos,631,300,18.083333333333332,4.0,4.0,0.0,0.0,
1233,503282,Kesteloot Vincent,300,631,20.916666666666668,5.0,2.0,3.0,0.0,
1242,503282,L. Van Drom,300,631,13.366666666666667,5.0,3.0,1.0,1.0,
1238,503282,N. Coleman,300,631,24.0,21.0,3.0,0.0,5.0,
1241,503282,N. De Ridder,300,631,17.15,13.0,6.0,1.0,0.0,
1237,503282,N. Pack,300,631,15.45,7.0,5.0,6.0,2.0,
1245,503282,Patton Joshua,631,300,22.6,4.0,5.0,2.0,0.0,
1247,503282,Tanoh Dez,631,300,14.116666666666667,10.0,3.0,1.0,0.0,
1234,503282,Tumba Kevin,300,631,17.65,1.0,7.0,2.0,0.0,
1248,503282,U. Rosic,631,300,2.4333333333333336,0.0,0.0,0.0,0.0,
1243,503282,Varadi Benedek,631,300,31.833333333333332,18.0,1.0,2.0,4.0,
1246,503282,Whelan Patrick,631,300,28.783333333333335,9.0,7.0,3.0,3.0,
1249,503282,Z. Perl,631,300,26.95,25.0,5.0,3.0,0.0,
1269,503292,A. Fall,18,680,16.45,15.0,3.0,5.0,2.0,
1274,503292,A. Towo-Nansi,18,680,21.55,0.0,2.0,5.0,0.0,
1259,503292,Amir Shahar,680,18,21.85,8.0,1.0,0.0,0.0,
1254,503292,Artzi Netanel,680,18,24.666666666666668,10.0,0.0,2.0,2.0,
1256,503292,C. Harris,680,18,19.633333333333333,8.0,2.0,1.0,1.0,
1263,503292,D. Thelwell,680,18,2.5,3.0,0.0,0.0,0.0,
1264,503292,Diawara Digue,18,680,25.133333333333333,10.0,8.0,0.0,1.0,
1266,503292,Halilovic Miralem,18,680,19.066666666666666,7.0,4.0,1.0,0.0,
1261,503292,I. Shnaps,680,18,4.633333333333333,0.0,1.0,0.0,0.0,
1262,503292,Iorio Sam,680,18,16.533333333333335,6.0,2.0,0.0,2.0,
1257,503292,Kravitz Yair,680,18,24.516666666666666,3.0,4.0,4.0,1.0,
1260,503292,L. Azoulay,680,18,1.0166666666666666,0.0,0.0,0.0,0.0,
1271,503292,L. Kidd,18,680,18.216666666666665,8.0,2.0,2.0,0.0,
1268,503292,M. Cazalon,18,680,18.25,11.0,2.0,3.0,2.0,
1265,503292,M. Diarra,18,680,24.383333333333333,23.0,7.0,1.0,5.0,
1258,503292,Medford Lester,680,18,23.266666666666666,15.0,0.0,6.0,1.0,
1273,503292,N. Lobry-Pathout,18,680,1.3833333333333333,0.0,0.0,0.0,0.0,
1270,503292,N. Locke,18,680,22.266666666666666,11.0,0.0,0.0,1.0,
1253,503292,R. Soares,680,18,26.016666666666666,4.0,2.0,0.0,1.0,
1272,503292,S. Raharimanantoanina,18,680,16.933333333333334,8.0,4.0,1.0,2.0,
1255,503292,Sanogo Adama,680,18,35.36666666666667,22.0,13.0,2.0,0.0,
1267,503292,West Jarrod,18,680,16.35,6.0,0.0,2.0,0.0,
1284,503294,B. Huntley-Hatfield,789,2340,16.416666666666668,8.0,6.0,0.0,0.0,
1291,503294,Barreiro Jonathan,2340,789,11.55,0.0,1.0,1.0,0.0,
1281,503294,Beliauskas Laurynas,789,2340,20.75,4.0,2.0,0.0,0.0,
1277,503294,Beniusis Sarunas,789,2340,19.833333333333332,14.0,6.0,0.0,0.0,
1285,503294,Brazdeikis Ignas,2340,789,22.883333333333333,10.0,5.0,3.0,1.0,
1282,503294,C. Hunter,789,2340,20.116666666666667,14.0,2.0,4.0,2.0,
1290,503294,Djedovic Nihad,2340,789,10.766666666666667,5.0,1.0,1.0,1.0,
1280,503294,G. Matulis,789,2340,8.183333333333334,2.0,0.0,0.0,0.0,
1293,503294,Hernangomez Willy,2340,789,20.45,23.0,9.0,4.0,0.0,
1289,503294,Hunt Cameron,2340,789,22.2,14.0,1.0,1.0,2.0,
1275,503294,J. Furmanavcius,789,2340,24.966666666666665,4.0,0.0,1.0,0.0,
1278,503294,J. Pagenkopf,789,2340,24.866666666666667,2.0,2.0,6.0,0.0,
1276,503294,Jones Tevian,789,2340,27.733333333333334,9.0,4.0,3.0,0.0,
1283,503294,K. Pohto,789,2340,10.266666666666667,3.0,1.0,2.0,1.0,
1292,503294,Kalinoski Tyler,2340,789,15.133333333333333,9.0,2.0,1.0,3.0,
1287,503294,Kravish David,2340,789,19.55,6.0,6.0,2.0,0.0,
1286,503294,Noua Amine,2340,789,21.433333333333334,19.0,3.0,3.0,1.0,
1288,503294,Pantzar Melwin Jan,2340,789,19.783333333333335,11.0,6.0,4.0,0.0,
1295,503294,Perry Kendrick,2340,789,18.916666666666668,4.0,1.0,3.0,0.0,
1279,503294,Reynolds Cameron,789,2340,26.866666666666667,9.0,4.0,0.0,3.0,
1294,503294,S. Lukosius,2340,789,17.333333333333332,4.0,1.0,2.0,0.0,
1314,503297,D. Duscak,1695,2556,8.533333333333333,4.0,1.0,2.0,0.0,
1302,503297,Delalic Haris,2556,1695,22.8,11.0,4.0,1.0,1.0,
1317,503297,Font Aleix,1695,2556,17.916666666666668,5.0,2.0,2.0,1.0,
1313,503297,Frey Harald,1695,2556,9.7,9.0,0.0,1.0,2.0,
1298,503297,J. Armotrading,2556,1695,21.85,4.0,2.0,1.0,0.0,
1297,503297,Kovacevic Petar,2556,1695,22.366666666666667,5.0,6.0,1.0,1.0,
1300,503297,L. Stefanovic,2556,1695,24.65,17.0,6.0,4.0,2.0,
1301,503297,Lazic Aleksandar,2556,1695,19.85,13.0,3.0,1.0,3.0,
1307,503297,M. Ansorregi,1695,2556,20.066666666666666,7.0,5.0,0.0,2.0,
1315,503297,M. Krampelj,1695,2556,18.0,12.0,5.0,1.0,1.0,
1306,503297,Milosavljevic Dragan,2556,1695,10.166666666666666,3.0,0.0,1.0,0.0,
1310,503297,N. Darling,1695,2556,21.433333333333334,7.0,3.0,4.0,1.0,
1296,503297,N. Manojlovic,2556,1695,23.3,6.0,4.0,1.0,0.0,
1303,503297,N. Pierre-Louis,2556,1695,21.933333333333334,7.0,0.0,1.0,0.0,
1312,503297,Normantas Margiris,1695,2556,21.483333333333334,10.0,5.0,4.0,2.0,
1316,503297,O. Hustak,1695,2556,12.633333333333333,6.0,4.0,1.0,0.0,
1299,503297,Penn Roman,2556,1695,24.35,7.0,2.0,8.0,0.0,
1308,503297,Petrasek Luke,1695,2556,22.133333333333333,8.0,2.0,2.0,2.0,
1304,503297,S. Antunovic,2556,1695,4.666666666666667,6.0,4.0,0.0,2.0,
1311,503297,Somogyi Adam,1695,2556,22.866666666666667,5.0,1.0,9.0,1.0,
1305,503297,Topolovic Djordje,2556,1695,4.066666666666666,0.0,1.0,0.0,0.0,
1309,503297,Vautier Bastien,1695,2556,25.233333333333334,19.0,8.0,0.0,0.0,
1325,503310,Badzim Roko,410,1271,22.166666666666668,19.0,2.0,2.0,5.0,
1333,503310,Durmaz Berkan,1271,410,13.55,2.0,5.0,1.0,0.0,
1327,503310,Hazer Sehmus,1271,410,21.1,3.0,1.0,3.0,1.0,
1322,503310,K. Battle,410,1271,30.983333333333334,32.0,1.0,5.0,6.0,
1321,503310,K. Hepa,410,1271,27.816666666666666,12.0,2.0,1.0,2.0,
1335,503310,Korkmaz Can,1271,410,3.6333333333333333,0.0,0.0,0.0,0.0,
1323,503310,M. Loncar,410,1271,13.416666666666666,2.0,5.0,0.0,0.0,
1319,503310,Mazalin Lovro,410,1271,26.583333333333332,18.0,5.0,5.0,0.0,
1318,503310,McGill Rickey,410,1271,32.666666666666664,4.0,2.0,6.0,0.0,
1328,503310,Metu Chimezie,1271,410,19.416666666666668,10.0,4.0,2.0,0.0,
1330,503310,N. Ivanovic,1271,410,25.966666666666665,7.0,2.0,1.0,1.0,
1334,503310,Nikolic Aleksej,1271,410,25.416666666666668,13.0,1.0,2.0,3.0,
1329,503310,O. Ballo,1271,410,18.533333333333335,9.0,3.0,0.0,0.0,
1331,503310,Pierre Dyshawn,1271,410,21.733333333333334,6.0,8.0,2.0,0.0,
1332,503310,Robinson Jerome,1271,410,11.15,2.0,0.0,2.0,0.0,
1320,503310,Serdarusic Renato,410,1271,20.333333333333332,2.0,4.0,1.0,0.0,
1324,503310,Sikiric Antonio,410,1271,13.4,2.0,2.0,0.0,0.0,
1336,503310,Smailagic Alen,1271,410,26.466666666666665,13.0,9.0,2.0,1.0,
1326,503310,T. Mitchell,410,1271,12.633333333333333,5.0,4.0,1.0,1.0,
1337,503310,Tuncer Bugrahan,1271,410,13.033333333333333,11.0,0.0,0.0,2.0,
1358,503469,Apaydin Leon Harun,1276,24,2.2333333333333334,0.0,0.0,0.0,0.0,
1348,503469,Brown Gabe,1276,24,24.733333333333334,7.0,5.0,3.0,0.0,
1353,503469,Carter Terrel,1276,24,15.016666666666667,7.0,6.0,1.0,0.0,
1357,503469,E. Postel,1276,24,1.6833333333333333,0.0,0.0,0.0,0.0,
1340,503469,Gaudoux Lionel,24,1276,28.383333333333333,11.0,3.0,4.0,0.0,
1338,503469,Jordan Keith Jr.,24,1276,24.9,12.0,4.0,0.0,3.0,
1345,503469,K. Shedrick,24,1276,14.916666666666666,4.0,5.0,1.0,0.0,
1354,503469,Kabaca Sadik,1276,24,6.766666666666667,2.0,0.0,0.0,0.0,
1347,503469,L. Monnet,24,1276,0.5833333333333334,0.0,0.0,0.0,0.0,
1342,503469,Labanca Antony,24,1276,13.616666666666667,3.0,0.0,2.0,1.0,
1350,503469,McNeace Jamuni,1276,24,24.283333333333335,10.0,7.0,0.0,0.0,
1341,503469,Moulare Assemian,24,1276,31.766666666666666,16.0,2.0,4.0,2.0,
1344,503469,N. Soliman,24,1276,22.683333333333334,8.0,3.0,0.0,0.0,
1343,503469,Nelson Adrian,24,1276,15.1,6.0,4.0,1.0,0.0,
1355,503469,Nutall Zachary,1276,24,20.766666666666666,17.0,1.0,2.0,1.0,
1352,503469,S. Reynolds,1276,24,25.833333333333332,9.0,0.0,2.0,1.0,
1349,503469,Saybir Yigitcan,1276,24,28.066666666666666,11.0,9.0,1.0,0.0,
1351,503469,T. Jones,1276,24,31.733333333333334,18.0,6.0,8.0,1.0,
1339,503469,T. Samuel,24,1276,20.033333333333335,12.0,5.0,1.0,0.0,
1356,503469,Thurman Tre&apos;Shawn,1276,24,18.883333333333333,8.0,2.0,0.0,0.0,
1346,503469,Woodbury Trey,24,1276,28.016666666666666,10.0,6.0,4.0,1.0,
1368,503470,Bako Ismael,1277,7904,21.4,6.0,7.0,0.0,0.0,
1361,503470,Bankston Kris,1277,7904,18.183333333333334,10.0,2.0,1.0,0.0,
1371,503470,Bilan Miro,7904,1277,29.35,14.0,9.0,1.0,0.0,
1374,503470,Brown John,7904,1277,17.316666666666666,2.0,2.0,2.0,0.0,
1379,503470,Camara Gora,7904,1277,7.116666666666666,1.0,5.0,0.0,0.0,
1362,503470,D. Ozdemiroglu,1277,7904,27.35,13.0,7.0,5.0,2.0,
1377,503470,F. Bonaccini,7904,1277,0.03333333333333333,0.0,0.0,0.0,0.0,
1369,503470,G. Veronesi,7904,1277,22.85,11.0,2.0,0.0,3.0,
1365,503470,Harding Jerrick,1277,7904,23.25,20.0,6.0,2.0,2.0,
1372,503470,Holiday Aaron,7904,1277,31.983333333333334,13.0,1.0,8.0,3.0,
1363,503470,Kahraman Ata,1277,7904,12.05,5.0,2.0,2.0,1.0,
1360,503470,Lamb Anthony,1277,7904,22.483333333333334,11.0,5.0,3.0,1.0,
1373,503470,Lemar Brynton,7904,1277,24.333333333333332,13.0,2.0,3.0,1.0,
1375,503470,M. Alibegovic,7904,1277,16.65,6.0,3.0,2.0,2.0,
1359,503470,Mckissic Shaquielle,1277,7904,20.233333333333334,2.0,4.0,1.0,0.0,
1376,503470,Moon Xavier,7904,1277,17.166666666666668,2.0,2.0,4.0,0.0,
1364,503470,Schneider Tim,1277,7904,9.483333333333333,4.0,1.0,0.0,1.0,
1367,503470,Taylor Tony,1277,7904,22.666666666666668,12.0,0.0,2.0,0.0,
1366,503470,Trifunovic Uros,1277,7904,22.9,9.0,2.0,0.0,2.0,
1370,503470,Tyson Hunter,7904,1277,22.866666666666667,12.0,4.0,1.0,2.0,
1378,503470,Wheatle Carl,7904,1277,10.333333333333334,3.0,0.0,0.0,1.0,
1393,503471,A. Hickey,914,727,27.4,10.0,3.0,6.0,2.0,
1381,503471,Bayehe Jordan,727,914,32.46666666666667,13.0,8.0,2.0,1.0,
1380,503471,Brown Charlie,727,914,24.783333333333335,11.0,4.0,4.0,2.0,
1383,503471,D. Brown,727,914,21.566666666666666,10.0,1.0,3.0,1.0,
1392,503471,Egbunu John,914,727,21.233333333333334,11.0,6.0,0.0,0.0,
1387,503471,F. Cattapan,727,914,2.75,0.0,0.0,0.0,0.0,
1386,503471,Forray Andres,727,914,9.316666666666666,2.0,0.0,0.0,0.0,
1389,503471,I. Bigelow,727,914,31.016666666666666,16.0,9.0,4.0,2.0,
1398,503471,I. Moore,914,727,20.85,8.0,3.0,1.0,0.0,
1388,503471,J. Medina Bouza,727,914,9.183333333333334,4.0,0.0,2.0,0.0,
1396,503471,K. Luc,914,727,12.6,5.0,0.0,3.0,0.0,
1397,503471,Kulikowski Blazej,914,727,11.816666666666666,3.0,1.0,0.0,1.0,
1395,503471,M. Parsons,914,727,22.616666666666667,17.0,4.0,1.0,0.0,
1382,503471,Mawugbe Selom,727,914,18.05,2.0,6.0,1.0,0.0,
1390,503471,Niziol Jakub,914,727,23.8,11.0,2.0,3.0,0.0,
1385,503471,P. Cheickh Niang,727,914,19.016666666666666,6.0,4.0,0.0,0.0,
1384,503471,Q. Olivari,727,914,31.85,17.0,7.0,5.0,4.0,
1391,503471,Robinson Devin,914,727,25.9,15.0,6.0,0.0,1.0,
1394,503471,Scruggs Paul,914,727,21.766666666666666,9.0,1.0,7.0,1.0,
1399,503471,T. Sternicki,914,727,12.016666666666667,5.0,1.0,1.0,1.0,
1409,503472,A. Durham,700,23,13.066666666666666,12.0,2.0,2.0,2.0,
1410,503472,Ajinca Melvin,23,700,27.416666666666668,8.0,5.0,2.0,1.0,
1406,503472,Alibegovic Amar,700,23,11.95,7.0,4.0,2.0,1.0,
1415,503472,B. Grasshoff,23,700,20.583333333333332,9.0,1.0,1.0,0.0,
1407,503472,Bortolani Giordano,700,23,13.983333333333333,9.0,2.0,0.0,1.0,
1413,503472,C. Stewart,23,700,20.766666666666666,11.0,2.0,0.0,2.0,
1404,503472,D. Maddox,700,23,26.316666666666666,10.0,1.0,3.0,0.0,
1414,503472,Delaunay Leopold,23,700,16.45,4.0,3.0,0.0,0.0,
1411,503472,Dufeal Lucas,23,700,24.366666666666667,6.0,4.0,0.0,0.0,
1408,503472,G. Gazzotti,700,23,2.8833333333333333,0.0,1.0,0.0,0.0,
1401,503472,Gorham Justin,700,23,37.53333333333333,22.0,8.0,2.0,0.0,
1403,503472,Hubb Prentiss,700,23,27.233333333333334,14.0,2.0,4.0,4.0,
1400,503472,Jallow Karim,700,23,32.68333333333333,13.0,7.0,1.0,1.0,
1416,503472,Jordan James,23,700,19.333333333333332,17.0,1.0,0.0,4.0,
1419,503472,M. Wood,23,700,18.766666666666666,18.0,5.0,2.0,2.0,
1402,503472,Olejniczak Dominik,700,23,23.366666666666667,2.0,10.0,4.0,0.0,
1405,503472,Pecchia Andrea,700,23,10.983333333333333,0.0,4.0,2.0,0.0,
1420,503472,S. Penda,23,700,9.2,2.0,2.0,3.0,0.0,
1412,503472,Thomas TaShawn,23,700,16.15,5.0,0.0,2.0,0.0,
1417,503472,U. Doumbia,23,700,6.516666666666667,1.0,2.0,1.0,0.0,
1418,503472,Yeguete Wilfried,23,700,20.45,2.0,8.0,2.0,0.0,
1429,503473,Amaize Robin,561,6100,19.583333333333332,8.0,6.0,1.0,1.0,
1432,503473,B. Leuchten,561,6100,12.9,4.0,5.0,0.0,0.0,
1436,503473,B. Shungu,6100,561,23.6,6.0,3.0,2.0,1.0,
1426,503473,Baggette Elias,561,6100,13.966666666666667,7.0,2.0,5.0,1.0,
1442,503473,Berzins Janis,6100,561,14.916666666666666,2.0,2.0,0.0,0.0,
1425,503473,Copeland Zach,561,6100,18.166666666666668,13.0,5.0,3.0,2.0,
1424,503473,Crockett Taronte,561,6100,20.583333333333332,11.0,2.0,5.0,3.0,
1427,503473,Hartwich Philipp,561,6100,2.783333333333333,0.0,0.0,0.0,0.0,
1435,503473,I. Johnson,6100,561,17.516666666666666,3.0,2.0,1.0,1.0,
1423,503473,Klassen Owen James,561,6100,23.466666666666665,14.0,12.0,0.0,0.0,
1422,503473,Konontsuk Artur,561,6100,29.333333333333332,14.0,4.0,1.0,1.0,
1428,503473,Lansdowne DeAndre,561,6100,12.166666666666666,2.0,3.0,0.0,0.0,
1421,503473,Lockhart Dominic,561,6100,21.166666666666668,0.0,2.0,3.0,0.0,
1437,503473,R. Sulcs,6100,561,7.55,1.0,0.0,0.0,0.0,
1439,503473,Skuja Toms,6100,561,16.4,0.0,2.0,6.0,0.0,
1430,503473,Stove Jonathan,561,6100,15.7,5.0,2.0,1.0,1.0,
1438,503473,T. Perkins,6100,561,30.233333333333334,35.0,3.0,2.0,4.0,
1441,503473,T. Talcis,6100,561,0.6666666666666666,0.0,0.0,0.0,0.0,
1433,503473,Tkachenko Ivan,6100,561,27.883333333333333,6.0,5.0,3.0,2.0,
1440,503473,Varnas Martynas,6100,561,28.616666666666667,24.0,3.0,0.0,4.0,
1434,503473,Wahl Tyler,6100,561,32.61666666666667,9.0,4.0,4.0,1.0,
1431,503473,Withers Todd,561,6100,10.183333333333334,9.0,1.0,2.0,3.0,
1456,503474,A. Atamna,533,1698,20.066666666666666,4.0,1.0,6.0,0.0,
1457,503474,A. Traore,533,1698,16.066666666666666,7.0,3.0,1.0,0.0,
1453,503474,Bassas Ferran,1698,533,20.85,5.0,2.0,8.0,0.0,
1451,503474,Beaufort Lucas,1698,533,2.85,0.0,1.0,0.0,0.0,
1444,503474,C. Agbo,1698,533,23.116666666666667,14.0,3.0,0.0,4.0,
1460,503474,D. Koroma,533,1698,11.0,0.0,1.0,0.0,0.0,
1452,503474,G. Fernandez,1698,533,9.533333333333333,5.0,0.0,0.0,1.0,
1463,503474,Heckel Marvin,533,1698,19.033333333333335,5.0,0.0,6.0,1.0,
1459,503474,I. Watson-Boye,533,1698,25.583333333333332,11.0,3.0,7.0,2.0,
1446,503474,J. Notae,1698,533,24.55,20.0,4.0,1.0,2.0,
1458,503474,J. Sims,533,1698,22.583333333333332,14.0,5.0,0.0,2.0,
1449,503474,Kolenda Lukasz,1698,533,13.283333333333333,4.0,1.0,1.0,0.0,
1464,503474,Liedtke Lenny,533,1698,3.8666666666666667,0.0,0.0,0.0,0.0,
1465,503474,M. Faye,533,1698,18.233333333333334,0.0,4.0,1.0,0.0,
1455,503474,M. Rataj,533,1698,25.633333333333333,17.0,5.0,1.0,0.0,
1454,503474,Minchev Yordan,1698,533,15.966666666666667,3.0,4.0,2.0,0.0,
1445,503474,N. Ongenda,1698,533,24.033333333333335,11.0,9.0,1.0,0.0,
1462,503474,O. Shittu,533,1698,22.8,13.0,5.0,2.0,0.0,
1448,503474,P. Tamba,1698,533,15.233333333333333,7.0,3.0,1.0,1.0,
1461,503474,Schmidt Devin,533,1698,15.133333333333333,18.0,5.0,0.0,6.0,
1443,503474,T. Allen,1698,533,26.5,30.0,1.0,1.0,2.0,
1450,503474,Vila Martinez Eric,1698,533,3.6333333333333333,0.0,1.0,1.0,0.0,
1447,503474,Villar Rafael,1698,533,20.45,2.0,4.0,4.0,0.0,
1477,503475,Abromaitis Tim,2339,1329,27.183333333333334,10.0,7.0,2.0,2.0,
1487,503475,Doornekamp Aaron,2339,1329,4.033333333333333,0.0,0.0,0.0,0.0,
1473,503475,E. Price,1329,2339,9.633333333333333,2.0,1.0,0.0,0.0,
1466,503475,Evans Keenan,1329,2339,25.1,21.0,0.0,2.0,4.0,
1481,503475,Fernandez Jaime,2339,1329,13.016666666666667,0.0,2.0,2.0,0.0,
1479,503475,Fitipaldo Bruno,2339,1329,21.866666666666667,0.0,0.0,6.0,0.0,
1480,503475,Guy Kyle,2339,1329,26.933333333333334,9.0,0.0,3.0,1.0,
1486,503475,H. Alderete,2339,1329,9.116666666666667,0.0,0.0,0.0,0.0,
1478,503475,Happ Ethan,2339,1329,9.166666666666666,3.0,2.0,1.0,0.0,
1483,503475,Huertas Marcelo,2339,1329,18.133333333333333,2.0,1.0,6.0,0.0,
1485,503475,Hunter Vince,2339,1329,11.85,10.0,4.0,0.0,0.0,
1467,503475,J. Scott,1329,2339,28.083333333333332,8.0,3.0,2.0,0.0,
1472,503475,Jones DeVante,1329,2339,21.333333333333332,15.0,3.0,2.0,1.0,
1468,503475,Kennedy Thomas,1329,2339,29.116666666666667,26.0,8.0,2.0,0.0,
1474,503475,L. Horton,1329,2339,24.866666666666667,2.0,1.0,1.0,0.0,
1471,503475,Lewis Maxwell,1329,2339,4.266666666666667,5.0,2.0,0.0,0.0,
1470,503475,Phillip Tarik,1329,2339,21.883333333333333,4.0,0.0,4.0,0.0,
1484,503475,Shermadini Giorgi,2339,1329,18.25,18.0,3.0,0.0,0.0,
1469,503475,Soluade Morayoninuoluwa,1329,2339,22.55,3.0,5.0,5.0,1.0,
1476,503475,T. Bamba,2339,1329,29.483333333333334,16.0,3.0,1.0,2.0,
1482,503475,Van Beck Wesley,2339,1329,10.966666666666667,9.0,0.0,1.0,3.0,
1475,503475,Williams Deane,1329,2339,13.166666666666666,3.0,3.0,1.0,1.0,
1490,503477,Bedime Roman,526,795,21.316666666666666,11.0,11.0,0.0,1.0,
1510,503477,Caffey Michael,795,526,13.316666666666666,0.0,1.0,0.0,0.0,
1492,503477,Christmas William,526,795,24.4,10.0,5.0,4.0,0.0,
1496,503477,Crnjac Ivan,526,795,2.3,0.0,0.0,0.0,0.0,
1503,503477,D. McKnight,795,526,25.316666666666666,16.0,3.0,5.0,0.0,
1493,503477,Edoka Jamie,526,795,3.3833333333333333,0.0,1.0,0.0,0.0,
1505,503477,Fofana Selim,795,526,23.2,13.0,4.0,1.0,1.0,
1500,503477,Henderson Cedric,795,526,28.783333333333335,10.0,4.0,3.0,0.0,
1494,503477,I. Swope,526,795,22.0,7.0,1.0,2.0,1.0,
1488,503477,J. Mintz,526,795,17.916666666666668,16.0,1.0,2.0,0.0,
1507,503477,Jarumbauskas Simas,795,526,9.783333333333333,3.0,1.0,0.0,0.0,
1509,503477,Jogela Tauras,795,526,6.216666666666667,0.0,3.0,0.0,0.0,
1506,503477,K. Nicholson,795,526,12.866666666666667,3.0,3.0,0.0,0.0,
1491,503477,Klepeisz Thomas,526,795,22.516666666666666,9.0,0.0,4.0,3.0,
1498,503477,Knauf Jacob,526,795,14.133333333333333,3.0,3.0,0.0,1.0,
1504,503477,Lukosiunas Karolis,795,526,21.083333333333332,9.0,1.0,3.0,3.0,
1495,503477,N. Alleyne,526,795,17.816666666666666,12.0,1.0,1.0,2.0,
1502,503477,Pacevicius Martynas,795,526,18.7,6.0,8.0,2.0,0.0,
1489,503477,Pape Till,526,795,16.65,0.0,3.0,0.0,0.0,
1499,503477,R. Arcidiacono,526,795,11.966666666666667,0.0,3.0,3.0,0.0,
1497,503477,R. Caisin,526,795,25.6,11.0,4.0,1.0,1.0,
1501,503477,Romancenko Dovydas,795,526,19.533333333333335,6.0,4.0,0.0,2.0,
1508,503477,Venskus Erikas,795,526,21.2,5.0,5.0,0.0,1.0,
1511,503478,Bess Javon,3419,731,15.566666666666666,0.0,2.0,1.0,0.0,
1527,503478,Bowman Ky,731,3419,21.883333333333333,2.0,1.0,3.0,0.0,
1517,503478,C. Bishop,3419,731,21.15,12.0,2.0,2.0,0.0,
1523,503478,Candi Leonardo,731,3419,23.816666666666666,8.0,1.0,4.0,1.0,
1526,503478,De Nicolao Giovanni,731,3419,5.016666666666667,2.0,0.0,2.0,0.0,
1530,503478,Grant Sasha,731,3419,13.65,5.0,0.0,0.0,0.0,
1529,503478,Green Erick,731,3419,20.883333333333333,9.0,2.0,1.0,1.0,
1518,503478,Hill Malcolm,3419,731,20.966666666666665,10.0,4.0,3.0,2.0,
1512,503478,J. McCreary,3419,731,30.716666666666665,15.0,5.0,1.0,0.0,
1515,503478,Kullamae Kristian,3419,731,22.283333333333335,13.0,4.0,3.0,1.0,
1516,503478,Livingston Otis,3419,731,21.5,6.0,2.0,2.0,2.0,
1525,503478,Maretto Octavio,731,3419,4.833333333333333,0.0,0.0,0.0,0.0,
1519,503478,Nicolescu Bogdan,3419,731,16.433333333333334,3.0,0.0,0.0,1.0,
1528,503478,Olinde Louis,731,3419,15.5,11.0,5.0,0.0,1.0,
1520,503478,Parks Jordan,731,3419,20.983333333333334,11.0,5.0,0.0,1.0,
1513,503478,Plavsic Uros,3419,731,20.233333333333334,13.0,5.0,2.0,0.0,
1514,503478,Smart Javonte,3419,731,31.15,26.0,9.0,2.0,6.0,
1522,503478,Tessitori Amedeo,731,3419,22.983333333333334,16.0,6.0,0.0,0.0,
1524,503478,Watson Glynn,731,3419,28.566666666666666,9.0,4.0,3.0,3.0,
1521,503478,Wiltjer Kyle,731,3419,21.883333333333333,19.0,4.0,1.0,2.0,
1541,503479,Atkins Darion,550,791,11.166666666666666,5.0,2.0,0.0,0.0,
1532,503479,B. Burnham,550,791,28.833333333333332,10.0,5.0,2.0,2.0,
1539,503479,C. Williams,550,791,27.45,17.0,1.0,5.0,3.0,
1549,503479,Drell Henri,791,550,21.016666666666666,21.0,6.0,1.0,3.0,
1531,503479,E. Rodl,550,791,11.3,2.0,1.0,1.0,0.0,
1547,503479,E. Tubutis,791,550,24.566666666666666,10.0,7.0,0.0,1.0,
1544,503479,Echodas Martynas,791,550,23.833333333333332,8.0,4.0,0.0,0.0,
1534,503479,Fleming Jr. Phlandrous,550,791,20.866666666666667,6.0,1.0,5.0,0.0,
1545,503479,Franke Yannick,791,550,28.5,14.0,2.0,3.0,2.0,
1546,503479,Fridriksson Elvar,791,550,30.283333333333335,15.0,1.0,6.0,1.0,
1551,503479,Girdziunas Mindaugas,791,550,18.866666666666667,5.0,0.0,1.0,1.0,
1543,503479,Kreismontas Lukas,791,550,19.75,3.0,1.0,2.0,1.0,
1533,503479,N. Ceaser,550,791,24.783333333333335,12.0,3.0,2.0,0.0,
1550,503479,R. Somerville,791,550,1.8166666666666667,2.0,0.0,0.0,0.0,
1537,503479,Richardson Alexander,550,791,2.8833333333333333,0.0,0.0,0.0,0.0,
1535,503479,S. Smith,550,791,16.383333333333333,5.0,1.0,4.0,0.0,
1540,503479,Seric Mateo,550,791,26.75,17.0,1.0,1.0,3.0,
1542,503479,Tarolis Donatas,791,550,16.65,2.0,0.0,0.0,0.0,
1536,503479,U. King,550,791,17.183333333333334,7.0,3.0,0.0,1.0,
1548,503479,Zemaitis Kristupas,791,550,14.716666666666667,4.0,1.0,2.0,0.0,
1538,503479,von Seckendorff Jannis,550,791,12.4,12.0,3.0,2.0,0.0,
1573,503480,Almazan Pablo,1699,606,12.316666666666666,0.0,3.0,2.0,0.0,
1560,503480,Antetokounmpo Kostas,606,1699,9.9,4.0,2.0,1.0,0.0,
1561,503480,Antetokounmpo Thanasis,606,1699,8.45,4.0,1.0,0.0,0.0,
1554,503480,Birch Khem,606,1699,17.266666666666666,0.0,2.0,1.0,0.0,
1562,503480,Bochoridis Eleftherios,606,1699,3.3333333333333335,0.0,1.0,1.0,0.0,
1567,503480,C. Audige,1699,606,26.25,25.0,1.0,3.0,5.0,
1559,503480,Charalampopoulos Vasileios,606,1699,17.333333333333332,13.0,3.0,1.0,1.0,
1564,503480,D. Radosavljevic,1699,606,15.866666666666667,2.0,2.0,0.0,0.0,
1570,503480,D. Steward,1699,606,21.333333333333332,13.0,5.0,2.0,2.0,
1569,503480,Diez Daniel,1699,606,19.1,8.0,4.0,2.0,0.0,
1556,503480,Dimitrijevic Nenad,606,1699,21.966666666666665,21.0,2.0,6.0,2.0,
1565,503480,Doumbouya Sekou,1699,606,26.483333333333334,18.0,8.0,3.0,0.0,
1566,503480,Guerrero Ruben,1699,606,9.316666666666666,2.0,1.0,0.0,0.0,
1575,503480,J. Taboada,1699,606,11.333333333333334,0.0,4.0,0.0,0.0,
1571,503480,Koprivica Balsa,1699,606,12.816666666666666,9.0,4.0,0.0,0.0,
1553,503480,Liddell EJ,606,1699,13.6,5.0,5.0,2.0,1.0,
1557,503480,M. Morgan,606,1699,23.816666666666666,11.0,1.0,4.0,3.0,
1555,503480,Mitrou-Long Elijah,606,1699,14.316666666666666,7.0,1.0,1.0,1.0,
1563,503480,Mokoka Adam,606,1699,23.166666666666668,11.0,1.0,0.0,1.0,
1574,503480,R. Lobaco,1699,606,13.15,3.0,2.0,2.0,1.0,
1552,503480,Robinson Jeremiah,606,1699,28.516666666666666,11.0,10.0,2.0,1.0,
1568,503480,Samar Ziga,1699,606,19.75,0.0,4.0,5.0,0.0,
1572,503480,Sengfelder Christian,1699,606,12.283333333333333,0.0,4.0,1.0,0.0,
1558,503480,Toliopoulos Vasileios,606,1699,18.333333333333332,6.0,3.0,2.0,2.0,
1580,503481,Blazic Jaka,1800,1792,16.15,5.0,2.0,1.0,1.0,
1594,503481,Brown Lorenzo,1792,1800,15.033333333333333,4.0,2.0,4.0,0.0,
1592,503481,Burg Ethan,1792,1800,9.466666666666667,2.0,0.0,2.0,0.0,
1584,503481,C. Houindo,1800,1792,12.916666666666666,4.0,1.0,0.0,0.0,
1593,503481,Cacok Devontae,1792,1800,22.883333333333333,6.0,7.0,1.0,0.0,
1586,503481,Cerkvenik Miha,1800,1792,9.433333333333334,2.0,3.0,0.0,0.0,
1579,503481,Cowan Jr. Anthony,1800,1792,33.55,14.0,1.0,5.0,1.0,
1587,503481,D. Skara,1800,1792,25.65,6.0,3.0,2.0,0.0,
1583,503481,D. Ustun,1800,1792,2.35,0.0,0.0,0.0,0.0,
1577,503481,Hurt Matthew,1800,1792,18.733333333333334,5.0,5.0,1.0,0.0,
1578,503481,J. Johnson,1800,1792,8.916666666666666,3.0,2.0,0.0,0.0,
1576,503481,Kirkwood Noah,1800,1792,20.0,17.0,3.0,0.0,4.0,
1596,503481,Levi Nimrod,1792,1800,8.95,0.0,2.0,0.0,0.0,
1588,503481,Lofton Kenneth,1792,1800,20.716666666666665,11.0,7.0,1.0,0.0,
1582,503481,Lomazs Rihards,1800,1792,24.116666666666667,6.0,1.0,2.0,1.0,
1590,503481,Miletic Dusan,1792,1800,17.116666666666667,14.0,8.0,0.0,1.0,
1595,503481,Milton Shake,1792,1800,24.733333333333334,10.0,1.0,3.0,0.0,
1585,503481,O. Osifo,1800,1792,13.25,2.0,3.0,0.0,0.0,
1581,503481,Radovic Rok,1800,1792,14.933333333333334,0.0,4.0,1.0,0.0,
1589,503481,Roddy David,1792,1800,28.7,12.0,4.0,3.0,2.0,
1591,503481,Smith Jaleen,1792,1800,29.933333333333334,9.0,3.0,3.0,2.0,
1597,503481,Zoosman Yovel,1792,1800,22.466666666666665,7.0,3.0,0.0,0.0,
1618,503482,A. Jakimovski,690,1615,6.65,0.0,1.0,0.0,0.0,
1615,503482,A. Sankare,690,1615,4.116666666666666,2.0,0.0,0.0,0.0,
1608,503482,Bouteille Axel,1615,690,25.083333333333332,4.0,3.0,2.0,0.0,
1600,503482,Boutsiele Jerry,1615,690,17.766666666666666,2.0,5.0,0.0,0.0,
1617,503482,Brown Markel,690,1615,22.1,8.0,1.0,3.0,2.0,
1619,503482,Caruso Guglielmo,690,1615,10.783333333333333,6.0,5.0,0.0,0.0,
1599,503482,D. Jovanovic,1615,690,20.416666666666668,3.0,3.0,1.0,1.0,
1607,503482,Djordjevic Stefan,1615,690,11.816666666666666,10.0,1.0,0.0,0.0,
1612,503482,Dowtin Jeff,690,1615,23.133333333333333,12.0,4.0,1.0,0.0,
1609,503482,Faggian Leonardo,690,1615,15.1,6.0,3.0,1.0,2.0,
1606,503482,Ferrell Yogi,1615,690,22.8,19.0,4.0,6.0,3.0,
1605,503482,Hadzibegovic Emir,1615,690,14.333333333333334,0.0,2.0,0.0,0.0,
1601,503482,I. Molinar,1615,690,17.45,4.0,2.0,1.0,0.0,
1598,503482,J. Morgan,1615,690,10.266666666666667,3.0,1.0,0.0,1.0,
1616,503482,J. White,690,1615,21.666666666666668,17.0,4.0,1.0,1.0,
1611,503482,K. Tarczewski,690,1615,14.2,0.0,3.0,1.0,0.0,
1602,503482,Kovliar Oleksandr,1615,690,22.2,10.0,0.0,3.0,1.0,
1613,503482,Petrucelli John,690,1615,24.7,11.0,3.0,2.0,1.0,
1610,503482,Seljaas Zac,690,1615,30.183333333333334,23.0,7.0,4.0,4.0,
1604,503482,Shayok Marial,1615,690,17.55,10.0,3.0,1.0,0.0,
1603,503482,Smith Justin,1615,690,20.316666666666666,10.0,6.0,0.0,0.0,
1614,503482,Spissu Marco,690,1615,27.366666666666667,8.0,2.0,11.0,2.0,
1633,503483,A. Schumacher,790,7903,31.95,12.0,2.0,6.0,3.0,
1628,503483,Ayayi Gerald,7903,790,24.083333333333332,8.0,7.0,4.0,1.0,
1631,503483,Baslyk Daniel,790,7903,15.55,3.0,2.0,1.0,1.0,
1625,503483,Davis Jr. Corey,7903,790,24.733333333333334,6.0,3.0,3.0,1.0,
1624,503483,E. Stevenson,7903,790,23.666666666666668,11.0,6.0,0.0,2.0,
1632,503483,Fevrier Ivan,790,7903,28.133333333333333,15.0,5.0,1.0,1.0,
1626,503483,G. Emejuru,7903,790,10.0,2.0,3.0,0.0,0.0,
1638,503483,G. Nemeiksa,790,7903,9.983333333333333,2.0,5.0,1.0,0.0,
1629,503483,G. Odzebe,7903,790,2.05,2.0,1.0,0.0,0.0,
1634,503483,Jaramaz Ognjen,790,7903,30.116666666666667,13.0,6.0,5.0,1.0,
1635,503483,K. Kennedy,790,7903,27.1,15.0,1.0,0.0,2.0,
1630,503483,M. Ilic,790,7903,17.983333333333334,7.0,2.0,0.0,0.0,
1637,503483,Maldunas Gabrielius,790,7903,22.016666666666666,9.0,3.0,0.0,0.0,
1623,503483,Mannion Nico,7903,790,26.716666666666665,21.0,4.0,4.0,2.0,
1620,503483,Mezzanotte Andrea,7903,790,15.633333333333333,3.0,0.0,0.0,1.0,
1627,503483,P. Watson,7903,790,23.683333333333334,11.0,4.0,2.0,3.0,
1636,503483,Radzius Nojus,790,7903,,0.0,0.0,0.0,0.0,
1622,503483,Simonovic Marko,7903,790,29.666666666666668,21.0,7.0,2.0,0.0,
1621,503483,Strautins Arturs,7903,790,19.766666666666666,7.0,2.0,0.0,2.0,
1639,503483,Valinskas Marius,790,7903,17.166666666666668,11.0,3.0,2.0,2.0,
1645,503484,A. Ducas,1369,1264,12.3,0.0,1.0,0.0,0.0,
1644,503484,A. Stoimenov,1369,1264,20.366666666666667,7.0,0.0,1.0,0.0,
1658,503484,Akpinar Ismet,1264,1369,20.05,4.0,2.0,1.0,1.0,
1657,503484,Avramovic Aleksa,1264,1369,18.1,15.0,2.0,1.0,3.0,
1653,503484,Cavanaugh Tyler,1264,1369,22.066666666666666,12.0,4.0,2.0,0.0,
1640,503484,Edge Darnell,1369,1264,31.6,11.0,0.0,3.0,2.0,
1655,503484,Flynn Malachi,1264,1369,21.883333333333333,12.0,1.0,4.0,0.0,
1660,503484,Haltali Furkan,1264,1369,22.283333333333335,9.0,5.0,1.0,0.0,
1659,503484,Inglis Damien,1264,1369,17.933333333333334,12.0,4.0,5.0,1.0,
1646,503484,Ivanov Pavlin,1369,1264,30.25,8.0,1.0,0.0,2.0,
1643,503484,J. McCoy,1369,1264,3.4,0.0,0.0,0.0,0.0,
1652,503484,Mike Isiaha,1264,1369,22.25,14.0,5.0,1.0,2.0,
1641,503484,Okwera David,1369,1264,13.5,0.0,0.0,0.0,0.0,
1661,503484,Ponitka Mateusz,1264,1369,15.916666666666666,2.0,2.0,3.0,0.0,
1656,503484,Sipahi Kenan,1264,1369,21.883333333333333,11.0,5.0,4.0,3.0,
1649,503484,Sotirov Martin,1369,1264,20.383333333333333,10.0,4.0,1.0,2.0,
1651,503484,Spirov Ivan,1369,1264,5.366666666666666,0.0,0.0,0.0,0.0,
1642,503484,Sukhmail Mathon,1369,1264,19.266666666666666,2.0,6.0,3.0,0.0,
1648,503484,Toshkov Konstantin,1369,1264,22.916666666666668,11.0,1.0,4.0,1.0,
1647,503484,U. Kamka-Chomke,1369,1264,12.95,9.0,5.0,0.0,0.0,
1654,503484,Williams Trevion,1264,1369,17.633333333333333,10.0,6.0,3.0,0.0,
1650,503484,Y. Melikyan,1369,1264,7.7,2.0,1.0,0.0,0.0,
1677,503666,A. Hruba,7454,461,23.55,7.0,3.0,3.0,1.0,
1673,503666,A. Jedlickova,7454,461,19.55,0.0,3.0,2.0,0.0,
1663,503666,Cazorla Maite,461,7454,28.75,9.0,2.0,6.0,1.0,
1669,503666,E. Javanska,461,7454,4.65,0.0,0.0,0.0,0.0,
1676,503666,E. Merriweather,7454,461,15.25,6.0,7.0,0.0,0.0,
1674,503666,Effangova Pamela,7454,461,26.583333333333332,12.0,2.0,1.0,1.0,
1662,503666,F. Buhner,461,7454,31.2,17.0,11.0,2.0,1.0,
1666,503666,Fraser Brianna,461,7454,25.183333333333334,15.0,7.0,1.0,1.0,
1668,503666,K. Kalna,461,7454,15.366666666666667,9.0,5.0,0.0,1.0,
1678,503666,K. Kelerova,7454,461,22.15,15.0,1.0,2.0,5.0,
1667,503666,K. Petlanova,461,7454,14.883333333333333,2.0,1.0,3.0,0.0,
1670,503666,K. Tausova,461,7454,10.866666666666667,0.0,0.0,0.0,0.0,
1671,503666,Koucka Natalie,461,7454,9.9,6.0,4.0,0.0,0.0,
1679,503666,M. Hrbacova,7454,461,19.033333333333335,4.0,5.0,3.0,0.0,
1675,503666,M. Stankova,7454,461,20.966666666666665,6.0,2.0,3.0,0.0,
1665,503666,M. Toure,461,7454,29.133333333333333,22.0,5.0,2.0,4.0,
1664,503666,Malikova Petra,461,7454,30.066666666666666,11.0,7.0,3.0,0.0,
1680,503666,S. Kaducova,7454,461,24.75,19.0,12.0,1.0,1.0,
1672,503666,Z. Krizova,7454,461,28.166666666666668,7.0,6.0,1.0,1.0,
1701,503667,A. Belacova,3391,462,10.216666666666667,0.0,2.0,0.0,0.0,
1684,503667,A. Kytlicova,462,3391,14.816666666666666,14.0,0.0,1.0,0.0,
1696,503667,Burgar Ajda,3391,462,18.1,4.0,2.0,0.0,0.0,
1681,503667,Colley Shay,462,3391,16.583333333333332,13.0,11.0,4.0,2.0,
1691,503667,E. Kamenikova,462,3391,15.016666666666667,6.0,3.0,0.0,0.0,
1689,503667,Fucikova Monika,462,3391,16.516666666666666,9.0,3.0,0.0,1.0,
1686,503667,Ginzo Paula,462,3391,21.766666666666666,17.0,7.0,3.0,1.0,
1685,503667,Giomi Lydia,462,3391,15.35,20.0,7.0,1.0,0.0,
1694,503667,J. Pavic,3391,462,29.216666666666665,4.0,4.0,2.0,0.0,
1693,503667,K. Bell,3391,462,28.266666666666666,9.0,7.0,1.0,0.0,
1697,503667,Kralova Tereza,3391,462,21.9,3.0,1.0,0.0,1.0,
1699,503667,L. Ceralova,3391,462,12.716666666666667,2.0,3.0,0.0,0.0,
1692,503667,M. Boyd,3391,462,24.133333333333333,11.0,4.0,1.0,3.0,
1688,503667,M. Hamzova,462,3391,15.833333333333334,9.0,4.0,0.0,0.0,
1700,503667,M. Palanova,3391,462,2.283333333333333,0.0,0.0,0.0,0.0,
1698,503667,M. Stovickova,3391,462,11.666666666666666,1.0,0.0,0.0,0.0,
1695,503667,Ondrouskova Andrea,3391,462,24.366666666666667,3.0,0.0,3.0,0.0,
1683,503667,Ryan Robbi,462,3391,22.216666666666665,5.0,8.0,8.0,0.0,
1690,503667,Sklenarova Simona,462,3391,17.583333333333332,7.0,5.0,1.0,1.0,
1682,503667,Stoupalova Natalie,462,3391,17.383333333333333,8.0,4.0,1.0,0.0,
1702,503667,V. Staflova,3391,462,11.683333333333334,2.0,0.0,1.0,0.0,
1687,503667,Zeithammerova Katerina,462,3391,22.033333333333335,4.0,2.0,11.0,0.0,
1704,503668,Bartonova Katerina,454,456,28.933333333333334,14.0,11.0,6.0,1.0,
1703,503668,C. Moore-Mcneil,454,456,23.866666666666667,8.0,3.0,5.0,1.0,
1716,503668,C. O'Keefe,456,454,13.15,3.0,5.0,0.0,0.0,
1710,503668,E. Blahova,454,456,20.816666666666666,2.0,3.0,1.0,0.0,
1709,503668,E. Jancarkova,454,456,2.9166666666666665,0.0,0.0,0.0,0.0,
1719,503668,Hibalova Jesika,456,454,23.933333333333334,8.0,3.0,4.0,2.0,
1705,503668,K. Striplin,454,456,27.983333333333334,10.0,8.0,2.0,0.0,
1707,503668,Kadlecova Valentyna,454,456,30.1,13.0,4.0,1.0,2.0,
1718,503668,Krausova Vendula,456,454,9.683333333333334,4.0,0.0,0.0,0.0,
1720,503668,Lukackova Natalie,456,454,26.5,11.0,7.0,0.0,1.0,
1706,503668,M. Heide,454,456,31.0,12.0,6.0,3.0,0.0,
1708,503668,M. Krejzova,454,456,5.8,3.0,1.0,0.0,0.0,
1722,503668,M. Petrenaite,456,454,18.316666666666666,4.0,8.0,1.0,0.0,
1714,503668,M. Zilova,456,454,16.066666666666666,4.0,6.0,2.0,0.0,
1711,503668,N. Kubinova,454,456,8.833333333333334,0.0,1.0,1.0,0.0,
1717,503668,Rokkanen Sara,456,454,28.566666666666666,12.0,3.0,1.0,2.0,
1713,503668,S. Puckett,456,454,31.566666666666666,15.0,11.0,1.0,0.0,
1723,503668,Travnickova Tereza,456,454,3.75,0.0,1.0,0.0,0.0,
1712,503668,V. Kozakova,454,456,19.75,9.0,2.0,1.0,1.0,
1721,503668,V. Vesela,456,454,6.016666666666667,1.0,3.0,0.0,0.0,
1715,503668,Vondrackova Michaela,456,454,22.45,8.0,4.0,2.0,0.0,
1740,503669,B. Louckova,460,457,12.666666666666666,4.0,0.0,0.0,0.0,
1738,503669,Borsova Veronika,460,457,2.35,0.0,1.0,0.0,0.0,
1729,503669,C. S. Collman,457,460,11.25,0.0,1.0,0.0,0.0,
1727,503669,Domuzin Dragana,457,460,23.15,16.0,5.0,4.0,1.0,
1737,503669,J. Chandler,460,457,28.083333333333332,5.0,7.0,2.0,1.0,
1733,503669,J. N. Johnson,460,457,24.3,14.0,8.0,3.0,0.0,
1735,503669,J. Terry,460,457,25.916666666666668,8.0,10.0,2.0,0.0,
1741,503669,J. Turner,460,457,18.6,5.0,11.0,3.0,0.0,
1731,503669,K. Lass,457,460,20.033333333333335,4.0,8.0,2.0,0.0,
1730,503669,Kanova Katerina,457,460,23.483333333333334,8.0,7.0,3.0,0.0,
1724,503669,Kubickova Eliska,457,460,24.083333333333332,10.0,12.0,3.0,0.0,
1732,503669,L. Valkova,457,460,24.666666666666668,16.0,3.0,2.0,3.0,
1742,503669,Loceniece Lina,460,457,23.05,9.0,2.0,0.0,3.0,
1728,503669,M. Ewodo,457,460,22.1,8.0,4.0,1.0,0.0,
1736,503669,N. Svobodova,460,457,19.983333333333334,2.0,4.0,0.0,0.0,
1725,503669,Smutna Adela,457,460,22.4,8.0,5.0,3.0,2.0,
1739,503669,V. Maattanen,460,457,18.166666666666668,5.0,6.0,0.0,1.0,
1726,503669,Vackova Michaela,457,460,28.833333333333332,4.0,5.0,4.0,0.0,
1734,503669,Vlckova Natalie,460,457,26.883333333333333,3.0,2.0,1.0,0.0,
1752,503670,A. Buknova,455,459,23.5,13.0,3.0,0.0,0.0,
1748,503670,A. Civinova,459,455,7.2,4.0,1.0,0.0,0.0,
1755,503670,A. Harris,455,459,21.85,15.0,11.0,2.0,1.0,
1749,503670,A. Seifrtova,459,455,27.683333333333334,11.0,4.0,1.0,3.0,
1751,503670,A. Vopickova,459,455,8.516666666666667,0.0,1.0,0.0,0.0,
1744,503670,B. Krejcarova,459,455,18.116666666666667,3.0,2.0,4.0,0.0,
1756,503670,Bolardtova Lucie,455,459,17.266666666666666,7.0,4.0,2.0,2.0,
1753,503670,Brozova Anna,455,459,21.316666666666666,0.0,5.0,6.0,0.0,
1747,503670,Croitoru Anisia,459,455,23.433333333333334,10.0,6.0,0.0,0.0,
1759,503670,D. Pencakova,455,459,9.566666666666666,3.0,4.0,1.0,1.0,
1743,503670,H. Kolegarova,459,455,29.683333333333334,2.0,10.0,3.0,0.0,
1754,503670,Hruba Jindriska,455,459,16.583333333333332,3.0,2.0,1.0,0.0,
1760,503670,J. Pilarova,455,459,18.683333333333334,4.0,4.0,2.0,0.0,
1746,503670,K. Hauserova,459,455,35.9,22.0,2.0,4.0,3.0,
1761,503670,N. Vlachova,455,459,16.866666666666667,12.0,0.0,1.0,2.0,
1762,503670,Pilarova Jitka,455,459,20.233333333333334,8.0,5.0,3.0,0.0,
1758,503670,R. Ogele,455,459,17.266666666666666,8.0,9.0,1.0,0.0,
1757,503670,T. Pavelcova,455,459,16.866666666666667,12.0,3.0,2.0,2.0,
1750,503670,V. Vojtikova,459,455,13.7,3.0,0.0,2.0,1.0,
1745,503670,Zitkova Tereza,459,455,35.78333333333333,12.0,4.0,4.0,1.0,
1780,503671,A. Seifrtova,459,456,30.583333333333332,8.0,0.0,1.0,2.0,
1783,503671,A. Vopickova,459,456,8.916666666666666,2.0,2.0,0.0,0.0,
1776,503671,B. Krejcarova,459,456,19.9,1.0,5.0,1.0,0.0,
1770,503671,C. O'Keefe,456,459,20.666666666666668,2.0,8.0,1.0,0.0,
1779,503671,Croitoru Anisia,459,456,21.45,10.0,5.0,2.0,1.0,
1775,503671,H. Kolegarova,459,456,30.466666666666665,4.0,9.0,3.0,0.0,
1763,503671,Hibalova Jesika,456,459,20.066666666666666,6.0,1.0,5.0,0.0,
1772,503671,K. Cahova,456,459,10.0,6.0,5.0,0.0,0.0,
1778,503671,K. Hauserova,459,456,33.083333333333336,5.0,2.0,2.0,1.0,
1768,503671,Krausova Vendula,456,459,20.833333333333332,5.0,3.0,3.0,0.0,
1765,503671,Lukackova Natalie,456,459,11.733333333333333,2.0,2.0,1.0,0.0,
1769,503671,M. Petrenaite,456,459,21.466666666666665,14.0,8.0,3.0,0.0,
1773,503671,M. Zilova,456,459,19.933333333333334,3.0,2.0,2.0,1.0,
1767,503671,Rokkanen Sara,456,459,15.516666666666667,12.0,4.0,0.0,1.0,
1764,503671,S. Puckett,456,459,12.7,15.0,5.0,1.0,1.0,
1774,503671,Travnickova Tereza,456,459,10.083333333333334,7.0,8.0,0.0,1.0,
1782,503671,V. Mesikova,459,456,6.383333333333334,0.0,2.0,0.0,0.0,
1771,503671,V. Vesela,456,459,17.75,9.0,6.0,1.0,0.0,
1781,503671,V. Vojtikova,459,456,16.266666666666666,6.0,1.0,1.0,2.0,
1766,503671,Vondrackova Michaela,456,459,19.25,6.0,4.0,0.0,0.0,
1777,503671,Zitkova Tereza,459,456,32.95,17.0,1.0,3.0,1.0,
1784,503672,A. Buknova,455,457,31.166666666666668,16.0,2.0,3.0,1.0,
1787,503672,A. Harris,455,457,26.983333333333334,7.0,7.0,6.0,0.0,
1786,503672,Bolardtova Lucie,455,457,17.983333333333334,3.0,7.0,1.0,1.0,
1785,503672,Brozova Anna,455,457,25.533333333333335,20.0,1.0,3.0,4.0,
1799,503672,C. S. Collman,457,455,11.75,3.0,2.0,0.0,1.0,
1792,503672,D. Pencakova,455,457,11.266666666666667,4.0,1.0,1.0,0.0,
1797,503672,Domuzin Dragana,457,455,25.716666666666665,16.0,5.0,5.0,0.0,
1789,503672,Hruba Jindriska,455,457,5.766666666666667,0.0,1.0,1.0,0.0,
1790,503672,J. Pilarova,455,457,16.516666666666666,5.0,1.0,0.0,0.0,
1801,503672,K. Lass,457,455,25.133333333333333,14.0,5.0,3.0,3.0,
1800,503672,Kanova Katerina,457,455,19.15,4.0,4.0,2.0,0.0,
1794,503672,Kubickova Eliska,457,455,23.05,5.0,2.0,3.0,1.0,
1802,503672,L. Valkova,457,455,24.066666666666666,11.0,9.0,4.0,3.0,
1798,503672,M. Ewodo,457,455,30.483333333333334,20.0,6.0,1.0,6.0,
1788,503672,N. Vlachova,455,457,26.933333333333334,7.0,4.0,0.0,1.0,
1793,503672,Pilarova Jitka,455,457,18.65,6.0,3.0,0.0,0.0,
1791,503672,R. Ogele,455,457,19.183333333333334,8.0,8.0,0.0,0.0,
1795,503672,Smutna Adela,457,455,15.85,2.0,0.0,0.0,0.0,
1796,503672,Vackova Michaela,457,455,24.8,3.0,4.0,2.0,1.0,
1803,503673,A. Hruba,7454,462,22.666666666666668,0.0,4.0,2.0,0.0,
1811,503673,A. Jedlickova,7454,462,23.616666666666667,3.0,5.0,0.0,0.0,
1822,503673,A. Kytlicova,462,7454,16.833333333333332,2.0,0.0,1.0,0.0,
1821,503673,B. Subova,462,7454,7.916666666666667,2.0,2.0,1.0,0.0,
1817,503673,Colley Shay,462,7454,15.45,15.0,3.0,3.0,3.0,
1820,503673,E. Kamenikova,462,7454,8.4,2.0,2.0,0.0,0.0,
1810,503673,E. Merriweather,7454,462,27.333333333333332,14.0,6.0,0.0,0.0,
1805,503673,Effangova Pamela,7454,462,29.666666666666668,2.0,4.0,0.0,0.0,
1818,503673,Fucikova Monika,462,7454,17.316666666666666,4.0,7.0,1.0,0.0,
1819,503673,Ginzo Paula,462,7454,20.683333333333334,11.0,4.0,5.0,0.0,
1816,503673,Giomi Lydia,462,7454,22.5,10.0,10.0,4.0,0.0,
1823,503673,Hamzova Eliska,462,7454,14.833333333333334,2.0,3.0,1.0,0.0,
1809,503673,K. Kelerova,7454,462,15.633333333333333,0.0,0.0,3.0,0.0,
1814,503673,M. Hamzova,462,7454,13.483333333333333,2.0,4.0,1.0,0.0,
1808,503673,M. Hrbacova,7454,462,14.983333333333333,4.0,6.0,1.0,0.0,
1806,503673,M. Stankova,7454,462,25.016666666666666,9.0,4.0,2.0,1.0,
1815,503673,Ryan Robbi,462,7454,23.916666666666668,17.0,8.0,3.0,3.0,
1807,503673,S. Kaducova,7454,462,12.666666666666666,2.0,2.0,0.0,0.0,
1813,503673,Stoupalova Natalie,462,7454,20.5,12.0,4.0,4.0,2.0,
1804,503673,Z. Krizova,7454,462,28.416666666666668,3.0,3.0,1.0,1.0,
1812,503673,Zeithammerova Katerina,462,7454,18.166666666666668,9.0,0.0,1.0,1.0,
1842,503674,Andelova Gabriela,461,460,25.866666666666667,12.0,4.0,2.0,2.0,
1832,503674,B. Louckova,460,461,13.483333333333333,0.0,1.0,2.0,0.0,
1829,503674,Borsova Veronika,460,461,1.6666666666666665,0.0,0.0,1.0,0.0,
1836,503674,Cazorla Maite,461,460,28.633333333333333,9.0,3.0,2.0,1.0,
1843,503674,E. Javanska,461,460,1.6666666666666665,0.0,0.0,0.0,0.0,
1835,503674,F. Buhner,461,460,27.783333333333335,15.0,10.0,1.0,1.0,
1839,503674,Fraser Brianna,461,460,29.35,12.0,7.0,2.0,0.0,
1828,503674,J. Chandler,460,461,29.866666666666667,6.0,14.0,2.0,1.0,
1824,503674,J. N. Johnson,460,461,22.216666666666665,21.0,4.0,1.0,1.0,
1826,503674,J. Terry,460,461,24.766666666666666,4.0,5.0,1.0,1.0,
1833,503674,J. Turner,460,461,12.683333333333334,7.0,4.0,0.0,0.0,
1841,503674,K. Kalna,461,460,11.65,2.0,3.0,0.0,0.0,
1840,503674,K. Petlanova,461,460,5.983333333333333,4.0,0.0,0.0,0.0,
1844,503674,K. Tausova,461,460,7.183333333333334,0.0,1.0,1.0,0.0,
1831,503674,K. Trojanova,460,461,15.516666666666667,2.0,3.0,3.0,0.0,
1845,503674,Koucka Natalie,461,460,14.5,4.0,4.0,0.0,0.0,
1834,503674,Loceniece Lina,460,461,24.416666666666668,17.0,2.0,2.0,5.0,
1838,503674,M. Toure,461,460,24.516666666666666,15.0,3.0,0.0,3.0,
1837,503674,Malikova Petra,461,460,22.866666666666667,19.0,4.0,2.0,4.0,
1827,503674,N. Svobodova,460,461,15.366666666666667,5.0,1.0,2.0,1.0,
1830,503674,V. Maattanen,460,461,14.8,9.0,3.0,0.0,1.0,
1825,503674,Vlckova Natalie,460,461,25.216666666666665,0.0,5.0,1.0,0.0,
1855,503675,A. Belacova,3391,454,11.1,6.0,0.0,1.0,1.0,
1858,503675,Bartonova Katerina,454,3391,26.75,10.0,6.0,2.0,0.0,
1850,503675,Burgar Ajda,3391,454,26.716666666666665,8.0,6.0,2.0,0.0,
1857,503675,C. Moore-Mcneil,454,3391,38.1,20.0,7.0,1.0,2.0,
1864,503675,E. Blahova,454,3391,19.333333333333332,4.0,2.0,2.0,0.0,
1856,503675,J. Pavic,3391,454,27.65,3.0,8.0,2.0,0.0,
1847,503675,K. Bell,3391,454,33.333333333333336,29.0,7.0,1.0,1.0,
1859,503675,K. Striplin,454,3391,31.733333333333334,21.0,2.0,0.0,0.0,
1861,503675,Kadlecova Valentyna,454,3391,33.4,20.0,4.0,1.0,2.0,
1848,503675,Kralova Tereza,3391,454,30.75,7.0,6.0,1.0,1.0,
1849,503675,L. Ceralova,3391,454,16.1,4.0,3.0,1.0,0.0,
1846,503675,M. Boyd,3391,454,19.566666666666666,10.0,5.0,3.0,2.0,
1860,503675,M. Heide,454,3391,32.233333333333334,17.0,5.0,1.0,2.0,
1863,503675,M. Krejzova,454,3391,21.333333333333332,5.0,3.0,1.0,0.0,
1853,503675,M. Stovickova,3391,454,2.95,0.0,0.0,1.0,0.0,
1862,503675,N. Kubinova,454,3391,8.0,0.0,0.0,0.0,0.0,
1852,503675,Ondrouskova Andrea,3391,454,25.633333333333333,24.0,6.0,2.0,4.0,
1851,503675,Suchanova Katerina,3391,454,26.416666666666668,9.0,2.0,2.0,3.0,
1865,503675,V. Kozakova,454,3391,14.116666666666667,0.0,0.0,0.0,0.0,
1854,503675,V. Staflova,3391,454,4.783333333333333,0.0,2.0,1.0,0.0,
1870,503808,C. Calhoun,821,6479,41.43333333333333,22.0,3.0,1.0,0.0,
1882,503808,Camacho Jorge,6479,821,8.533333333333333,0.0,2.0,0.0,0.0,
1869,503808,D. Carlisle,821,6479,35.0,10.0,10.0,3.0,0.0,
1866,503808,D. Daniels,821,6479,42.3,16.0,7.0,4.0,1.0,
1878,503808,De Lattibeaudiere Tyran,6479,821,22.166666666666668,6.0,6.0,1.0,0.0,
1880,503808,E. King,6479,821,28.316666666666666,4.0,8.0,0.0,0.0,
1872,503808,Haro Carlos,821,6479,14.733333333333333,0.0,2.0,1.0,0.0,
1876,503808,I. Montano,6479,821,14.75,1.0,0.0,1.0,0.0,
1874,503808,J. Franklin,821,6479,8.616666666666667,6.0,1.0,0.0,1.0,
1867,503808,J. Reyna,821,6479,41.43333333333333,14.0,4.0,0.0,3.0,
1873,503808,J. T. Moore,821,6479,18.3,12.0,1.0,0.0,0.0,
1868,503808,J. Torres,821,6479,16.916666666666668,2.0,2.0,0.0,0.0,
1877,503808,Johnson Shaquille,6479,821,34.21666666666667,35.0,6.0,1.0,3.0,
1871,503808,K. Clark,821,6479,6.266666666666667,3.0,2.0,0.0,1.0,
1881,503808,K. Rodriguez,6479,821,21.116666666666667,0.0,2.0,0.0,0.0,
1879,503808,Mayers Michael,6479,821,30.983333333333334,22.0,9.0,2.0,0.0,
1875,503808,Scrubb Thomas,6479,821,37.36666666666667,8.0,10.0,0.0,1.0,
1883,503808,T. Cotton,6479,821,27.55,14.0,0.0,0.0,1.0,
1893,503809,A. Villanueva,6478,7437,3.4166666666666665,0.0,1.0,0.0,0.0,
1897,503809,Alaekwe Christian,7437,6478,27.75,12.0,5.0,0.0,2.0,
1901,503809,De Haro Omar,7437,6478,4.7,0.0,0.0,0.0,0.0,
1892,503809,E. Romero,6478,7437,20.45,6.0,6.0,1.0,0.0,
1887,503809,Eddie Jarell,6478,7437,34.166666666666664,16.0,3.0,2.0,4.0,
1885,503809,F. King,6478,7437,32.55,9.0,2.0,0.0,1.0,
1886,503809,G. Solano,6478,7437,29.566666666666666,6.0,5.0,6.0,1.0,
1894,503809,J. De Jesus,7437,6478,34.38333333333333,20.0,1.0,2.0,1.0,
1884,503809,J. Geronimo,6478,7437,10.7,2.0,4.0,2.0,0.0,
1903,503809,J. Zesati,7437,6478,6.783333333333333,0.0,2.0,0.0,0.0,
1899,503809,K. Feagin,7437,6478,20.5,4.0,2.0,4.0,0.0,
1895,503809,K. Gaddy,7437,6478,22.95,11.0,3.0,0.0,2.0,
1896,503809,K. Hankerson,7437,6478,23.816666666666666,9.0,1.0,2.0,1.0,
1898,503809,K. Kramer,7437,6478,23.483333333333334,0.0,11.0,0.0,0.0,
1902,503809,M. Agbonkpolo,7437,6478,16.433333333333334,4.0,6.0,1.0,0.0,
1900,503809,Mitchell Charles,7437,6478,14.616666666666667,4.0,4.0,1.0,0.0,
1890,503809,P. Stoll,6478,7437,1.7333333333333334,0.0,1.0,0.0,0.0,
1891,503809,Rudd Victor,6478,7437,24.966666666666665,11.0,4.0,1.0,3.0,
1889,503809,S. Nelson,6478,7437,19.233333333333334,9.0,5.0,6.0,0.0,
1888,503809,W. Reed,6478,7437,18.633333333333333,15.0,5.0,2.0,0.0,
1911,503810,A. Barriga,6063,5985,1.65,0.0,1.0,1.0,0.0,
1913,503810,Astudillo Diego,6063,5985,8.283333333333333,0.0,1.0,1.0,0.0,
1925,503810,B. Boyd,5985,6063,32.9,21.0,5.0,4.0,5.0,
1919,503810,C. Gutierrez,5985,6063,6.933333333333334,0.0,2.0,2.0,0.0,
1905,503810,Calloway Jacob,6063,5985,26.55,24.0,6.0,1.0,5.0,
1918,503810,D. Fountain,5985,6063,23.483333333333334,9.0,10.0,1.0,0.0,
1923,503810,F. Pirela,5985,6063,23.533333333333335,14.0,1.0,3.0,2.0,
1917,503810,Garrett William,5985,6063,10.933333333333334,1.0,1.0,0.0,0.0,
1907,503810,Harrison Andrew,6063,5985,26.233333333333334,7.0,6.0,5.0,1.0,
1921,503810,I. Gallegos,5985,6063,5.65,0.0,0.0,0.0,0.0,
1906,503810,J. Blake,6063,5985,35.516666666666666,14.0,9.0,9.0,0.0,
1909,503810,J. Vazquez,6063,5985,5.9,1.0,2.0,0.0,0.0,
1904,503810,J. White,6063,5985,28.166666666666668,19.0,4.0,2.0,0.0,
1920,503810,K. Rose,5985,6063,32.28333333333333,15.0,6.0,1.0,1.0,
1915,503810,Kigab Abu,6063,5985,6.1,10.0,0.0,0.0,2.0,
1908,503810,N. Ward,6063,5985,13.45,8.0,5.0,1.0,0.0,
1914,503810,Q. Alexander,6063,5985,24.45,6.0,3.0,0.0,0.0,
1924,503810,R. Garcia,5985,6063,6.366666666666666,2.0,2.0,0.0,0.0,
1910,503810,R. Mart,6063,5985,21.6,19.0,7.0,7.0,1.0,
1912,503810,Ramirez Juan,6063,5985,1.65,0.0,0.0,0.0,0.0,
1922,503810,T. T. Millin,5985,6063,25.466666666666665,14.0,4.0,0.0,1.0,
1916,503810,Z. Garrett Brown,5985,6063,32.45,11.0,5.0,0.0,2.0,
1938,503811,A. Banks,817,829,35.2,20.0,5.0,4.0,2.0,
1929,503811,A. Cisneros,829,817,30.333333333333332,13.0,6.0,1.0,2.0,
1933,503811,B. Rivera,829,817,8.433333333333334,6.0,1.0,0.0,1.0,
1943,503811,Castro Alberto,817,829,0.38333333333333336,0.0,0.0,0.0,0.0,
1936,503811,D. Gaines,817,829,33.416666666666664,15.0,6.0,1.0,4.0,
1939,503811,D. McClenton,817,829,31.583333333333332,15.0,8.0,2.0,0.0,
1932,503811,Doria Lucas,829,817,15.233333333333333,2.0,6.0,1.0,0.0,
1931,503811,Ferguson Romeao,829,817,12.4,12.0,2.0,0.0,1.0,
1937,503811,G. Santiago,817,829,30.116666666666667,6.0,8.0,5.0,0.0,
1935,503811,Goncalves Kayo,829,817,13.4,5.0,2.0,0.0,1.0,
1941,503811,Henderson Jordan,817,829,19.833333333333332,3.0,1.0,2.0,1.0,
1940,503811,J. Winston,817,829,23.266666666666666,10.0,4.0,0.0,0.0,
1930,503811,M. Ramos,829,817,11.966666666666667,4.0,4.0,1.0,1.0,
1926,503811,Miller Tavario,829,817,25.316666666666666,10.0,3.0,1.0,1.0,
1944,503811,P. Leal-Cruz,817,829,11.1,7.0,1.0,1.0,1.0,
1942,503811,R. Olea,817,829,15.1,5.0,0.0,1.0,0.0,
1927,503811,Smith Daishon,829,817,31.483333333333334,12.0,3.0,5.0,2.0,
1928,503811,Valinotti Joaquin,829,817,28.633333333333333,3.0,1.0,8.0,1.0,
1934,503811,W. Saunders,829,817,22.8,7.0,1.0,1.0,1.0,
1952,503812,A. Anderson,819,823,26.483333333333334,14.0,5.0,2.0,0.0,
1956,503812,A. Holmes,823,819,26.383333333333333,8.0,1.0,4.0,0.0,
1964,503812,Anderson Alphonso,823,819,13.15,0.0,2.0,0.0,0.0,
1953,503812,Ascanio Jose,819,823,26.633333333333333,6.0,5.0,3.0,1.0,
1955,503812,Bamforth Scott,823,819,25.366666666666667,7.0,2.0,4.0,1.0,
1954,503812,Benson Barret,819,823,22.366666666666667,9.0,5.0,3.0,1.0,
1947,503812,Cruz Saldivar Francisco Javier,819,823,25.35,3.0,4.0,4.0,1.0,
1961,503812,D. Bejarano,823,819,18.633333333333333,12.0,4.0,1.0,2.0,
1957,503812,D. Giron,823,819,11.333333333333334,2.0,0.0,0.0,0.0,
1962,503812,F. Jaimes,823,819,5.533333333333333,2.0,0.0,0.0,0.0,
1959,503812,Ibarra Joshua,823,819,28.8,24.0,16.0,1.0,0.0,
1963,503812,J. Andriassi,823,819,4.433333333333334,0.0,1.0,0.0,0.0,
1958,503812,J. Avila,823,819,26.216666666666665,7.0,7.0,4.0,1.0,
1945,503812,Kyser Michael,819,823,17.633333333333333,2.0,2.0,1.0,0.0,
1960,503812,Langston Wayne,823,819,18.916666666666668,4.0,3.0,4.0,0.0,
1951,503812,M. Andriassi,819,823,9.9,2.0,1.0,0.0,0.0,
1948,503812,Mendoza Rigoberto,819,823,33.38333333333333,20.0,8.0,1.0,2.0,
1946,503812,Mensia Joaquin,819,823,6.333333333333333,3.0,3.0,0.0,0.0,
1950,503812,Slaughter A. J.,819,823,18.55,8.0,5.0,3.0,2.0,
1965,503812,T. Fernandez,823,819,21.233333333333334,11.0,3.0,2.0,3.0,
1949,503812,Zubcic Tomislav,819,823,13.366666666666667,7.0,3.0,0.0,1.0,
1976,503813,A. Trice,822,830,26.3,12.0,9.0,0.0,0.0,
1974,503813,C. Negron,830,822,13.55,2.0,2.0,0.0,0.0,
1984,503813,Cherry Will,822,830,13.483333333333333,9.0,2.0,0.0,2.0,
1972,503813,De La Serna Jorge,830,822,15.0,11.0,9.0,0.0,0.0,
1970,503813,G. Giron,830,822,30.833333333333332,11.0,1.0,4.0,3.0,
1967,503813,J. Brickus,830,822,17.433333333333334,4.0,2.0,3.0,0.0,
1977,503813,J. Estrada,822,830,14.85,7.0,0.0,0.0,1.0,
1973,503813,J. Machado,830,822,12.916666666666666,1.0,2.0,1.0,0.0,
1969,503813,Lima,830,822,19.983333333333334,5.0,5.0,0.0,0.0,
1975,503813,M. Cummings,822,830,28.2,5.0,5.0,2.0,1.0,
1968,503813,M. Mcintosh,830,822,24.216666666666665,16.0,3.0,0.0,5.0,
1982,503813,McKinney Mikhael,822,830,24.966666666666665,8.0,4.0,2.0,1.0,
1980,503813,McKinnie Alfonzo,822,830,19.6,7.0,6.0,1.0,1.0,
1981,503813,R. Valdez,822,830,3.966666666666667,0.0,2.0,0.0,0.0,
1979,503813,Randle Chasson,822,830,27.6,18.0,5.0,6.0,3.0,
1978,503813,S. Thornwell,822,830,27.516666666666666,15.0,2.0,0.0,3.0,
1966,503813,S. Willett,830,822,34.36666666666667,16.0,12.0,5.0,0.0,
1971,503813,T. Cheese,830,822,31.7,15.0,2.0,4.0,0.0,
1983,503813,Wembi Emmanuel,822,830,13.516666666666667,2.0,8.0,0.0,0.0,
2006,503814,Andriassi Luis,6477,833,12.45,4.0,2.0,0.0,1.0,
1994,503814,Apic Dragan,833,6477,20.916666666666668,15.0,8.0,1.0,0.0,
1992,503814,B. Martinez,833,6477,20.733333333333334,8.0,4.0,2.0,1.0,
1985,503814,C. M. Zinaich,833,6477,20.883333333333333,10.0,8.0,2.0,0.0,
1989,503814,Campbell Terrance,833,6477,19.466666666666665,5.0,2.0,5.0,1.0,
1993,503814,Contreras Juan,833,6477,16.216666666666665,12.0,1.0,1.0,3.0,
2000,503814,Devon Scott,6477,833,13.25,0.0,4.0,2.0,0.0,
1996,503814,E. Mendoza,833,6477,6.583333333333333,2.0,1.0,1.0,0.0,
2005,503814,J. Cruz,6477,833,14.933333333333334,2.0,1.0,0.0,0.0,
2008,503814,J. Garcia,6477,833,4.066666666666666,0.0,0.0,0.0,0.0,
2003,503814,J. Moss,6477,833,14.316666666666666,2.0,3.0,1.0,0.0,
1995,503814,J. Perez,833,6477,4.566666666666666,0.0,1.0,0.0,0.0,
1991,503814,K. Hunter,833,6477,19.9,14.0,1.0,1.0,0.0,
1998,503814,Nunez Angel,6477,833,22.4,5.0,7.0,0.0,1.0,
1999,503814,P. Mendoza,6477,833,12.933333333333334,4.0,0.0,1.0,0.0,
2007,503814,R. Dominguez,6477,833,13.766666666666667,1.0,2.0,0.0,0.0,
1986,503814,Sakho Jordan,833,6477,19.083333333333332,4.0,7.0,1.0,0.0,
2004,503814,Scala Santiago,6477,833,19.533333333333335,5.0,0.0,0.0,1.0,
1987,503814,Scrubb Philip,833,6477,18.45,3.0,3.0,5.0,1.0,
2002,503814,T. Rolon,6477,833,29.9,6.0,1.0,3.0,0.0,
1990,503814,Thomas Erik,833,6477,18.133333333333333,7.0,6.0,4.0,1.0,
1988,503814,Thomasson Joe,833,6477,15.066666666666666,6.0,1.0,3.0,0.0,
2001,503814,White Tyrone,6477,833,22.666666666666668,3.0,0.0,0.0,1.0,
1997,503814,Wright-Foreman Justin,6477,833,19.783333333333335,11.0,4.0,0.0,0.0,
2011,503815,A. Anderson,819,823,24.1,17.0,1.0,2.0,1.0,
2020,503815,A. Holmes,823,819,31.133333333333333,12.0,1.0,6.0,1.0,
2028,503815,Anderson Alphonso,823,819,17.983333333333334,12.0,3.0,0.0,2.0,
2012,503815,Ascanio Jose,819,823,26.566666666666666,13.0,5.0,1.0,3.0,
2019,503815,Bamforth Scott,823,819,27.65,9.0,1.0,2.0,1.0,
2018,503815,Benson Barret,819,823,10.183333333333334,6.0,4.0,1.0,0.0,
2010,503815,Cruz Saldivar Francisco Javier,819,823,24.933333333333334,9.0,1.0,6.0,1.0,
2025,503815,D. Bejarano,823,819,21.4,8.0,5.0,2.0,2.0,
2021,503815,D. Giron,823,819,14.216666666666667,3.0,1.0,0.0,1.0,
2026,503815,F. Jaimes,823,819,1.45,0.0,0.0,0.0,0.0,
2023,503815,Ibarra Joshua,823,819,23.15,23.0,10.0,1.0,0.0,
2027,503815,J. Andriassi,823,819,2.533333333333333,0.0,0.0,0.0,0.0,
2022,503815,J. Avila,823,819,24.233333333333334,5.0,8.0,5.0,0.0,
2009,503815,Kyser Michael,819,823,29.816666666666666,6.0,11.0,1.0,0.0,
2024,503815,Langston Wayne,823,819,16.85,11.0,3.0,0.0,0.0,
2016,503815,M. Andriassi,819,823,5.833333333333333,1.0,1.0,2.0,0.0,
2013,503815,Mendoza Rigoberto,819,823,28.483333333333334,18.0,5.0,3.0,2.0,
2015,503815,Slaughter A. J.,819,823,18.6,7.0,2.0,1.0,1.0,
2029,503815,T. Fernandez,823,819,19.4,2.0,3.0,3.0,0.0,
2014,503815,Yoakum Will,819,823,18.05,10.0,1.0,1.0,1.0,
2017,503815,Zubcic Tomislav,819,823,13.433333333333334,9.0,0.0,0.0,1.0,
2043,503816,A. Banks,817,821,14.25,9.0,5.0,1.0,0.0,
2040,503816,C. Calhoun,821,817,13.166666666666666,10.0,4.0,1.0,0.0,
2048,503816,Castro Alberto,817,821,7.866666666666667,2.0,0.0,1.0,0.0,
2034,503816,D. Carlisle,821,817,19.7,10.0,2.0,1.0,1.0,
2031,503816,D. Daniels,821,817,22.133333333333333,12.0,1.0,6.0,1.0,
2041,503816,D. Gaines,817,821,12.766666666666667,6.0,1.0,0.0,2.0,
2044,503816,D. McClenton,817,821,17.866666666666667,18.0,4.0,1.0,0.0,
2037,503816,F. Barron,821,817,1.2666666666666666,2.0,0.0,0.0,0.0,
2042,503816,G. Santiago,817,821,20.566666666666666,15.0,5.0,7.0,3.0,
2052,503816,H. Pinedo,817,821,3.0166666666666666,0.0,0.0,0.0,0.0,
2038,503816,Haro Carlos,821,817,13.466666666666667,0.0,3.0,0.0,0.0,
2046,503816,Henderson Jordan,817,821,24.85,6.0,4.0,0.0,0.0,
2035,503816,I. Cruz,821,817,10.75,0.0,0.0,1.0,0.0,
2051,503816,J. Erazo,817,821,24.133333333333333,0.0,7.0,1.0,1.0,
2039,503816,J. Franklin,821,817,20.0,11.0,3.0,3.0,3.0,
2032,503816,J. Reyna,821,817,32.03333333333333,12.0,5.0,1.0,0.0,
2036,503816,J. T. Moore,821,817,24.583333333333332,11.0,3.0,1.0,1.0,
2033,503816,J. Torres,821,817,16.45,2.0,4.0,0.0,0.0,
2045,503816,J. Winston,817,821,13.65,5.0,3.0,2.0,1.0,
2030,503816,K. Clark,821,817,26.45,6.0,5.0,0.0,2.0,
2049,503816,P. Leal-Cruz,817,821,19.233333333333334,2.0,3.0,1.0,0.0,
2050,503816,R. Morales,817,821,22.733333333333334,8.0,2.0,4.0,0.0,
2047,503816,R. Olea,817,821,19.066666666666666,9.0,2.0,1.0,1.0,
2059,503817,A. Villanueva,6478,6479,2.45,0.0,0.0,0.0,0.0,
2063,503817,De Lattibeaudiere Tyran,6479,6478,24.433333333333334,14.0,5.0,2.0,1.0,
2066,503817,E. King,6479,6478,15.883333333333333,5.0,6.0,1.0,1.0,
2060,503817,E. Romero,6478,6479,22.083333333333332,9.0,5.0,0.0,0.0,
2056,503817,Eddie Jarell,6478,6479,37.71666666666667,6.0,7.0,1.0,2.0,
2054,503817,F. King,6478,6479,37.88333333333333,28.0,2.0,1.0,3.0,
2055,503817,G. Solano,6478,6479,33.1,12.0,6.0,10.0,2.0,
2068,503817,I. Montano,6479,6478,2.1166666666666667,0.0,0.0,0.0,0.0,
2053,503817,J. Geronimo,6478,6479,6.3,0.0,2.0,1.0,0.0,
2062,503817,Johnson Shaquille,6479,6478,31.216666666666665,8.0,5.0,3.0,2.0,
2067,503817,K. Rodriguez,6479,6478,8.383333333333333,3.0,1.0,0.0,1.0,
2064,503817,Mayers Michael,6479,6478,30.633333333333333,7.0,10.0,0.0,0.0,
2070,503817,R. Mahalbasic,6479,6478,9.366666666666667,1.0,3.0,0.0,0.0,
2058,503817,S. Nelson,6478,6479,24.0,11.0,4.0,3.0,0.0,
2061,503817,Scrubb Thomas,6479,6478,26.283333333333335,11.0,5.0,1.0,0.0,
2069,503817,T. Cotton,6479,6478,18.266666666666666,8.0,2.0,0.0,1.0,
2057,503817,W. Reed,6478,6479,19.133333333333333,6.0,2.0,0.0,0.0,
2065,503817,Washington Eric,6479,6478,33.416666666666664,9.0,3.0,5.0,2.0,
2087,503818,A. Clay,822,5985,21.433333333333334,9.0,1.0,3.0,3.0,
2083,503818,A. Trice,822,5985,18.616666666666667,9.0,5.0,2.0,0.0,
2074,503818,B. Boyd,5985,822,28.966666666666665,17.0,2.0,3.0,1.0,
2079,503818,C. Gutierrez,5985,822,13.333333333333334,0.0,1.0,2.0,0.0,
2076,503818,D. Fountain,5985,822,29.433333333333334,5.0,13.0,2.0,0.0,
2078,503818,D. Lopez,5985,822,0.8333333333333334,0.0,1.0,0.0,0.0,
2081,503818,E. Gutierrez,5985,822,0.8333333333333334,0.0,0.0,0.0,0.0,
2075,503818,F. Pirela,5985,822,32.233333333333334,20.0,2.0,8.0,1.0,
2089,503818,I. Bernal,822,5985,0.8333333333333334,0.0,0.0,0.0,0.0,
2077,503818,I. Gallegos,5985,822,0.85,0.0,2.0,0.0,0.0,
2084,503818,J. Estrada,822,5985,19.666666666666668,9.0,1.0,0.0,1.0,
2093,503818,J. Murillo,822,5985,0.8333333333333334,0.0,0.0,0.0,0.0,
2073,503818,K. Rose,5985,822,19.566666666666666,12.0,5.0,1.0,2.0,
2082,503818,M. Cummings,822,5985,17.75,8.0,5.0,3.0,0.0,
2091,503818,McKinney Mikhael,822,5985,16.883333333333333,11.0,2.0,3.0,0.0,
2088,503818,McKinnie Alfonzo,822,5985,22.25,17.0,8.0,2.0,4.0,
2080,503818,R. Garcia,5985,822,6.55,2.0,3.0,0.0,0.0,
2090,503818,R. Valdez,822,5985,12.65,5.0,3.0,2.0,1.0,
2086,503818,Randle Chasson,822,5985,28.533333333333335,18.0,6.0,4.0,3.0,
2085,503818,S. Thornwell,822,5985,20.0,9.0,2.0,1.0,3.0,
2072,503818,T. T. Millin,5985,822,34.15,15.0,8.0,0.0,1.0,
2092,503818,Wembi Emmanuel,822,5985,20.55,10.0,9.0,5.0,0.0,
2071,503818,Z. Garrett Brown,5985,822,33.25,14.0,4.0,1.0,1.0,
2097,503819,A. Cisneros,829,6063,25.966666666666665,11.0,7.0,2.0,0.0,
2111,503819,Astudillo Diego,6063,829,18.6,6.0,6.0,1.0,2.0,
2101,503819,B. Rivera,829,6063,17.716666666666665,6.0,0.0,0.0,2.0,
2105,503819,Calloway Jacob,6063,829,30.5,8.0,7.0,1.0,1.0,
2100,503819,Doria Lucas,829,6063,13.1,0.0,5.0,0.0,0.0,
2102,503819,G. Vazquez,829,6063,2.65,3.0,1.0,0.0,1.0,
2104,503819,Goncalves Kayo,829,6063,22.2,19.0,1.0,0.0,5.0,
2107,503819,Harrison Andrew,6063,829,26.116666666666667,13.0,2.0,2.0,0.0,
2106,503819,J. Blake,6063,829,35.833333333333336,18.0,2.0,3.0,0.0,
2112,503819,J. Vazquez,6063,829,7.6,0.0,0.0,0.0,0.0,
2109,503819,Kigab Abu,6063,829,20.566666666666666,6.0,5.0,0.0,0.0,
2098,503819,M. Ramos,829,6063,20.55,6.0,10.0,2.0,2.0,
2094,503819,Miller Tavario,829,6063,17.816666666666666,19.0,6.0,0.0,2.0,
2108,503819,N. Ward,6063,829,25.433333333333334,16.0,13.0,2.0,0.0,
2113,503819,Q. Alexander,6063,829,14.566666666666666,5.0,6.0,0.0,0.0,
2110,503819,R. Mart,6063,829,20.783333333333335,3.0,0.0,1.0,0.0,
2099,503819,Reyes Jose,829,6063,3.033333333333333,0.0,1.0,0.0,0.0,
2095,503819,Smith Daishon,829,6063,23.3,15.0,1.0,3.0,3.0,
2096,503819,Valinotti Joaquin,829,6063,29.866666666666667,7.0,0.0,14.0,1.0,
2103,503819,W. Saunders,829,6063,23.8,10.0,8.0,9.0,1.0,
2115,503820,A. Anderson,819,7437,16.9,8.0,3.0,1.0,1.0,
2128,503820,Alaekwe Christian,7437,819,25.083333333333332,5.0,4.0,1.0,1.0,
2116,503820,Ascanio Jose,819,7437,10.566666666666666,3.0,3.0,0.0,1.0,
2118,503820,Benson Barret,819,7437,19.716666666666665,12.0,1.0,0.0,0.0,
2119,503820,Cruz Saldivar Francisco Javier,819,7437,25.716666666666665,14.0,7.0,10.0,2.0,
2124,503820,D. Ayala,819,7437,1.5166666666666666,0.0,1.0,0.0,0.0,
2130,503820,J. De Jesus,7437,819,27.383333333333333,22.0,4.0,4.0,2.0,
2127,503820,K. Feagin,7437,819,23.783333333333335,12.0,2.0,5.0,2.0,
2125,503820,K. Gaddy,7437,819,31.566666666666666,9.0,4.0,3.0,0.0,
2126,503820,K. Hankerson,7437,819,18.566666666666666,19.0,1.0,1.0,4.0,
2133,503820,K. Kramer,7437,819,17.066666666666666,5.0,5.0,0.0,0.0,
2132,503820,M. Agbonkpolo,7437,819,24.05,11.0,4.0,0.0,1.0,
2123,503820,M. Andriassi,819,7437,14.983333333333333,5.0,0.0,1.0,1.0,
2122,503820,M. Kyser,819,7437,20.916666666666668,10.0,3.0,2.0,0.0,
2117,503820,Mendoza Rigoberto,819,7437,27.166666666666668,11.0,7.0,9.0,1.0,
2129,503820,Mitchell Charles,7437,819,22.933333333333334,3.0,6.0,2.0,1.0,
2120,503820,Slaughter A. J.,819,7437,17.2,8.0,1.0,3.0,2.0,
2131,503820,V. Alvarez,7437,819,9.566666666666666,3.0,0.0,0.0,1.0,
2114,503820,Yoakum Will,819,7437,18.25,10.0,1.0,2.0,0.0,
2121,503820,Zubcic Tomislav,819,7437,27.066666666666666,15.0,1.0,1.0,3.0,
2148,503821,Andriassi Luis,6477,830,27.033333333333335,1.0,4.0,4.0,0.0,
2144,503821,C. Negron,830,6477,21.233333333333334,5.0,3.0,1.0,0.0,
2142,503821,De La Serna Jorge,830,6477,2.9333333333333336,0.0,1.0,0.0,0.0,
2149,503821,Devon Scott,6477,830,27.65,8.0,9.0,2.0,0.0,
2147,503821,Drechsel Thomas,6477,830,29.716666666666665,31.0,3.0,3.0,7.0,
2138,503821,G. Giron,830,6477,22.016666666666666,12.0,1.0,0.0,1.0,
2140,503821,Hill Ahmed,830,6477,14.733333333333333,6.0,1.0,1.0,1.0,
2135,503821,J. Brickus,830,6477,13.3,8.0,0.0,1.0,2.0,
2150,503821,J. Cruz,6477,830,24.633333333333333,2.0,3.0,2.0,0.0,
2152,503821,J. Garcia,6477,830,1.0,0.0,0.0,0.0,0.0,
2143,503821,J. Machado,830,6477,15.983333333333333,2.0,3.0,3.0,0.0,
2139,503821,J. Martin,830,6477,20.333333333333332,8.0,3.0,0.0,1.0,
2146,503821,J. Moss,6477,830,22.766666666666666,16.0,5.0,0.0,0.0,
2137,503821,Lima,830,6477,15.833333333333334,2.0,7.0,3.0,0.0,
2136,503821,M. Mcintosh,830,6477,24.766666666666666,9.0,4.0,5.0,0.0,
2151,503821,R. Dominguez,6477,830,10.766666666666667,0.0,0.0,1.0,0.0,
2134,503821,S. Willett,830,6477,26.633333333333333,12.0,7.0,2.0,0.0,
2141,503821,T. Cheese,830,6477,22.233333333333334,12.0,8.0,1.0,0.0,
2145,503821,T. Rolon,6477,830,29.15,7.0,2.0,5.0,1.0,
2153,503821,White Tyrone,6477,830,27.283333333333335,11.0,2.0,1.0,2.0,
2166,503822,A. Holmes,823,833,30.9,24.0,3.0,9.0,5.0,
2171,503822,Anderson Alphonso,823,833,3.066666666666667,0.0,1.0,0.0,0.0,
2162,503822,Apic Dragan,833,823,17.366666666666667,7.0,4.0,0.0,0.0,
2160,503822,B. Martinez,833,823,6.283333333333333,0.0,1.0,1.0,0.0,
2165,503822,Bamforth Scott,823,833,31.1,16.0,2.0,2.0,2.0,
2159,503822,C. M. Zinaich,833,823,24.066666666666666,22.0,5.0,1.0,1.0,
2158,503822,Campbell Terrance,833,823,24.416666666666668,13.0,1.0,4.0,3.0,
2161,503822,Contreras Juan,833,823,12.85,2.0,2.0,2.0,0.0,
2169,503822,D. Bejarano,823,833,28.183333333333334,6.0,7.0,2.0,2.0,
2164,503822,D. Giron,823,833,15.283333333333333,3.0,0.0,1.0,1.0,
2168,503822,Ibarra Joshua,823,833,31.433333333333334,26.0,16.0,1.0,0.0,
2170,503822,J. Andriassi,823,833,4.433333333333334,0.0,0.0,1.0,0.0,
2167,503822,J. Avila,823,833,24.483333333333334,3.0,3.0,4.0,1.0,
2163,503822,K. Hunter,833,823,22.816666666666666,9.0,3.0,2.0,0.0,
2173,503822,Langston Wayne,823,833,21.016666666666666,8.0,4.0,1.0,0.0,
2156,503822,Sakho Jordan,833,823,22.366666666666667,7.0,3.0,2.0,0.0,
2155,503822,Scrubb Philip,833,823,27.0,6.0,3.0,2.0,1.0,
2172,503822,T. Fernandez,823,833,10.1,0.0,1.0,2.0,0.0,
2154,503822,Thomas Erik,833,823,16.65,6.0,4.0,0.0,1.0,
2157,503822,Thomasson Joe,833,823,26.183333333333334,16.0,3.0,1.0,3.0,
2185,503823,A. Holmes,823,833,28.933333333333334,13.0,3.0,5.0,1.0,
2192,503823,Anderson Alphonso,823,833,15.616666666666667,9.0,3.0,0.0,1.0,
2181,503823,Apic Dragan,833,823,18.483333333333334,10.0,3.0,3.0,2.0,
2184,503823,Bamforth Scott,823,833,29.0,19.0,5.0,4.0,0.0,
2180,503823,C. M. Zinaich,833,823,18.35,4.0,4.0,1.0,0.0,
2178,503823,Contreras Juan,833,823,23.85,3.0,4.0,1.0,0.0,
2189,503823,D. Bejarano,823,833,24.766666666666666,15.0,7.0,8.0,1.0,
2186,503823,D. Giron,823,833,15.233333333333333,0.0,2.0,2.0,0.0,
2183,503823,E. Mendoza,833,823,0.6833333333333333,0.0,0.0,0.0,0.0,
2187,503823,Ibarra Joshua,823,833,30.066666666666666,20.0,9.0,0.0,0.0,
2191,503823,J. Andriassi,823,833,5.8,3.0,1.0,0.0,1.0,
2188,503823,J. Avila,823,833,20.416666666666668,3.0,2.0,2.0,1.0,
2193,503823,J. Martinez,823,833,0.05,0.0,0.0,0.0,0.0,
2182,503823,J. Perez,833,823,6.15,1.0,0.0,0.0,0.0,
2179,503823,K. Hunter,833,823,25.4,15.0,3.0,1.0,1.0,
2190,503823,Langston Wayne,823,833,13.566666666666666,2.0,3.0,1.0,0.0,
2174,503823,Sakho Jordan,833,823,26.8,15.0,6.0,1.0,0.0,
2175,503823,Scrubb Philip,833,823,26.483333333333334,6.0,1.0,6.0,2.0,
2194,503823,T. Fernandez,823,833,16.266666666666666,4.0,1.0,2.0,0.0,
2177,503823,Thomas Erik,833,823,29.95,11.0,9.0,2.0,0.0,
2176,503823,Thomasson Joe,833,823,23.566666666666666,10.0,1.0,3.0,1.0,
2206,503824,A. Banks,817,821,30.633333333333333,12.0,4.0,6.0,1.0,
2199,503824,C. Calhoun,821,817,37.983333333333334,13.0,6.0,2.0,0.0,
2212,503824,Castro Alberto,817,821,4.6,2.0,1.0,0.0,0.0,
2198,503824,D. Carlisle,821,817,35.3,9.0,6.0,2.0,1.0,
2195,503824,D. Daniels,821,817,33.516666666666666,16.0,4.0,5.0,3.0,
2204,503824,D. Gaines,817,821,25.833333333333332,8.0,5.0,0.0,1.0,
2207,503824,D. McClenton,817,821,29.283333333333335,9.0,11.0,1.0,0.0,
2205,503824,G. Santiago,817,821,26.566666666666666,13.0,4.0,5.0,2.0,
2203,503824,Haro Carlos,821,817,1.0833333333333333,0.0,0.0,0.0,0.0,
2210,503824,Henderson Jordan,817,821,15.7,5.0,1.0,0.0,1.0,
2209,503824,J. Erazo,817,821,21.566666666666666,16.0,4.0,1.0,2.0,
2202,503824,J. Franklin,821,817,4.7,3.0,0.0,0.0,1.0,
2196,503824,J. Reyna,821,817,30.333333333333332,16.0,2.0,2.0,2.0,
2200,503824,J. T. Moore,821,817,8.466666666666667,0.0,1.0,0.0,0.0,
2197,503824,J. Torres,821,817,32.46666666666667,19.0,12.0,0.0,2.0,
2208,503824,J. Winston,817,821,17.616666666666667,19.0,4.0,1.0,4.0,
2201,503824,K. Clark,821,817,16.15,13.0,0.0,1.0,2.0,
2213,503824,P. Leal-Cruz,817,821,7.583333333333333,0.0,1.0,1.0,0.0,
2214,503824,R. Morales,817,821,13.433333333333334,10.0,3.0,4.0,0.0,
2211,503824,R. Olea,817,821,7.183333333333334,1.0,0.0,0.0,0.0,
2223,503825,A. Villanueva,6478,6479,0.016666666666666666,0.0,0.0,0.0,0.0,
2225,503825,De Lattibeaudiere Tyran,6479,6478,17.433333333333334,10.0,2.0,2.0,2.0,
2230,503825,E. King,6479,6478,21.45,10.0,4.0,0.0,2.0,
2222,503825,E. Romero,6478,6479,18.966666666666665,2.0,3.0,0.0,0.0,
2218,503825,Eddie Jarell,6478,6479,31.983333333333334,10.0,5.0,0.0,2.0,
2216,503825,F. King,6478,6479,37.86666666666667,28.0,4.0,4.0,5.0,
2217,503825,G. Solano,6478,6479,34.516666666666666,14.0,4.0,4.0,2.0,
2232,503825,I. Montano,6479,6478,22.033333333333335,10.0,2.0,1.0,3.0,
2221,503825,J. Geronimo,6478,6479,10.216666666666667,2.0,4.0,1.0,0.0,
2233,503825,J. Israel-Gutierrez,6479,6478,4.333333333333333,2.0,2.0,0.0,0.0,
2224,503825,Johnson Shaquille,6479,6478,29.216666666666665,8.0,2.0,9.0,1.0,
2226,503825,Mayers Michael,6479,6478,26.433333333333334,14.0,14.0,0.0,0.0,
2234,503825,R. Mahalbasic,6479,6478,9.083333333333334,0.0,3.0,0.0,0.0,
2215,503825,Rudd Victor,6478,6479,26.233333333333334,6.0,4.0,1.0,2.0,
2220,503825,S. Nelson,6478,6479,19.183333333333334,9.0,1.0,3.0,1.0,
2229,503825,Scrubb Thomas,6479,6478,19.616666666666667,10.0,3.0,0.0,1.0,
2227,503825,T. Cotton,6479,6478,32.43333333333333,9.0,6.0,2.0,1.0,
2219,503825,W. Reed,6478,6479,21.016666666666666,6.0,5.0,2.0,0.0,
2228,503825,Washington Eric,6479,6478,17.966666666666665,12.0,1.0,5.0,2.0,
2231,503825,Willis Diego,6479,6478,0.0,0.0,0.0,0.0,0.0,
2243,503826,A. Anderson,819,7437,23.333333333333332,14.0,4.0,5.0,1.0,
2249,503826,Alaekwe Christian,7437,819,27.616666666666667,5.0,6.0,0.0,1.0,
2238,503826,Ascanio Jose,819,7437,19.783333333333335,4.0,5.0,1.0,0.0,
2245,503826,Benson Barret,819,7437,16.983333333333334,5.0,5.0,2.0,0.0,
2237,503826,Cruz Saldivar Francisco Javier,819,7437,18.083333333333332,3.0,2.0,3.0,1.0,
2242,503826,D. Ayala,819,7437,1.0166666666666666,0.0,0.0,0.0,0.0,
2246,503826,J. De Jesus,7437,819,32.46666666666667,14.0,6.0,4.0,1.0,
2252,503826,J. Zesati,7437,819,6.2,3.0,0.0,0.0,1.0,
2247,503826,K. Feagin,7437,819,31.2,13.0,2.0,4.0,3.0,
2248,503826,K. Gaddy,7437,819,30.816666666666666,13.0,8.0,1.0,0.0,
2251,503826,K. Hankerson,7437,819,16.65,5.0,2.0,1.0,1.0,
2255,503826,K. Kramer,7437,819,11.616666666666667,0.0,2.0,1.0,0.0,
2254,503826,M. Agbonkpolo,7437,819,13.533333333333333,7.0,2.0,0.0,1.0,
2236,503826,M. Andriassi,819,7437,13.183333333333334,11.0,3.0,0.0,3.0,
2235,503826,M. Kyser,819,7437,21.9,8.0,5.0,0.0,0.0,
2239,503826,Mendoza Rigoberto,819,7437,30.55,6.0,11.0,2.0,2.0,
2250,503826,Mitchell Charles,7437,819,25.05,11.0,12.0,0.0,1.0,
2241,503826,Slaughter A. J.,819,7437,13.133333333333333,9.0,2.0,2.0,3.0,
2253,503826,V. Alvarez,7437,819,4.85,0.0,1.0,3.0,0.0,
2240,503826,Yoakum Will,819,7437,20.7,16.0,1.0,1.0,3.0,
2244,503826,Zubcic Tomislav,819,7437,21.333333333333332,10.0,2.0,3.0,1.0,
2271,503827,A. Clay,822,5985,19.966666666666665,13.0,2.0,3.0,1.0,
2267,503827,A. Trice,822,5985,18.8,20.0,11.0,1.0,0.0,
2265,503827,B. Boyd,5985,822,24.133333333333333,10.0,2.0,3.0,2.0,
2263,503827,C. Gutierrez,5985,822,8.983333333333333,0.0,0.0,0.0,0.0,
2260,503827,D. Fountain,5985,822,31.7,13.0,7.0,1.0,0.0,
2258,503827,F. Pirela,5985,822,24.3,4.0,1.0,3.0,0.0,
2257,503827,Garrett William,5985,822,17.716666666666665,7.0,4.0,3.0,1.0,
2273,503827,I. Bernal,822,5985,2.3,0.0,0.0,0.0,0.0,
2262,503827,I. Gallegos,5985,822,4.533333333333333,1.0,0.0,0.0,0.0,
2268,503827,J. Estrada,822,5985,19.516666666666666,7.0,3.0,1.0,0.0,
2277,503827,J. Murillo,822,5985,2.3,4.0,1.0,0.0,0.0,
2259,503827,K. Rose,5985,822,19.733333333333334,10.0,4.0,2.0,1.0,
2266,503827,M. Cummings,822,5985,21.683333333333334,6.0,2.0,4.0,0.0,
2275,503827,McKinney Mikhael,822,5985,20.283333333333335,14.0,2.0,3.0,1.0,
2272,503827,McKinnie Alfonzo,822,5985,16.016666666666666,8.0,5.0,0.0,2.0,
2264,503827,R. Garcia,5985,822,10.083333333333334,0.0,1.0,0.0,0.0,
2274,503827,R. Valdez,822,5985,22.233333333333334,5.0,4.0,1.0,1.0,
2270,503827,Randle Chasson,822,5985,20.033333333333335,8.0,2.0,5.0,2.0,
2269,503827,S. Thornwell,822,5985,17.416666666666668,7.0,6.0,4.0,1.0,
2261,503827,T. T. Millin,5985,822,28.35,9.0,10.0,3.0,0.0,
2276,503827,Wembi Emmanuel,822,5985,18.9,13.0,5.0,2.0,0.0,
2256,503827,Z. Garrett Brown,5985,822,30.466666666666665,21.0,4.0,0.0,2.0,
2294,503828,Astudillo Diego,6063,829,8.516666666666667,9.0,2.0,0.0,3.0,
2285,503828,B. Rivera,829,6063,8.816666666666666,3.0,3.0,0.0,1.0,
2289,503828,Calloway Jacob,6063,829,28.416666666666668,11.0,9.0,1.0,1.0,
2284,503828,Doria Lucas,829,6063,13.883333333333333,2.0,6.0,1.0,0.0,
2286,503828,G. Vazquez,829,6063,10.15,0.0,2.0,0.0,0.0,
2281,503828,Goncalves Kayo,829,6063,30.65,23.0,2.0,2.0,7.0,
2291,503828,Harrison Andrew,6063,829,28.916666666666668,17.0,3.0,6.0,2.0,
2290,503828,J. Blake,6063,829,35.28333333333333,18.0,5.0,4.0,2.0,
2295,503828,J. Vazquez,6063,829,0.35,0.0,0.0,0.0,0.0,
2288,503828,J. White,6063,829,28.816666666666666,8.0,4.0,3.0,0.0,
2297,503828,Kigab Abu,6063,829,4.483333333333333,0.0,0.0,0.0,0.0,
2282,503828,M. Ramos,829,6063,21.633333333333333,6.0,3.0,2.0,2.0,
2278,503828,Miller Tavario,829,6063,25.316666666666666,12.0,8.0,2.0,0.0,
2292,503828,N. Ward,6063,829,32.45,18.0,7.0,0.0,0.0,
2296,503828,Q. Alexander,6063,829,7.55,2.0,3.0,1.0,0.0,
2293,503828,R. Mart,6063,829,25.216666666666665,10.0,2.0,2.0,1.0,
2283,503828,Reyes Jose,829,6063,15.55,2.0,2.0,0.0,0.0,
2279,503828,Smith Daishon,829,6063,27.216666666666665,17.0,0.0,4.0,4.0,
2280,503828,Valinotti Joaquin,829,6063,24.45,4.0,3.0,8.0,0.0,
2287,503828,W. Saunders,829,6063,22.333333333333332,13.0,5.0,4.0,0.0,
2305,503829,A. Fierros,830,6477,28.433333333333334,8.0,5.0,1.0,0.0,
2312,503829,Andriassi Luis,6477,830,5.916666666666667,0.0,0.0,0.0,0.0,
2304,503829,C. Negron,830,6477,14.733333333333333,8.0,2.0,2.0,0.0,
2303,503829,De La Serna Jorge,830,6477,30.516666666666666,14.0,10.0,0.0,0.0,
2310,503829,Devon Scott,6477,830,37.266666666666666,14.0,11.0,3.0,2.0,
2309,503829,Drechsel Thomas,6477,830,36.46666666666667,12.0,6.0,2.0,2.0,
2300,503829,J. Brickus,830,6477,27.933333333333334,18.0,3.0,1.0,2.0,
2311,503829,J. Cruz,6477,830,13.283333333333333,0.0,1.0,0.0,0.0,
2301,503829,J. Machado,830,6477,34.95,10.0,6.0,2.0,3.0,
2307,503829,J. Moss,6477,830,29.416666666666668,7.0,3.0,2.0,0.0,
2302,503829,Lima,830,6477,16.866666666666667,6.0,8.0,3.0,0.0,
2298,503829,S. Willett,830,6477,27.55,16.0,9.0,4.0,0.0,
2308,503829,Scala Santiago,6477,830,27.5,16.0,2.0,6.0,5.0,
2299,503829,T. Cheese,830,6477,44.016666666666666,13.0,9.0,6.0,2.0,
2306,503829,T. Rolon,6477,830,24.766666666666666,6.0,5.0,3.0,2.0,
2313,503829,White Tyrone,6477,830,25.95,13.0,2.0,1.0,3.0,
2324,503903,Chassang Alexandre,916,917,23.166666666666668,12.0,2.0,2.0,2.0,
2315,503903,Cousins Isaiah,917,916,26.583333333333332,6.0,3.0,0.0,0.0,
2320,503903,Cowels Raymond,917,916,17.316666666666666,5.0,1.0,0.0,1.0,
2325,503903,Gielo Tomazs,916,917,25.416666666666668,19.0,0.0,4.0,5.0,
2322,503903,J. Szumanski,917,916,1.2333333333333334,0.0,0.0,0.0,0.0,
2323,503903,K. Kilps,917,916,24.883333333333333,17.0,2.0,3.0,4.0,
2332,503903,Kostrzewski Mateusz,916,917,13.35,4.0,5.0,2.0,0.0,
2317,503903,Kulig Damian,917,916,26.033333333333335,7.0,4.0,4.0,0.0,
2316,503903,L. Sakota,917,916,28.133333333333333,27.0,4.0,2.0,3.0,
2321,503903,Lipinski Hubert,917,916,6.0,1.0,2.0,1.0,0.0,
2319,503903,M. Kenig,917,916,1.8333333333333335,2.0,0.0,0.0,0.0,
2330,503903,Majcherek Antoni,916,917,8.05,0.0,0.0,1.0,0.0,
2327,503903,N. Reynolds,916,917,30.9,13.0,3.0,2.0,1.0,
2326,503903,Sehnal Ondrej,916,917,27.833333333333332,0.0,8.0,10.0,0.0,
2318,503903,Sowinski Pawel,917,916,13.266666666666667,0.0,0.0,0.0,0.0,
2314,503903,Vander Ben,917,916,22.766666666666666,3.0,5.0,0.0,1.0,
2331,503903,Witlinski Mikolaj,916,917,16.833333333333332,16.0,5.0,1.0,0.0,
2329,503903,Z. Porter,916,917,24.0,21.0,3.0,2.0,4.0,
2328,503903,Zolnierewicz Przemyslaw,916,917,29.216666666666665,19.0,6.0,6.0,1.0,
2335,503904,Andersson Denzel,905,919,19.233333333333334,9.0,2.0,2.0,1.0,
2347,503904,Beech Beau,919,905,22.066666666666666,20.0,4.0,0.0,5.0,
2343,503904,C. J. Garrison,919,905,28.283333333333335,7.0,4.0,10.0,0.0,
2338,503904,D. Brembly,905,919,19.316666666666666,11.0,1.0,2.0,1.0,
2348,503904,Denis Gauthier,919,905,26.916666666666668,15.0,2.0,0.0,4.0,
2349,503904,J. Galewski,919,905,0.1,0.0,0.0,0.0,0.0,
2333,503904,J. Ogundiran,905,919,30.25,12.0,2.0,9.0,1.0,
2336,503904,J. Taylor,905,919,28.716666666666665,28.0,6.0,4.0,3.0,
2334,503904,J. Thomas,905,919,29.266666666666666,12.0,6.0,0.0,2.0,
2352,503904,J. Wojcik,919,905,9.766666666666667,9.0,0.0,0.0,1.0,
2339,503904,K. Kaminski,905,919,13.033333333333333,3.0,1.0,0.0,1.0,
2337,503904,K. Klaczek,905,919,25.316666666666666,9.0,3.0,3.0,1.0,
2340,503904,M. Kimbrough,905,919,19.75,16.0,3.0,1.0,4.0,
2342,503904,M. Nowakowski,905,919,4.35,5.0,0.0,0.0,1.0,
2351,503904,Matczak Filip,919,905,22.75,8.0,2.0,0.0,1.0,
2344,503904,Mazurczak Andrzej,919,905,31.383333333333333,21.0,10.0,8.0,1.0,
2345,503904,Sulima Krzysztof,919,905,15.016666666666667,0.0,2.0,0.0,0.0,
2346,503904,T. White,919,905,18.733333333333334,6.0,1.0,1.0,0.0,
2350,503904,V. Brkic,919,905,24.983333333333334,9.0,3.0,2.0,0.0,
2341,503904,Winkowski Piotr,905,919,10.75,0.0,1.0,1.0,0.0,
2370,503906,A. Hyatt,906,907,15.783333333333333,5.0,3.0,0.0,1.0,
2356,503906,A. Luis Smith,907,906,22.283333333333335,7.0,2.0,1.0,0.0,
2367,503906,D. Kountz,906,907,25.666666666666668,13.0,4.0,1.0,0.0,
2354,503906,Gordon Kacper,907,906,28.383333333333333,19.0,1.0,3.0,2.0,
2357,503906,Gray Justin,907,906,24.8,8.0,2.0,1.0,1.0,
2364,503906,J. Hall,906,907,29.6,23.0,4.0,6.0,1.0,
2366,503906,J. Wojdala,906,907,2.4833333333333334,0.0,0.0,0.0,0.0,
2365,503906,K. Boone,906,907,25.566666666666666,17.0,8.0,1.0,1.0,
2361,503906,K. Lofton,906,907,9.3,4.0,0.0,1.0,0.0,
2358,503906,M. Leniec,907,906,14.6,6.0,1.0,1.0,2.0,
2369,503906,M. Nagel,906,907,8.9,0.0,3.0,0.0,0.0,
2355,503906,M. Suskavcevic,907,906,27.916666666666668,12.0,10.0,0.0,0.0,
2371,503906,M. Woroniecki,906,907,16.15,0.0,2.0,3.0,0.0,
2362,503906,Musial Jakub,906,907,24.966666666666665,10.0,3.0,2.0,1.0,
2353,503906,Nottage Eric,907,906,23.033333333333335,6.0,2.0,3.0,0.0,
2363,503906,Peterka Martin,906,907,27.933333333333334,14.0,5.0,2.0,1.0,
2368,503906,Piechowicz Marcin,906,907,13.65,3.0,3.0,0.0,1.0,
2360,503906,S. Miguel,907,906,26.533333333333335,13.0,6.0,5.0,2.0,
2359,503906,Wilczek Dominik,907,906,11.85,5.0,1.0,1.0,1.0,
2377,503907,A. Miska,911,912,28.633333333333333,8.0,3.0,4.0,1.0,
2380,503907,Aajion Jones,912,911,36.1,17.0,3.0,2.0,3.0,
2388,503907,Bobrov Vyacheslav,912,911,31.583333333333332,17.0,9.0,3.0,2.0,
2381,503907,Golebiowski Daniel,912,911,15.133333333333333,0.0,1.0,1.0,0.0,
2385,503907,J. Billups,912,911,31.55,9.0,10.0,3.0,0.0,
2383,503907,J. Hunter,912,911,38.43333333333333,13.0,5.0,7.0,1.0,
2384,503907,J. Parzenski,912,911,20.55,7.0,9.0,1.0,0.0,
2379,503907,Joesaar Janari,911,912,20.366666666666667,5.0,4.0,2.0,1.0,
2376,503907,L. Williamson,911,912,33.4,10.0,3.0,2.0,1.0,
2382,503907,Lips Karl-Johan,912,911,37.916666666666664,19.0,6.0,4.0,2.0,
2373,503907,Lottie Jaizec,911,912,35.1,19.0,1.0,4.0,1.0,
2387,503907,N. Czoska,912,911,2.8833333333333333,0.0,1.0,0.0,0.0,
2378,503907,Pelczar Bartlomiej,911,912,12.483333333333333,3.0,0.0,1.0,1.0,
2375,503907,Put Filip,911,912,20.45,6.0,6.0,1.0,0.0,
2372,503907,Ramey Courtney,911,912,33.916666666666664,13.0,5.0,5.0,1.0,
2374,503907,Tass Matthias,911,912,40.65,15.0,9.0,0.0,2.0,
2386,503907,Wisniewski Aleksander,912,911,10.85,2.0,1.0,0.0,0.0,
2399,503908,A. Hickey,914,908,28.116666666666667,14.0,3.0,3.0,2.0,
2404,503908,A. Wrzeszcz,914,908,13.95,4.0,3.0,3.0,0.0,
2409,503908,B. Czerniewicz,914,908,4.883333333333333,3.0,1.0,0.0,1.0,
2402,503908,Egbunu John,914,908,10.416666666666666,0.0,2.0,0.0,0.0,
2396,503908,F. Kowalczyk,908,914,8.933333333333334,0.0,2.0,1.0,0.0,
2392,503908,Garbacz Jakub,908,914,25.1,14.0,2.0,2.0,4.0,
2407,503908,I. Moore,914,908,23.533333333333335,14.0,3.0,1.0,0.0,
2393,503908,J. Lawrence,908,914,24.0,10.0,8.0,0.0,0.0,
2394,503908,J. O'Neil,908,914,26.383333333333333,15.0,6.0,2.0,1.0,
2390,503908,K. Suurorg,908,914,22.95,21.0,4.0,2.0,3.0,
2406,503908,Kulikowski Blazej,914,908,15.466666666666667,2.0,0.0,1.0,0.0,
2395,503908,Laczynski Kamil,908,914,22.866666666666667,0.0,3.0,6.0,0.0,
2397,503908,M. Nagel,908,914,1.15,0.0,0.0,0.0,0.0,
2400,503908,M. Parsons,914,908,24.033333333333335,8.0,1.0,1.0,2.0,
2403,503908,Niziol Jakub,914,908,17.833333333333332,4.0,1.0,1.0,0.0,
2401,503908,Robinson Devin,914,908,27.933333333333334,9.0,10.0,4.0,0.0,
2398,503908,S. Robinson,908,914,14.916666666666666,6.0,4.0,0.0,0.0,
2405,503908,Scruggs Paul,914,908,18.0,5.0,0.0,6.0,1.0,
2391,503908,Stein Alex,908,914,23.9,22.0,2.0,6.0,3.0,
2408,503908,T. Sternicki,914,908,15.833333333333334,7.0,1.0,0.0,1.0,
2389,503908,Vucic Mate,908,914,28.45,7.0,10.0,8.0,0.0,
2424,503909,A. Rohosy Jr,891,904,23.933333333333334,19.0,8.0,0.0,0.0,
2421,503909,Bockler Leemet,891,904,35.38333333333333,12.0,7.0,2.0,2.0,
2422,503909,Bojanowski Maciej,891,904,12.466666666666667,6.0,1.0,0.0,1.0,
2415,503909,Brenk Adam,904,891,23.683333333333334,8.0,4.0,3.0,1.0,
2426,503909,Curry Ronald,891,904,21.85,7.0,4.0,3.0,1.0,
2418,503909,Edwin Deon,904,891,15.766666666666667,7.0,1.0,1.0,1.0,
2412,503909,Freeman Lennard,904,891,34.11666666666667,15.0,12.0,1.0,0.0,
2423,503909,Goins Kenny,891,904,23.416666666666668,0.0,4.0,1.0,0.0,
2425,503909,H. Szelazek,891,904,8.383333333333333,2.0,0.0,1.0,0.0,
2414,503909,Lecomte Emmanuel,904,891,39.55,19.0,1.0,8.0,2.0,
2427,503909,Nowakowski Michal,891,904,21.583333333333332,10.0,4.0,0.0,2.0,
2413,503909,S. T. Hines,904,891,37.28333333333333,18.0,4.0,2.0,2.0,
2420,503909,Scott Michaelyn,891,904,30.366666666666667,15.0,3.0,2.0,2.0,
2417,503909,Slupinski Dawid,904,891,3.4,1.0,0.0,0.0,0.0,
2411,503909,Szlachetka Mateusz,904,891,21.716666666666665,5.0,1.0,1.0,1.0,
2428,503909,T. Diggs,891,904,26.55,7.0,5.0,2.0,0.0,
2410,503909,Vanwijn Hans,904,891,34.61666666666667,7.0,7.0,5.0,0.0,
2416,503909,Wojcik Szymon,904,891,14.866666666666667,8.0,1.0,3.0,2.0,
2419,503909,Wyka Dariusz,891,904,21.066666666666666,8.0,2.0,2.0,0.0,
2436,504146,A. Anderson,4952,4953,16.95,5.0,2.0,1.0,0.0,
2446,504146,Duff Alexa,4953,4952,4.133333333333334,3.0,1.0,0.0,1.0,
2431,504146,E. Bollmann,4952,4953,28.833333333333332,14.0,6.0,7.0,1.0,
2437,504146,E. Monaghan,4952,4953,12.983333333333333,5.0,3.0,1.0,1.0,
2434,504146,G. Fotu,4952,4953,16.666666666666668,7.0,0.0,0.0,1.0,
2435,504146,K. Manuirirangi,4952,4953,10.75,10.0,1.0,1.0,3.0,
2441,504146,L. Dart,4953,4952,32.5,19.0,3.0,4.0,2.0,
2442,504146,M. Bertholdt,4953,4952,26.783333333333335,7.0,8.0,2.0,0.0,
2430,504146,M. Mullings,4952,4953,22.266666666666666,3.0,3.0,0.0,0.0,
2433,504146,O. Williams,4952,4953,13.483333333333333,2.0,3.0,0.0,0.0,
2439,504146,P. Bradley,4953,4952,37.86666666666667,15.0,4.0,13.0,1.0,
2440,504146,R. Pizzey,4953,4952,33.11666666666667,15.0,3.0,2.0,1.0,
2444,504146,S. Gallaher,4953,4952,16.95,7.0,1.0,0.0,1.0,
2438,504146,S. Lucas,4952,4953,13.316666666666666,5.0,1.0,0.0,0.0,
2432,504146,T. Brugler,4952,4953,32.5,9.0,5.0,2.0,0.0,
2429,504146,T. Dalton,4952,4953,32.25,6.0,6.0,3.0,0.0,
2447,504146,T. Pavihi,4953,4952,2.85,0.0,2.0,0.0,0.0,
2443,504146,Wojta Julie,4953,4952,24.366666666666667,12.0,7.0,4.0,1.0,
2445,504146,Z. Richards,4953,4952,21.433333333333334,0.0,1.0,1.0,0.0,
2451,504147,A. Collins,4954,4950,26.633333333333333,3.0,2.0,0.0,1.0,
2464,504147,A. Jones,4950,4954,20.983333333333334,15.0,3.0,1.0,5.0,
2468,504147,B. Kraenzlin,4950,4954,1.2,0.0,0.0,1.0,0.0,
2455,504147,C. Lacey-Rameka,4954,4950,15.033333333333333,8.0,1.0,2.0,2.0,
2449,504147,C. Leger-Walker,4954,4950,23.816666666666666,19.0,4.0,7.0,2.0,
2458,504147,Dale Mckenna,4950,4954,33.516666666666666,28.0,19.0,5.0,5.0,
2465,504147,E. Ainley,4950,4954,2.183333333333333,4.0,1.0,0.0,0.0,
2454,504147,G. Hunter,4954,4950,15.683333333333334,0.0,4.0,1.0,0.0,
2452,504147,H. Van Lith,4954,4950,30.9,20.0,6.0,1.0,2.0,
2448,504147,K. Leger-Walker,4954,4950,37.55,11.0,3.0,10.0,2.0,
2453,504147,M. Flavell,4954,4950,0.45,0.0,0.0,0.0,0.0,
2463,504147,M. Timms,4950,4954,4.033333333333333,0.0,0.0,0.0,0.0,
2462,504147,M. Vaughn,4950,4954,31.416666666666668,32.0,12.0,3.0,0.0,
2459,504147,M. Yaeger,4950,4954,29.183333333333334,15.0,6.0,7.0,0.0,
2456,504147,N. Toeleiu,4954,4950,8.233333333333333,3.0,1.0,0.0,1.0,
2461,504147,Pivec Mikayla,4950,4954,26.35,10.0,13.0,5.0,0.0,
2466,504147,R. Cutbush,4950,4954,2.183333333333333,0.0,0.0,0.0,0.0,
2460,504147,R. Frisby-Smith,4950,4954,31.266666666666666,5.0,5.0,3.0,0.0,
2467,504147,S. Mowbray,4950,4954,15.9,5.0,1.0,0.0,1.0,
2450,504147,T. Mikesell,4954,4950,38.31666666666667,13.0,2.0,1.0,1.0,
2457,504147,V. Ikenasio,4954,4950,3.3833333333333333,0.0,0.0,0.0,0.0,
2476,504148,A. Jones,4950,4951,9.233333333333333,3.0,0.0,0.0,1.0,
2478,504148,A. Strawbridge,4951,4950,18.4,6.0,1.0,0.0,2.0,
2482,504148,Brossmann Patricia,4951,4950,19.716666666666665,12.0,2.0,4.0,1.0,
2485,504148,C. Pitman,4951,4950,8.25,0.0,1.0,0.0,0.0,
2469,504148,Dale Mckenna,4950,4951,26.383333333333333,5.0,7.0,5.0,0.0,
2483,504148,E. Langton,4951,4950,15.5,7.0,1.0,1.0,1.0,
2479,504148,E. Shearer,4951,4950,20.666666666666668,13.0,3.0,2.0,0.0,
2486,504148,E. Tahata,4951,4950,8.75,0.0,3.0,0.0,0.0,
2480,504148,L. Snyder,4951,4950,24.683333333333334,16.0,13.0,3.0,1.0,
2475,504148,M. Timms,4950,4951,10.216666666666667,4.0,1.0,0.0,1.0,
2473,504148,M. Vaughn,4950,4951,11.883333333333333,12.0,1.0,2.0,0.0,
2470,504148,M. Yaeger,4950,4951,22.5,21.0,4.0,1.0,1.0,
2474,504148,McGoldrick Esra,4950,4951,10.85,4.0,1.0,0.0,0.0,
2481,504148,N. Gilday,4951,4950,26.3,5.0,3.0,4.0,1.0,
2472,504148,Pivec Mikayla,4950,4951,19.616666666666667,3.0,2.0,2.0,0.0,
2471,504148,R. Frisby-Smith,4950,4951,22.0,2.0,2.0,0.0,0.0,
2484,504148,S. Broughton,4951,4950,0.06666666666666667,0.0,0.0,0.0,0.0,
2477,504148,S. Mowbray,4950,4951,9.65,3.0,1.0,0.0,1.0,
2502,504201,D. Rocha,3826,3827,7.683333333333334,3.0,0.0,0.0,1.0,
2494,504201,D. Wilson,3826,3827,33.81666666666667,11.0,7.0,4.0,1.0,
2496,504201,E. De Sousa,3826,3827,30.233333333333334,15.0,7.0,3.0,1.0,
2487,504201,E. Sanna,3827,3826,31.9,17.0,5.0,4.0,3.0,
2491,504201,J. Bouttet,3827,3826,31.3,9.0,1.0,1.0,1.0,
2490,504201,J. C. Hammond III,3827,3826,40.0,24.0,5.0,7.0,3.0,
2493,504201,J. Mcclary,3826,3827,34.43333333333333,4.0,4.0,3.0,0.0,
2488,504201,K. Johnson,3827,3826,40.0,20.0,17.0,4.0,1.0,
2500,504201,L. Brosius,3826,3827,7.633333333333333,5.0,4.0,0.0,1.0,
2501,504201,M. Dieterlen,3826,3827,9.683333333333334,0.0,2.0,2.0,0.0,
2497,504201,M. Imariagbe,3826,3827,29.633333333333333,24.0,7.0,2.0,1.0,
2499,504201,N. Tibold,3826,3827,2.5666666666666664,0.0,0.0,0.0,0.0,
2492,504201,S. Lanners,3827,3826,20.466666666666665,6.0,2.0,3.0,2.0,
2489,504201,S. Streef,3827,3826,36.333333333333336,11.0,4.0,5.0,0.0,
2498,504201,T. Sturdivant,3826,3827,14.416666666666666,7.0,4.0,0.0,1.0,
2495,504201,V. Heuschling,3826,3827,29.9,6.0,5.0,0.0,0.0,
2522,504202,A. Rand,3830,3829,15.55,17.0,3.0,0.0,2.0,
2503,504202,D. Ceman,3829,3830,29.266666666666666,9.0,3.0,7.0,1.0,
2518,504202,D. Gindt,3830,3829,1.25,0.0,1.0,0.0,0.0,
2516,504202,D. Hampton,3830,3829,24.45,17.0,5.0,0.0,0.0,
2507,504202,D. Sleva,3829,3830,31.383333333333333,0.0,13.0,1.0,2.0,
2508,504202,D. Stephens,3829,3830,8.383333333333333,2.0,1.0,0.0,0.0,
2517,504202,D. Stuckey,3830,3829,39.65,23.0,2.0,3.0,3.0,
2521,504202,E. Alissoutin,3830,3829,0.26666666666666666,0.0,0.0,0.0,0.0,
2509,504202,F. Agbodenou,3829,3830,9.233333333333333,3.0,0.0,0.0,1.0,
2504,504202,F. Reisdorffer,3829,3830,32.416666666666664,11.0,10.0,2.0,1.0,
2512,504202,J. Lux,3829,3830,0.26666666666666666,0.0,0.0,0.0,0.0,
2511,504202,J. Muller,3829,3830,0.13333333333333333,0.0,0.0,0.0,0.0,
2506,504202,J. Taylor Lee,3829,3830,39.65,25.0,4.0,8.0,4.0,
2505,504202,Jack Christopher,3829,3830,29.066666666666666,9.0,2.0,0.0,3.0,
2519,504202,L. Lukic,3830,3829,15.1,4.0,2.0,1.0,0.0,
2515,504202,M. Maindron,3830,3829,30.633333333333333,7.0,3.0,4.0,0.0,
2513,504202,T. Schomer,3830,3829,24.35,4.0,1.0,2.0,0.0,
2510,504202,U. Malesevic,3829,3830,20.016666666666666,9.0,2.0,0.0,1.0,
2520,504202,V. S. Bonga,3830,3829,9.916666666666666,1.0,2.0,0.0,0.0,
2514,504202,Vujakovic Oliver,3830,3829,38.75,10.0,11.0,3.0,1.0,
2532,504203,A. Babic,3828,6362,1.7,0.0,0.0,0.0,0.0,
2526,504203,A. Bivins,3828,6362,36.11666666666667,28.0,5.0,3.0,0.0,
2523,504203,A. Caruso,3828,6362,23.916666666666668,10.0,1.0,0.0,0.0,
2538,504203,A. Mendes,6362,3828,12.8,5.0,1.0,0.0,1.0,
2535,504203,B. Jones,6362,3828,40.0,35.0,14.0,0.0,2.0,
2542,504203,D. Eco,6362,3828,4.783333333333333,0.0,0.0,0.0,0.0,
2539,504203,E. Babic,6362,3828,4.316666666666666,0.0,1.0,0.0,0.0,
2528,504203,J. Besenius,3828,6362,2.9833333333333334,0.0,0.0,0.0,0.0,
2527,504203,J. Keller,3828,6362,30.516666666666666,12.0,5.0,1.0,0.0,
2530,504203,J. Stemper,3828,6362,10.0,2.0,3.0,0.0,0.0,
2524,504203,K. Cirikovic,3828,6362,19.45,10.0,5.0,0.0,2.0,
2529,504203,L. Backes,3828,6362,13.216666666666667,0.0,3.0,0.0,0.0,
2534,504203,L. De Brito Martins,6362,3828,15.9,0.0,3.0,0.0,0.0,
2533,504203,M. Christie,6362,3828,32.1,4.0,3.0,1.0,0.0,
2525,504203,M. Richardson,3828,6362,36.9,17.0,7.0,6.0,2.0,
2537,504203,M. Schmit,6362,3828,23.2,7.0,6.0,4.0,1.0,
2540,504203,N. Zucca,6362,3828,1.1,0.0,0.0,0.0,0.0,
2541,504203,S. Kuhlmann,6362,3828,21.783333333333335,2.0,3.0,2.0,0.0,
2536,504203,S. Muric,6362,3828,36.43333333333333,16.0,11.0,0.0,1.0,
2531,504203,S. Rehak,3828,6362,15.95,4.0,2.0,3.0,0.0,
2545,504204,A. Tumblin,4938,4939,32.583333333333336,33.0,10.0,1.0,1.0,
2559,504204,C. Brochot Carric,4939,4938,9.2,2.0,4.0,1.0,0.0,
2557,504204,C. Parker,4939,4938,30.8,24.0,12.0,1.0,0.0,
2546,504204,Clark Raiquan,4938,4939,29.0,26.0,4.0,1.0,1.0,
2556,504204,D. Grun,4939,4938,26.516666666666666,7.0,6.0,3.0,0.0,
2549,504204,D. Scheltien,4938,4939,14.583333333333334,0.0,0.0,0.0,0.0,
2554,504204,G. Drumgoole,4939,4938,40.0,28.0,5.0,7.0,3.0,
2547,504204,G. Kerschen,4938,4939,19.416666666666668,2.0,2.0,2.0,0.0,
2553,504204,G. Weis,4939,4938,36.333333333333336,19.0,5.0,6.0,0.0,
2548,504204,J. Ingram,4938,4939,18.416666666666668,15.0,1.0,2.0,2.0,
2543,504204,L. Bauer,4938,4939,31.333333333333332,13.0,2.0,4.0,2.0,
2544,504204,L. Pividor,4938,4939,26.566666666666666,5.0,4.0,5.0,1.0,
2552,504204,M. Demuth,4938,4939,7.116666666666666,0.0,0.0,0.0,0.0,
2558,504204,M. Hagen,4939,4938,16.733333333333334,4.0,1.0,0.0,0.0,
2560,504204,P. Ferrante,4939,4938,17.15,8.0,3.0,1.0,2.0,
2550,504204,P. Hoffmann,4938,4939,10.9,0.0,0.0,0.0,0.0,
2555,504204,S. Sanchez,4939,4938,23.266666666666666,13.0,4.0,0.0,0.0,
2551,504204,Y. Julien,4938,4939,10.083333333333334,0.0,0.0,1.0,0.0,
2570,504205,A. Medeot,3819,3822,11.5,0.0,1.0,1.0,0.0,
2566,504205,A. Rodenbourg,3822,3819,25.6,2.0,3.0,0.0,0.0,
2578,504205,Bugeja Sean,3819,3822,14.916666666666666,0.0,2.0,1.0,0.0,
2568,504205,C. Cornu,3822,3819,18.116666666666667,6.0,1.0,0.0,2.0,
2574,504205,C. Phipps,3819,3822,30.383333333333333,34.0,3.0,2.0,6.0,
2562,504205,D. Fonseca,3822,3819,33.1,10.0,4.0,1.0,0.0,
2563,504205,D. Thill,3822,3819,29.9,7.0,2.0,2.0,1.0,
2565,504205,E. Jesus,3822,3819,11.35,6.0,1.0,0.0,0.0,
2567,504205,F. Jenn,3822,3819,18.216666666666665,2.0,3.0,1.0,0.0,
2573,504205,L. Seaman,3819,3822,25.616666666666667,17.0,13.0,2.0,0.0,
2572,504205,Laurent Alex,3819,3822,26.583333333333332,7.0,4.0,4.0,1.0,
2571,504205,M. Adrovic,3819,3822,29.083333333333332,7.0,4.0,1.0,1.0,
2569,504205,M. Pereira,3822,3819,1.45,0.0,0.0,0.0,0.0,
2577,504205,Medeot Noah,3819,3822,21.816666666666666,4.0,3.0,1.0,1.0,
2575,504205,Morton Scott,3819,3822,9.616666666666667,4.0,2.0,1.0,0.0,
2564,504205,Nelson Quinten,3822,3819,31.5,16.0,3.0,1.0,1.0,
2561,504205,Rugg Clancy,3822,3819,26.633333333333333,12.0,8.0,2.0,2.0,
2576,504205,Theisen Jonas,3819,3822,13.416666666666666,11.0,2.0,0.0,0.0,
2579,504206,A. John,3820,3823,33.13333333333333,17.0,15.0,0.0,2.0,
2588,504206,A. Tastekin,3820,3823,0.9333333333333333,1.0,0.0,0.0,0.0,
2595,504206,B. Mc Daniel,3823,3820,20.516666666666666,2.0,4.0,0.0,0.0,
2585,504206,D. Aquaro,3820,3823,1.7666666666666666,0.0,0.0,0.0,0.0,
2594,504206,E. Zenners,3823,3820,16.0,0.0,3.0,1.0,0.0,
2592,504206,G. Deantoni,3823,3820,30.8,15.0,5.0,0.0,0.0,
2591,504206,Gutenkauf Philippe,3823,3820,35.666666666666664,6.0,4.0,6.0,0.0,
2587,504206,L. Holsten,3820,3823,12.05,2.0,5.0,0.0,0.0,
2596,504206,L. Lopes Morais,3823,3820,1.75,0.0,1.0,0.0,0.0,
2580,504206,Logelin Max,3820,3823,35.233333333333334,17.0,3.0,7.0,2.0,
2584,504206,M. Arendt,3820,3823,1.7666666666666666,0.0,1.0,0.0,0.0,
2593,504206,M. Delgado,3823,3820,32.53333333333333,7.0,3.0,0.0,1.0,
2590,504206,N. Hittelet,3820,3823,4.883333333333333,2.0,2.0,1.0,0.0,
2589,504206,P. Arendt,3820,3823,14.15,1.0,3.0,0.0,0.0,
2586,504206,T. Germeaux,3820,3823,8.783333333333333,0.0,2.0,0.0,0.0,
2598,504206,T. Schaaf,3823,3820,13.466666666666667,2.0,1.0,0.0,0.0,
2597,504206,T. Schomer,3823,3820,19.783333333333335,5.0,3.0,0.0,1.0,
2581,504206,V. Stein,3820,3823,27.516666666666666,9.0,10.0,2.0,1.0,
2583,504206,Williams Jarvis,3820,3823,31.283333333333335,16.0,10.0,2.0,0.0,
2582,504206,Y. Verbeelen,3820,3823,28.5,12.0,1.0,0.0,2.0,
2610,504208,C. Parker,4939,3829,37.516666666666666,18.0,10.0,0.0,0.0,
2599,504208,D. Ceman,3829,4939,35.766666666666666,7.0,2.0,6.0,1.0,
2608,504208,D. Grun,4939,3829,38.21666666666667,6.0,3.0,6.0,0.0,
2603,504208,D. Sleva,3829,4939,25.3,26.0,9.0,2.0,0.0,
2604,504208,D. Stephens,3829,4939,14.7,2.0,7.0,1.0,0.0,
2606,504208,F. Agbodenou,3829,4939,14.3,4.0,4.0,0.0,0.0,
2600,504208,F. Reisdorffer,3829,4939,26.233333333333334,10.0,8.0,0.0,0.0,
2611,504208,G. Drumgoole,4939,3829,39.45,29.0,8.0,1.0,3.0,
2607,504208,G. Weis,4939,3829,40.0,17.0,9.0,4.0,3.0,
2602,504208,J. Taylor Lee,3829,4939,40.0,23.0,3.0,2.0,3.0,
2601,504208,Jack Christopher,3829,4939,40.0,11.0,4.0,4.0,3.0,
2613,504208,M. Hagen,4939,3829,8.016666666666667,0.0,0.0,0.0,0.0,
2605,504208,O. Summer,3829,4939,3.7,0.0,0.0,0.0,0.0,
2612,504208,P. Ferrante,4939,3829,2.3333333333333335,0.0,0.0,0.0,0.0,
2609,504208,S. Sanchez,4939,3829,34.46666666666667,8.0,3.0,0.0,1.0,
2614,504327,Bourg Nadine,3833,3834,25.433333333333334,2.0,1.0,4.0,0.0,
2621,504327,Coulon Kyra,3833,3834,26.566666666666666,5.0,3.0,1.0,0.0,
2623,504327,D. Wies,3834,3833,22.616666666666667,0.0,0.0,1.0,0.0,
2629,504327,E. Guedes,3834,3833,15.083333333333334,2.0,2.0,1.0,0.0,
2616,504327,Irthum Liz,3833,3834,27.95,0.0,7.0,4.0,0.0,
2628,504327,J. Have,3834,3833,5.35,2.0,1.0,0.0,0.0,
2627,504327,Jemming Lara,3834,3833,26.3,8.0,0.0,3.0,0.0,
2619,504327,L. Fapranzi,3833,3834,14.866666666666667,5.0,0.0,0.0,0.0,
2626,504327,L. Irthum,3834,3833,29.233333333333334,2.0,3.0,0.0,0.0,
2620,504327,Lavandier Claire,3833,3834,10.0,2.0,3.0,0.0,0.0,
2630,504327,M. Baseggio,3834,3833,7.216666666666667,3.0,1.0,0.0,1.0,
2618,504327,M. Dykstra,3833,3834,36.71666666666667,18.0,12.0,5.0,2.0,
2615,504327,Mathieu Lou,3833,3834,25.683333333333334,8.0,6.0,1.0,2.0,
2622,504327,Mreches Catherine,3834,3833,30.133333333333333,16.0,5.0,2.0,1.0,
2617,504327,Skrijelj Esmeralda,3833,3834,32.78333333333333,7.0,9.0,2.0,1.0,
2625,504327,Van Kleunen Lauren,3834,3833,32.88333333333333,32.0,6.0,3.0,2.0,
2624,504327,Winton Shalonda,3834,3833,30.883333333333333,18.0,16.0,4.0,4.0,
2634,504328,B. Akilah,3837,3831,37.96666666666667,30.0,7.0,1.0,1.0,
2639,504328,B. Flowers,3831,3837,40.0,18.0,11.0,0.0,0.0,
2631,504328,C. Abessolo Minane,3837,3831,26.033333333333335,4.0,1.0,0.0,0.0,
2642,504328,C. Rasolfo,3831,3837,14.85,7.0,3.0,0.0,1.0,
2641,504328,D. Ramos,3831,3837,40.0,35.0,4.0,3.0,3.0,
2636,504328,D. von Arx,3837,3831,13.716666666666667,0.0,1.0,0.0,0.0,
2645,504328,J. Gloden,3831,3837,7.333333333333333,2.0,3.0,0.0,0.0,
2644,504328,K. Missavage,3831,3837,18.25,4.0,0.0,0.0,0.0,
2632,504328,M. Manti,3837,3831,37.5,17.0,1.0,3.0,4.0,
2640,504328,Mangen Julie,3831,3837,32.766666666666666,13.0,1.0,3.0,1.0,
2635,504328,O. Olsen,3837,3831,40.0,14.0,8.0,2.0,0.0,
2638,504328,Stoffel Marie,3831,3837,31.45,8.0,5.0,0.0,2.0,
2643,504328,T. Boayue,3831,3837,15.35,4.0,1.0,1.0,0.0,
2633,504328,T. Liska,3837,3831,25.65,3.0,1.0,4.0,0.0,
2637,504328,Thill Elisa,3837,3831,19.133333333333333,10.0,2.0,1.0,2.0,
2650,504329,A. Niehues,3838,3839,31.966666666666665,19.0,17.0,0.0,0.0,
2655,504329,A. Weber,3839,3838,26.683333333333334,17.0,3.0,2.0,3.0,
2649,504329,C. A. Mosgrove,3838,3839,23.166666666666668,4.0,8.0,0.0,0.0,
2648,504329,C. Giorgio,3838,3839,39.53333333333333,13.0,4.0,3.0,1.0,
2658,504329,E. J. Gallatin,3839,3838,30.616666666666667,19.0,11.0,1.0,1.0,
2653,504329,K. Missavage,3838,3839,17.733333333333334,2.0,0.0,1.0,0.0,
2651,504329,L. Biver,3838,3839,14.35,2.0,1.0,0.0,0.0,
2660,504329,L. Fischer,3839,3838,19.566666666666666,9.0,4.0,1.0,1.0,
2646,504329,L. Graglia,3838,3839,24.45,5.0,2.0,0.0,1.0,
2647,504329,L. Hodzic,3838,3839,11.833333333333334,2.0,0.0,0.0,0.0,
2661,504329,L. Muacho,3839,3838,16.083333333333332,2.0,1.0,0.0,0.0,
2657,504329,Leches Lesley,3839,3838,29.35,9.0,1.0,0.0,0.0,
2654,504329,M. Behnke,3839,3838,23.266666666666666,21.0,6.0,2.0,1.0,
2662,504329,M. Gloden,3839,3838,6.166666666666667,0.0,0.0,0.0,0.0,
2652,504329,M. Lieffrig,3838,3839,5.25,0.0,0.0,0.0,0.0,
2656,504329,M. Meynadier,3839,3838,23.35,26.0,4.0,3.0,8.0,
2659,504329,P. Marcel,3839,3838,24.916666666666668,6.0,3.0,1.0,0.0,
2678,504442,B. Carter,943,933,11.066666666666666,3.0,3.0,0.0,0.0,
2669,504442,Broussard Aaron,933,943,22.666666666666668,5.0,4.0,0.0,1.0,
2680,504442,Cruz Andre,943,933,13.983333333333333,2.0,4.0,0.0,0.0,
2671,504442,Dziewa Aleksander,933,943,18.066666666666666,11.0,6.0,0.0,0.0,
2663,504442,E. Crandall,933,943,23.333333333333332,8.0,3.0,4.0,1.0,
2673,504442,F. Amarante,943,933,31.266666666666666,9.0,5.0,2.0,1.0,
2668,504442,Francisco Eduardo,933,943,12.883333333333333,2.0,0.0,0.0,0.0,
2674,504442,G. Kalscheur,943,933,22.883333333333333,5.0,4.0,2.0,1.0,
2677,504442,J. Davis,943,933,13.65,11.0,2.0,0.0,0.0,
2676,504442,J. Embalo,943,933,20.216666666666665,0.0,4.0,0.0,0.0,
2675,504442,J. Fernandes,943,933,15.333333333333334,4.0,2.0,1.0,0.0,
2666,504442,L. Barrett,933,943,30.0,12.0,10.0,2.0,2.0,
2670,504442,L. Muhammad,933,943,29.116666666666667,21.0,4.0,4.0,1.0,
2672,504442,O&apos;Reilly Liam,943,933,32.53333333333333,26.0,1.0,2.0,3.0,
2665,504442,Relvao Daniel,933,943,24.183333333333334,4.0,4.0,0.0,0.0,
2664,504442,Silva Luis,933,943,10.8,0.0,1.0,0.0,0.0,
2667,504442,Slater,933,943,28.933333333333334,21.0,9.0,2.0,2.0,
2681,504442,T. J. Baskin,943,933,16.333333333333332,5.0,4.0,1.0,0.0,
2679,504442,Ventura Diogo,943,933,22.733333333333334,6.0,3.0,4.0,1.0,
2692,504444,A. Bah,3182,935,22.45,13.0,6.0,1.0,3.0,
2689,504444,A. Sousa,935,3182,0.3333333333333333,0.0,0.0,0.0,0.0,
2695,504444,D. Buccilli,3182,935,20.166666666666668,7.0,0.0,3.0,0.0,
2684,504444,F. Ferreira,935,3182,31.583333333333332,5.0,5.0,3.0,1.0,
2688,504444,F. Neto,935,3182,7.85,2.0,0.0,0.0,0.0,
2696,504444,Gomes Betinho,3182,935,27.15,14.0,6.0,1.0,4.0,
2683,504444,J. Bailey,935,3182,38.63333333333333,0.0,7.0,4.0,1.0,
2694,504444,J. Costa,3182,935,17.683333333333334,9.0,6.0,0.0,0.0,
2697,504444,J. Manjate,3182,935,5.183333333333334,4.0,1.0,1.0,0.0,
2687,504444,J. Martins,935,3182,24.166666666666668,6.0,1.0,0.0,2.0,
2693,504444,J. Okemirie,3182,935,12.716666666666667,8.0,7.0,0.0,0.0,
2699,504444,J. Pedro,3182,935,10.066666666666666,7.0,0.0,0.0,0.0,
2691,504444,J. Rodrigues,3182,935,19.833333333333332,2.0,3.0,2.0,0.0,
2690,504444,M. Lamut,3182,935,24.883333333333333,10.0,12.0,5.0,0.0,
2685,504444,M. Oliveira,935,3182,27.016666666666666,1.0,7.0,1.0,0.0,
2698,504444,M. Rodrigues,3182,935,17.216666666666665,6.0,1.0,1.0,1.0,
2682,504444,P. Carvalhal,935,3182,39.88333333333333,18.0,8.0,3.0,4.0,
2686,504444,Y. Antonio,935,3182,30.533333333333335,10.0,8.0,0.0,0.0,
2708,504445,A. Gakou,5915,942,22.233333333333334,20.0,5.0,0.0,4.0,
2711,504445,A. Moreira,5915,942,13.033333333333333,2.0,2.0,1.0,0.0,
2713,504445,A. Silva,5915,942,24.133333333333333,14.0,0.0,5.0,1.0,
2709,504445,Cardoso Carlos,5915,942,22.7,14.0,5.0,2.0,1.0,
2704,504445,J. Wood,942,5915,18.516666666666666,7.0,3.0,0.0,1.0,
2712,504445,M. Correia,5915,942,25.1,7.0,2.0,4.0,1.0,
2700,504445,M. Monteiro,942,5915,21.633333333333333,4.0,2.0,7.0,1.0,
2714,504445,M. Peixoto,5915,942,4.25,0.0,1.0,0.0,0.0,
2710,504445,Monteiro Ricardo,5915,942,30.283333333333335,9.0,8.0,2.0,0.0,
2702,504445,Morais Nuno,942,5915,17.583333333333332,8.0,2.0,0.0,2.0,
2707,504445,Sibert Jordan,5915,942,30.783333333333335,12.0,2.0,1.0,2.0,
2703,504445,Silva Santiago,942,5915,1.7333333333333334,0.0,1.0,0.0,0.0,
2701,504445,Soeiro Rodrigo,942,5915,19.966666666666665,3.0,6.0,3.0,1.0,
2705,504445,Sona Ruben,942,5915,4.166666666666667,0.0,0.0,2.0,0.0,
2706,504445,Woods Antonio,942,5915,18.166666666666668,14.0,2.0,10.0,4.0,
2724,504446,Araujo Diogo,941,3923,18.316666666666666,3.0,1.0,0.0,1.0,
2725,504446,C. Swanton-Rodger,941,3923,22.733333333333334,14.0,7.0,1.0,0.0,
2720,504446,D. Bessa,3923,941,0.4,0.0,0.0,0.0,0.0,
2718,504446,D. Fragoso,3923,941,24.183333333333334,9.0,4.0,0.0,0.0,
2730,504446,F. Dionisio,941,3923,0.08333333333333333,0.0,0.0,0.0,0.0,
2727,504446,G. Powell,941,3923,18.016666666666666,16.0,1.0,0.0,2.0,
2715,504446,G. Rosado,3923,941,29.25,18.0,6.0,2.0,0.0,
2719,504446,H. Sotta,3923,941,20.783333333333335,0.0,2.0,0.0,0.0,
2728,504446,J. Aramburu,941,3923,22.983333333333334,8.0,10.0,1.0,0.0,
2716,504446,J. Grewal,3923,941,18.866666666666667,7.0,1.0,5.0,2.0,
2723,504446,J. Turner,941,3923,29.166666666666668,10.0,5.0,0.0,1.0,
2717,504446,L. Rahama,3923,941,21.633333333333333,13.0,5.0,0.0,1.0,
2731,504446,M. Fonseca,941,3923,2.8333333333333335,0.0,0.0,0.0,0.0,
2729,504446,Morgan Malik,941,3923,27.05,12.0,6.0,4.0,2.0,
2721,504446,P. Bastos,3923,941,24.416666666666668,6.0,2.0,4.0,2.0,
2722,504446,P. Nixon,941,3923,19.6,13.0,1.0,2.0,1.0,
2726,504446,S. Victo,941,3923,22.316666666666666,12.0,2.0,5.0,0.0,
2732,504446,T. Dias,941,3923,15.1,3.0,2.0,5.0,0.0,
2745,504447,A. Guedes,945,934,38.983333333333334,16.0,7.0,1.0,3.0,
2741,504447,B. Ferreira,934,945,27.866666666666667,7.0,3.0,8.0,1.0,
2739,504447,C. Robert,934,945,15.433333333333334,0.0,1.0,0.0,0.0,
2748,504447,Costa Ricardo,945,934,5.233333333333333,2.0,0.0,0.0,0.0,
2746,504447,D. Runge,945,934,40.0,15.0,8.0,2.0,3.0,
2733,504447,F. Thomas,934,945,32.0,24.0,6.0,5.0,5.0,
2740,504447,G. Silva,934,945,25.2,9.0,5.0,1.0,2.0,
2738,504447,J. Gallina,934,945,5.1,0.0,2.0,0.0,0.0,
2747,504447,M. Drumwright,945,934,37.85,16.0,3.0,4.0,1.0,
2734,504447,M. Tomley,934,945,29.933333333333334,17.0,8.0,4.0,3.0,
2743,504447,R. Stein,945,934,40.0,17.0,13.0,6.0,1.0,
2736,504447,Sa Nuno,934,945,25.85,10.0,9.0,1.0,0.0,
2742,504447,T. Lisboa,934,945,7.466666666666667,0.0,1.0,0.0,0.0,
2744,504447,T. Simao,945,934,37.93333333333333,17.0,2.0,3.0,0.0,
2737,504447,T. Toney,934,945,2.9833333333333334,0.0,0.0,0.0,0.0,
2735,504447,W. Heinz,934,945,28.166666666666668,11.0,9.0,2.0,0.0,
2763,504602,A. Henry,752,761,27.25,15.0,6.0,4.0,0.0,
2753,504602,D. Dennis,761,752,30.283333333333335,25.0,5.0,1.0,3.0,
2768,504602,H. Ozawa,752,761,1.15,0.0,0.0,0.0,0.0,
2765,504602,I. Murphy,752,761,17.05,2.0,4.0,2.0,0.0,
2750,504602,J. Heath,761,752,32.7,7.0,6.0,2.0,0.0,
2769,504602,J. Holtz,752,761,1.8333333333333335,0.0,0.0,0.0,0.0,
2760,504602,K. Imamura,752,761,13.933333333333334,6.0,3.0,2.0,0.0,
2764,504602,Luther Ryan,752,761,33.1,9.0,4.0,2.0,0.0,
2759,504602,M. Alkhoury,761,752,16.383333333333333,7.0,3.0,0.0,1.0,
2751,504602,N. Kay,761,752,31.5,12.0,10.0,2.0,1.0,
2770,504602,Q. Millora-Brown,752,761,12.583333333333334,7.0,3.0,1.0,0.0,
2755,504602,R. Shirahama,761,752,3.95,0.0,0.0,0.0,0.0,
2758,504602,S. Arai,761,752,6.533333333333333,0.0,0.0,0.0,0.0,
2762,504602,S. Eatherton,752,761,32.55,24.0,7.0,1.0,1.0,
2756,504602,S. Inoue,761,752,10.95,3.0,0.0,2.0,1.0,
2752,504602,S. Ueda,761,752,18.0,4.0,0.0,1.0,0.0,
2767,504602,T. Kato,752,761,16.416666666666668,7.0,4.0,4.0,2.0,
2766,504602,T. Nakahigashi,752,761,13.066666666666666,5.0,2.0,1.0,1.0,
2757,504602,T. Nakamura,761,752,16.233333333333334,6.0,3.0,1.0,2.0,
2761,504602,T. Saito,752,761,31.066666666666666,10.0,4.0,8.0,2.0,
2754,504602,Y. Nohmi,761,752,2.6333333333333333,0.0,3.0,1.0,0.0,
2749,504602,Y. Okada,761,752,30.833333333333332,9.0,1.0,7.0,1.0,
2771,504603,A. Davis,6349,750,23.183333333333334,7.0,2.0,4.0,0.0,
2780,504603,A. Kirk,750,6349,24.933333333333334,9.0,9.0,3.0,0.0,
2790,504603,Abdur-Rahkman Muhammad-Ali,750,6349,24.533333333333335,22.0,3.0,6.0,1.0,
2772,504603,D. Newbill,6349,750,30.266666666666666,18.0,8.0,8.0,4.0,
2773,504603,D. Pardon,6349,750,31.766666666666666,15.0,10.0,7.0,0.0,
2782,504603,H. Araya,750,6349,27.85,4.0,4.0,8.0,1.0,
2784,504603,J. LeDee,750,6349,33.45,13.0,5.0,2.0,0.0,
2789,504603,J. Yamauchi,750,6349,7.333333333333333,0.0,0.0,0.0,0.0,
2775,504603,K. Kurokawa,6349,750,27.6,30.0,2.0,7.0,4.0,
2777,504603,K. Sugimoto,6349,750,6.433333333333334,2.0,1.0,0.0,0.0,
2774,504603,L. Watanabe,6349,750,9.8,0.0,1.0,0.0,0.0,
2781,504603,M. Bonds,750,6349,35.483333333333334,24.0,7.0,1.0,3.0,
2786,504603,R. Shinoyama,750,6349,0.7,0.0,0.0,0.0,0.0,
2783,504603,R. Yonesu,750,6349,4.666666666666667,3.0,0.0,1.0,1.0,
2776,504603,S. Ando,6349,750,24.05,8.0,2.0,1.0,0.0,
2788,504603,S. Matsuyama,750,6349,21.283333333333335,15.0,2.0,1.0,3.0,
2785,504603,S. Tsuyama,750,6349,16.283333333333335,0.0,0.0,4.0,0.0,
2779,504603,Sotto Kai,6349,750,25.133333333333333,13.0,11.0,4.0,0.0,
2787,504603,T. Hasegawa,750,6349,3.4,0.0,0.0,0.0,0.0,
2778,504603,T. Kida,6349,750,21.766666666666666,6.0,1.0,0.0,2.0,
2809,504604,A. K. Schafer,1586,7905,17.233333333333334,0.0,3.0,0.0,0.0,
2795,504604,Bolden Marques,7905,1586,32.733333333333334,9.0,8.0,2.0,0.0,
2793,504604,Clark Gary,7905,1586,34.3,21.0,12.0,4.0,1.0,
2801,504604,H. Kikuchi,7905,1586,5.2,0.0,2.0,3.0,0.0,
2807,504604,J. Culver,1586,7905,35.766666666666666,26.0,5.0,8.0,1.0,
2799,504604,J. Harrar,7905,1586,28.966666666666665,13.0,7.0,2.0,0.0,
2805,504604,J. Layman,1586,7905,39.3,29.0,4.0,6.0,7.0,
2812,504604,K. Okajima,1586,7905,17.033333333333335,0.0,1.0,2.0,0.0,
2797,504604,K. Sekino,7905,1586,5.833333333333333,0.0,0.0,0.0,0.0,
2794,504604,K. Tominaga,7905,1586,34.68333333333333,36.0,6.0,8.0,1.0,
2804,504604,N. Boothe,1586,7905,32.0,21.0,3.0,4.0,3.0,
2811,504604,R. Hanzawa,1586,7905,7.433333333333334,0.0,1.0,1.0,0.0,
2792,504604,R. Shimatani,7905,1586,17.133333333333333,3.0,2.0,3.0,1.0,
2791,504604,Ramos Dwight,7905,1586,20.4,5.0,1.0,1.0,0.0,
2806,504604,S. El Darwich,1586,7905,31.916666666666668,22.0,3.0,7.0,1.0,
2803,504604,S. Funyu,1586,7905,28.4,4.0,1.0,2.0,0.0,
2802,504604,S. Ichiba,7905,1586,23.45,13.0,2.0,2.0,3.0,
2810,504604,S. Watanabe,1586,7905,5.916666666666667,0.0,0.0,0.0,0.0,
2798,504604,T. Naito,7905,1586,15.15,3.0,1.0,5.0,0.0,
2800,504604,Y. Kibayashi,7905,1586,1.4333333333333333,2.0,0.0,0.0,0.0,
2796,504604,Y. Osaki,7905,1586,5.716666666666667,3.0,0.0,0.0,1.0,
2808,504604,Y. Sugiura,1586,7905,10.016666666666667,3.0,0.0,0.0,1.0,
2832,504605,A. White,759,757,20.516666666666666,4.0,6.0,2.0,0.0,
2823,504605,D. Dodd,757,759,14.516666666666667,6.0,7.0,1.0,0.0,
2826,504605,D. Gardner,759,757,27.216666666666665,10.0,8.0,3.0,0.0,
2818,504605,H. Maki,757,759,19.05,3.0,1.0,1.0,1.0,
2814,504605,J. Takeuchi,757,759,21.116666666666667,0.0,6.0,1.0,0.0,
2830,504605,K. Akihisa,759,757,2.6333333333333333,0.0,0.0,0.0,0.0,
2815,504605,K. Takahashi,757,759,23.866666666666667,5.0,2.0,1.0,1.0,
2819,504605,M. Kinoshita,757,759,9.333333333333334,3.0,0.0,2.0,0.0,
2817,504605,Palmer James,757,759,34.3,17.0,3.0,8.0,2.0,
2829,504605,R. Sumino,759,757,16.766666666666666,7.0,1.0,2.0,2.0,
2831,504605,S. Nagano,759,757,16.383333333333333,6.0,1.0,2.0,2.0,
2827,504605,S. O'Mara,759,757,29.633333333333333,16.0,14.0,1.0,0.0,
2813,504605,S. Saiz,757,759,23.416666666666668,10.0,11.0,0.0,0.0,
2820,504605,S. Sakamoto,757,759,13.4,3.0,3.0,0.0,0.0,
2816,504605,Song Kyo-Chang,757,759,20.983333333333334,3.0,2.0,1.0,1.0,
2833,504605,T. Kennedy,759,757,16.833333333333332,5.0,5.0,0.0,1.0,
2822,504605,T. Sato,757,759,3.95,0.0,0.0,0.0,0.0,
2824,504605,Y. Kubota,759,757,23.616666666666667,9.0,4.0,3.0,1.0,
2828,504605,Y. Nishida,759,757,25.833333333333332,10.0,1.0,3.0,0.0,
2825,504605,Y. Suda,759,757,20.566666666666666,9.0,3.0,2.0,3.0,
2821,504605,Y. Uematsu,757,759,16.066666666666666,7.0,4.0,0.0,1.0,
2841,504606,A. Kishida,6035,755,3.8166666666666664,0.0,0.0,1.0,0.0,
2849,504606,Brown Vittorio,755,6035,29.483333333333334,16.0,7.0,2.0,2.0,
2836,504606,D. Dudzinski,6035,755,27.416666666666668,8.0,5.0,1.0,0.0,
2853,504606,D. Nemoto,755,6035,12.383333333333333,6.0,3.0,1.0,2.0,
2845,504606,D. Xzavierro,6035,755,20.433333333333334,9.0,4.0,0.0,0.0,
2838,504606,Dotson Damyean,6035,755,31.15,17.0,6.0,0.0,2.0,
2844,504606,F. Takedomi,6035,755,3.35,0.0,1.0,0.0,0.0,
2855,504606,H. Asai,755,6035,21.65,0.0,0.0,2.0,0.0,
2852,504606,H. Wakugawa,755,6035,20.883333333333333,11.0,7.0,4.0,0.0,
2846,504606,J. Harrellson,755,6035,24.366666666666667,12.0,12.0,2.0,0.0,
2854,504606,J. Kodama,755,6035,3.35,0.0,0.0,0.0,0.0,
2856,504606,J. van Tabergen,755,6035,22.066666666666666,14.0,10.0,2.0,1.0,
2839,504606,K. Hashimoto,6035,755,1.5666666666666667,0.0,0.0,0.0,0.0,
2848,504606,K. Tsuya,755,6035,22.783333333333335,12.0,1.0,2.0,4.0,
2837,504606,Little Nassir,6035,755,27.233333333333334,12.0,4.0,1.0,0.0,
2851,504606,N. Sugasawa,755,6035,2.2666666666666666,0.0,1.0,0.0,0.0,
2840,504606,R. Abe,6035,755,21.383333333333333,6.0,1.0,4.0,1.0,
2834,504606,R. Inoue,6035,755,21.3,0.0,1.0,2.0,0.0,
2847,504606,R. Sasaki,755,6035,20.8,16.0,1.0,3.0,2.0,
2842,504606,S. Uchio,6035,755,5.916666666666667,2.0,0.0,1.0,0.0,
2850,504606,T. Davis,755,6035,19.966666666666665,10.0,4.0,2.0,2.0,
2835,504606,T. Sumida,6035,755,30.15,7.0,4.0,5.0,1.0,
2843,504606,T. Tomiyama,6035,755,6.283333333333333,0.0,1.0,0.0,0.0,
2865,504607,A. Yu,760,758,16.283333333333335,6.0,2.0,4.0,0.0,
2857,504607,D. Nomoto,760,758,25.366666666666667,9.0,5.0,5.0,1.0,
2868,504607,E. Shintaro,760,758,8.266666666666667,0.0,2.0,1.0,0.0,
2864,504607,H. Komasawa,760,758,17.766666666666666,6.0,1.0,3.0,2.0,
2873,504607,J. Cooley,758,760,25.35,16.0,8.0,0.0,0.0,
2862,504607,J. D. Komamizu,760,758,3.4833333333333334,0.0,0.0,0.0,0.0,
2877,504607,K. Jones,758,760,29.283333333333335,13.0,6.0,4.0,2.0,
2875,504607,K. Ravena,758,760,18.883333333333333,10.0,2.0,3.0,2.0,
2876,504607,M. Waki,758,760,18.583333333333332,3.0,4.0,2.0,0.0,
2871,504607,Nwaba David,758,760,29.133333333333333,26.0,10.0,4.0,2.0,
2859,504607,R. Kriener,760,758,26.916666666666668,12.0,3.0,1.0,2.0,
2874,504607,R. Sadohara,758,760,29.033333333333335,9.0,2.0,2.0,1.0,
2872,504607,S. Onodera,758,760,7.666666666666667,3.0,1.0,2.0,1.0,
2869,504607,S. Oura,758,760,24.333333333333332,12.0,1.0,3.0,2.0,
2861,504607,Sneed Xavier,760,758,32.25,24.0,7.0,1.0,3.0,
2858,504607,T. Okada,760,758,8.233333333333333,2.0,0.0,2.0,0.0,
2867,504607,T. T. Sudo,760,758,15.75,6.0,0.0,2.0,0.0,
2863,504607,T. Tahara,760,758,3.183333333333333,0.0,0.0,0.0,0.0,
2870,504607,Y. Matsuwaki,758,760,17.733333333333334,2.0,3.0,1.0,0.0,
2866,504607,Y. Nishida,760,758,11.4,2.0,1.0,1.0,0.0,
2860,504607,Z. Auguste,760,758,31.083333333333332,20.0,15.0,5.0,2.0,
2880,504608,Alkins Rawle,7906,748,27.316666666666666,26.0,5.0,6.0,3.0,
2882,504608,B. Williams,7906,748,20.183333333333334,8.0,7.0,2.0,0.0,
2884,504608,D. Tanaka,7906,748,19.166666666666668,8.0,0.0,5.0,2.0,
2888,504608,Grantham Donte,7906,748,15.75,9.0,3.0,1.0,1.0,
2881,504608,I. Yamazaki,7906,748,19.966666666666665,5.0,0.0,0.0,1.0,
2879,504608,J. Harper,7906,748,19.883333333333333,9.0,4.0,1.0,1.0,
2878,504608,J. Hawkinson,7906,748,28.05,9.0,7.0,2.0,2.0,
2887,504608,K. Toyoshige,7906,748,10.416666666666666,0.0,0.0,1.0,0.0,
2885,504608,L. Vendrame,7906,748,14.983333333333333,4.0,2.0,3.0,0.0,
2893,504608,M. Smith,748,7906,31.366666666666667,14.0,3.0,7.0,0.0,
2897,504608,N. Hotta,748,7906,2.7,0.0,0.0,0.0,0.0,
2891,504608,R. Akaho,748,7906,20.75,5.0,2.0,1.0,1.0,
2898,504608,R. Iwaya,748,7906,18.533333333333335,6.0,2.0,2.0,2.0,
2886,504608,R. Nozaki,7906,748,10.766666666666667,5.0,1.0,1.0,1.0,
2892,504608,R. Travis,748,7906,29.733333333333334,13.0,5.0,2.0,0.0,
2890,504608,S. Taguchi,748,7906,21.55,3.0,1.0,0.0,1.0,
2889,504608,S. Yamagiwa,7906,748,7.933333333333334,7.0,0.0,0.0,1.0,
2896,504608,T. Motoda,748,7906,9.916666666666666,0.0,1.0,1.0,0.0,
2895,504608,T. Murphy,748,7906,19.383333333333333,1.0,0.0,2.0,0.0,
2894,504608,Wetzell Yannick,748,7906,28.983333333333334,12.0,12.0,5.0,0.0,
2883,504608,Y. Nagayoshi,7906,748,5.6,0.0,1.0,1.0,0.0,
2899,504608,Zhao Baiqing,748,7906,17.066666666666666,9.0,4.0,1.0,1.0,
2915,504609,A. Ogawa,764,763,12.883333333333333,5.0,1.0,4.0,1.0,
2904,504609,Angola Braian,763,764,37.666666666666664,14.0,8.0,5.0,3.0,
2900,504609,D. Kuzuhura,763,764,10.583333333333334,0.0,2.0,0.0,0.0,
2902,504609,D. Willis,763,764,29.816666666666666,27.0,10.0,2.0,0.0,
2906,504609,F. Ravena,763,764,27.883333333333333,19.0,3.0,2.0,1.0,
2912,504609,G. Edwards,764,763,19.333333333333332,6.0,4.0,0.0,1.0,
2921,504609,H. Arakawa,764,763,3.75,0.0,1.0,1.0,0.0,
2910,504609,H. Tanaka,763,764,7.3,0.0,1.0,0.0,0.0,
2914,504609,I. Fotu,764,763,28.033333333333335,13.0,6.0,3.0,0.0,
2908,504609,K. Morizane,763,764,0.8666666666666667,0.0,0.0,0.0,0.0,
2920,504609,K. Takeuchi,764,763,18.816666666666666,4.0,3.0,0.0,1.0,
2916,504609,Kell Trey,764,763,32.483333333333334,22.0,13.0,2.0,2.0,
2919,504609,M. Hiejima,764,763,18.4,3.0,0.0,2.0,1.0,
2905,504609,N. Uto,763,764,2.8166666666666664,0.0,0.0,0.0,0.0,
2922,504609,O. Frazier,764,763,18.75,4.0,4.0,2.0,0.0,
2907,504609,R. Faraz,763,764,15.633333333333333,4.0,4.0,0.0,0.0,
2918,504609,S. Ikaruga,764,763,17.516666666666666,0.0,4.0,1.0,0.0,
2913,504609,S. Takashima,764,763,11.983333333333333,0.0,1.0,0.0,0.0,
2903,504609,Simms Aamir,763,764,31.216666666666665,4.0,6.0,4.0,0.0,
2911,504609,T. Izumi,763,764,0.03333333333333333,0.0,0.0,0.0,0.0,
2917,504609,Y. Endo,764,763,18.05,10.0,3.0,0.0,3.0,
2909,504609,Y. Nozaki,763,764,7.7,3.0,3.0,0.0,1.0,
2901,504609,Y. Okada,763,764,28.483333333333334,6.0,6.0,2.0,0.0,
2926,504610,A. Caloiaro,754,6034,37.6,15.0,7.0,3.0,0.0,
2940,504610,A. Tsuchiya,6034,754,4.883333333333333,0.0,0.0,0.0,0.0,
2925,504610,C. Jackson,754,6034,32.166666666666664,30.0,18.0,4.0,0.0,
2928,504610,H. Kawashima,754,6034,12.316666666666666,5.0,0.0,1.0,1.0,
2937,504610,J. Brantley,6034,754,40.63333333333333,19.0,9.0,4.0,1.0,
2941,504610,K. Hoshikawa,6034,754,19.083333333333332,3.0,0.0,0.0,1.0,
2936,504610,K. Kumagai,6034,754,30.5,0.0,6.0,6.0,0.0,
2942,504610,K. Matsumoto,6034,754,5.116666666666666,0.0,1.0,0.0,0.0,
2932,504610,K. Mizuno,754,6034,8.533333333333333,0.0,2.0,1.0,0.0,
2943,504610,L. Tanaka,6034,754,8.566666666666666,0.0,1.0,0.0,0.0,
2930,504610,M. Hall,754,6034,5.2,0.0,0.0,0.0,0.0,
2935,504610,M. Morikawa,6034,754,35.7,9.0,1.0,0.0,3.0,
2934,504610,M. Phillips,754,6034,4.45,0.0,0.0,0.0,0.0,
2929,504610,R. Kishimoto,754,6034,28.416666666666668,8.0,3.0,3.0,2.0,
2931,504610,R. Shibuta,754,6034,14.25,2.0,0.0,5.0,0.0,
2924,504610,R. Watanabe,754,6034,13.783333333333333,0.0,2.0,2.0,0.0,
2939,504610,Randolph Levi,6034,754,37.81666666666667,27.0,2.0,4.0,2.0,
2927,504610,Rivers Demetre,754,6034,28.3,9.0,5.0,1.0,1.0,
2923,504610,S. Maeta,754,6034,29.466666666666665,15.0,5.0,1.0,3.0,
2933,504610,S. Nishibe,754,6034,10.533333333333333,0.0,3.0,3.0,0.0,
2938,504610,Y. Baba,6034,754,42.7,18.0,11.0,2.0,3.0,
2963,504611,A. Oguri,2259,765,5.783333333333333,0.0,0.0,1.0,0.0,
2964,504611,D. Kato,2259,765,3.1166666666666667,0.0,1.0,0.0,0.0,
2960,504611,D. Tsuchiya,2259,765,24.133333333333333,8.0,2.0,5.0,1.0,
2955,504611,Daum Mike,2259,765,29.033333333333335,17.0,7.0,3.0,2.0,
2958,504611,E. Donley,2259,765,22.366666666666667,15.0,3.0,3.0,3.0,
2947,504611,G. Arai,765,2259,18.683333333333334,10.0,0.0,3.0,2.0,
2956,504611,Harris Kevon,2259,765,29.283333333333335,13.0,4.0,5.0,1.0,
2954,504611,K. Hoshino,2259,765,10.1,0.0,1.0,0.0,0.0,
2951,504611,K. Maeno,765,2259,6.55,0.0,0.0,1.0,0.0,
2949,504611,K. Morii,765,2259,20.433333333333334,2.0,3.0,3.0,0.0,
2950,504611,K. Richardson,765,2259,17.866666666666667,9.0,3.0,2.0,0.0,
2952,504611,K. Sudo,765,2259,12.933333333333334,10.0,0.0,0.0,2.0,
2946,504611,Kotsar Maik-Kalev,765,2259,35.233333333333334,19.0,14.0,2.0,0.0,
2957,504611,Lee Marcus,2259,765,27.883333333333333,13.0,6.0,0.0,0.0,
2948,504611,Livers Isaiah,765,2259,32.983333333333334,21.0,4.0,5.0,3.0,
2944,504611,N. Namizato,765,2259,26.833333333333332,10.0,5.0,10.0,0.0,
2962,504611,S. Tokairin,2259,765,5.216666666666667,0.0,0.0,1.0,0.0,
2953,504611,T. Furukawa,2259,765,23.133333333333333,8.0,3.0,0.0,1.0,
2959,504611,T. Kawata,2259,765,8.233333333333333,0.0,4.0,0.0,0.0,
2961,504611,T. M. Kaishu,2259,765,11.733333333333333,4.0,5.0,1.0,0.0,
2945,504611,T. Sato,765,2259,28.483333333333334,4.0,4.0,1.0,0.0,
2969,504612,A. Edu,2975,3061,26.716666666666665,9.0,12.0,1.0,0.0,
2983,504612,B. Parks,3061,2975,20.0,10.0,2.0,2.0,2.0,
2984,504612,Delany Finn,3061,2975,28.65,8.0,6.0,1.0,1.0,
2982,504612,H. Watanabe,3061,2975,8.416666666666666,4.0,1.0,0.0,0.0,
2978,504612,H. Yoshii,3061,2975,32.083333333333336,10.0,4.0,1.0,2.0,
2986,504612,K. Akama,3061,2975,0.95,0.0,0.0,0.0,0.0,
2973,504612,K. Asano,2975,3061,4.333333333333333,0.0,0.0,0.0,0.0,
2968,504612,K. Blackshear,2975,3061,32.083333333333336,19.0,11.0,5.0,0.0,
2970,504612,K. Flippin,2975,3061,9.25,4.0,2.0,0.0,0.0,
2981,504612,K. Fukuzawa,3061,2975,4.216666666666667,0.0,0.0,0.0,0.0,
2965,504612,K. Hosokawa,2975,3061,18.016666666666666,8.0,2.0,0.0,2.0,
2972,504612,K. Tsurumaki,2975,3061,4.366666666666666,0.0,1.0,1.0,0.0,
2976,504612,N. Hasegawa,3061,2975,18.166666666666668,0.0,2.0,3.0,0.0,
2971,504612,N. Tsuji,2975,3061,7.333333333333333,0.0,0.0,1.0,0.0,
2985,504612,R. Jingaoka,3061,2975,3.7666666666666666,2.0,0.0,0.0,0.0,
2977,504612,R. Maeda,3061,2975,27.583333333333332,10.0,3.0,7.0,2.0,
2974,504612,S. Johnson,2975,3061,27.65,14.0,8.0,3.0,1.0,
2966,504612,T. Mckinney-Jones,2975,3061,28.483333333333334,11.0,5.0,2.0,0.0,
2967,504612,T. Nakamura,2975,3061,22.383333333333333,5.0,2.0,2.0,0.0,
2980,504612,T. Soares,3061,2975,22.966666666666665,7.0,3.0,1.0,1.0,
2979,504612,V. Law,3061,2975,33.2,20.0,12.0,4.0,3.0,
2975,504612,Y. Fujii,2975,3061,19.383333333333333,2.0,3.0,0.0,0.0,
3000,504613,A. Henry,752,761,32.516666666666666,25.0,5.0,5.0,1.0,
2994,504613,A. Sukegawa,761,752,10.983333333333333,5.0,1.0,0.0,1.0,
2991,504613,D. Dennis,761,752,27.8,6.0,4.0,3.0,0.0,
3006,504613,H. Ozawa,752,761,5.85,0.0,0.0,0.0,0.0,
3002,504613,I. Murphy,752,761,7.666666666666667,6.0,1.0,0.0,1.0,
2988,504613,J. Heath,761,752,30.666666666666668,16.0,5.0,2.0,4.0,
2997,504613,K. Imamura,752,761,10.25,3.0,1.0,0.0,1.0,
3001,504613,Luther Ryan,752,761,30.8,16.0,5.0,2.0,1.0,
2996,504613,M. Alkhoury,761,752,6.383333333333334,0.0,0.0,0.0,0.0,
2989,504613,N. Kay,761,752,34.03333333333333,13.0,8.0,4.0,0.0,
3007,504613,Q. Millora-Brown,752,761,6.966666666666667,3.0,1.0,0.0,0.0,
2995,504613,S. Arai,761,752,18.816666666666666,14.0,1.0,2.0,4.0,
2999,504613,S. Eatherton,752,761,33.03333333333333,15.0,6.0,0.0,0.0,
2992,504613,S. Inoue,761,752,5.433333333333334,5.0,2.0,0.0,1.0,
2990,504613,S. Ueda,761,752,18.733333333333334,3.0,0.0,2.0,1.0,
3004,504613,T. Harimoto,752,761,9.683333333333334,0.0,2.0,0.0,0.0,
3005,504613,T. Kato,752,761,15.933333333333334,0.0,4.0,2.0,0.0,
3003,504613,T. Nakahigashi,752,761,18.066666666666666,3.0,4.0,0.0,1.0,
2993,504613,T. Nakamura,761,752,17.066666666666666,3.0,1.0,0.0,1.0,
2998,504613,T. Saito,752,761,29.233333333333334,16.0,4.0,8.0,1.0,
2987,504613,Y. Okada,761,752,30.083333333333332,15.0,3.0,6.0,2.0,
3020,504614,A. Kirk,750,6349,34.53333333333333,14.0,9.0,1.0,0.0,
3021,504614,Abdur-Rahkman Muhammad-Ali,750,6349,34.416666666666664,18.0,8.0,5.0,1.0,
3014,504614,B. Aoki,6349,750,3.1333333333333333,0.0,0.0,0.0,0.0,
3008,504614,D. Newbill,6349,750,32.55,20.0,2.0,2.0,2.0,
3010,504614,D. Pardon,6349,750,37.266666666666666,7.0,5.0,6.0,0.0,
3018,504614,J. LeDee,750,6349,26.333333333333332,17.0,7.0,6.0,1.0,
3027,504614,J. Yamauchi,750,6349,25.233333333333334,4.0,1.0,2.0,0.0,
3009,504614,K. Kurokawa,6349,750,25.9,15.0,3.0,2.0,1.0,
3016,504614,K. Sugimoto,6349,750,20.266666666666666,5.0,4.0,1.0,1.0,
3012,504614,L. Watanabe,6349,750,14.683333333333334,0.0,1.0,0.0,0.0,
3019,504614,M. Bonds,750,6349,36.93333333333333,19.0,6.0,2.0,1.0,
3022,504614,R. Hideki,750,6349,0.21666666666666667,0.0,0.0,0.0,0.0,
3024,504614,R. Yonesu,750,6349,4.45,0.0,0.0,0.0,0.0,
3015,504614,S. Ando,6349,750,20.483333333333334,10.0,4.0,0.0,2.0,
3023,504614,S. Matsuyama,750,6349,8.6,4.0,2.0,0.0,0.0,
3025,504614,S. Tsuyama,750,6349,2.8166666666666664,0.0,0.0,1.0,0.0,
3011,504614,Sotto Kai,6349,750,30.7,12.0,14.0,5.0,0.0,
3026,504614,T. Hasegawa,750,6349,2.8166666666666664,0.0,1.0,0.0,0.0,
3013,504614,T. Kida,6349,750,15.033333333333333,5.0,1.0,0.0,1.0,
3017,504614,Y. Aratani,750,6349,23.666666666666668,7.0,3.0,1.0,1.0,
3036,504615,G. Arao,751,749,4.083333333333333,0.0,1.0,0.0,0.0,
3046,504615,G. Hiraiwa,749,751,16.666666666666668,2.0,9.0,1.0,0.0,
3044,504615,H. Nakamura,749,751,19.2,7.0,2.0,0.0,1.0,
3042,504615,Hogg D. J.,749,751,15.283333333333333,14.0,3.0,0.0,2.0,
3043,504615,Johnson Keyontae,749,751,27.216666666666665,37.0,12.0,4.0,3.0,
3038,504615,K. Sugawara,751,749,17.933333333333334,3.0,1.0,1.0,1.0,
3040,504615,K. Toews,749,751,18.666666666666668,11.0,1.0,4.0,1.0,
3028,504615,L. Maye,751,749,24.433333333333334,2.0,7.0,0.0,0.0,
3032,504615,N. Williams,751,749,10.416666666666666,3.0,3.0,3.0,0.0,
3048,504615,R. Iida,749,751,11.25,3.0,2.0,2.0,1.0,
3037,504615,R. Kanechika,751,749,19.6,5.0,2.0,0.0,1.0,
3039,504615,R. Rossiter,749,751,19.6,7.0,3.0,0.0,1.0,
3031,504615,R. Segawa,751,749,21.966666666666665,12.0,2.0,6.0,2.0,
3041,504615,S. Ando,749,751,17.766666666666666,9.0,2.0,1.0,2.0,
3033,504615,S. Hara,751,749,16.383333333333333,2.0,1.0,1.0,0.0,
3049,504615,S. Okura,749,751,11.133333333333333,0.0,0.0,1.0,0.0,
3047,504615,T. Osakabe,749,751,17.766666666666666,2.0,3.0,3.0,0.0,
3029,504615,T. Sato,751,749,16.983333333333334,0.0,6.0,1.0,0.0,
3030,504615,Watanabe Yuta,751,749,24.816666666666666,12.0,7.0,1.0,2.0,
3034,504615,Y. Togashi,751,749,18.033333333333335,15.0,0.0,3.0,3.0,
3045,504615,Z. Baranski,749,751,25.45,4.0,5.0,0.0,1.0,
3069,504616,A. K. Schafer,1586,7905,18.1,6.0,3.0,0.0,0.0,
3054,504616,Bolden Marques,7905,1586,23.866666666666667,14.0,4.0,0.0,1.0,
3052,504616,Clark Gary,7905,1586,28.583333333333332,14.0,10.0,3.0,2.0,
3061,504616,H. Kikuchi,7905,1586,10.283333333333333,5.0,1.0,0.0,0.0,
3058,504616,H. Matsuzaki,7905,1586,6.316666666666666,0.0,0.0,0.0,0.0,
3067,504616,J. Culver,1586,7905,31.15,28.0,9.0,4.0,1.0,
3059,504616,J. Harrar,7905,1586,22.716666666666665,15.0,13.0,3.0,0.0,
3065,504616,J. Layman,1586,7905,31.616666666666667,28.0,5.0,3.0,4.0,
3071,504616,K. Okajima,1586,7905,19.383333333333333,8.0,0.0,3.0,2.0,
3056,504616,K. Sekino,7905,1586,4.583333333333333,3.0,0.0,0.0,1.0,
3053,504616,K. Tominaga,7905,1586,29.716666666666665,22.0,2.0,5.0,4.0,
3064,504616,N. Boothe,1586,7905,30.066666666666666,10.0,4.0,7.0,1.0,
3051,504616,R. Shimatani,7905,1586,11.35,0.0,1.0,5.0,0.0,
3050,504616,Ramos Dwight,7905,1586,25.333333333333332,15.0,6.0,2.0,3.0,
3066,504616,S. El Darwich,1586,7905,26.833333333333332,4.0,5.0,7.0,0.0,
3063,504616,S. Funyu,1586,7905,21.15,2.0,0.0,0.0,0.0,
3062,504616,S. Ichiba,7905,1586,20.433333333333334,10.0,0.0,2.0,0.0,
3070,504616,S. Watanabe,1586,7905,12.233333333333333,3.0,0.0,1.0,1.0,
3057,504616,T. Naito,7905,1586,3.0166666666666666,0.0,0.0,0.0,0.0,
3060,504616,Y. Kibayashi,7905,1586,5.583333333333333,2.0,0.0,1.0,0.0,
3055,504616,Y. Osaki,7905,1586,8.216666666666667,0.0,2.0,2.0,0.0,
3068,504616,Y. Sugiura,1586,7905,9.466666666666667,0.0,1.0,2.0,0.0,
3091,504617,A. White,759,757,25.583333333333332,11.0,8.0,1.0,2.0,
3081,504617,D. Dodd,757,759,14.883333333333333,6.0,3.0,0.0,0.0,
3084,504617,D. Gardner,759,757,23.783333333333335,13.0,6.0,6.0,2.0,
3077,504617,H. Maki,757,759,20.35,4.0,0.0,2.0,0.0,
3073,504617,J. Takeuchi,757,759,20.333333333333332,5.0,5.0,1.0,0.0,
3088,504617,K. Akihisa,759,757,3.2666666666666666,0.0,0.0,0.0,0.0,
3074,504617,K. Takahashi,757,759,21.1,7.0,5.0,4.0,1.0,
3078,504617,M. Kinoshita,757,759,11.066666666666666,0.0,2.0,1.0,0.0,
3076,504617,Palmer James,757,759,29.1,8.0,5.0,5.0,0.0,
3087,504617,R. Sumino,759,757,19.166666666666668,9.0,4.0,0.0,3.0,
3090,504617,S. Nagano,759,757,21.983333333333334,12.0,2.0,4.0,2.0,
3085,504617,S. O'Mara,759,757,30.05,26.0,9.0,3.0,0.0,
3072,504617,S. Saiz,757,759,24.433333333333334,8.0,7.0,2.0,0.0,
3079,504617,S. Sakamoto,757,759,18.783333333333335,2.0,1.0,2.0,0.0,
3075,504617,Song Kyo-Chang,757,759,20.066666666666666,13.0,2.0,0.0,2.0,
3089,504617,T. Kennedy,759,757,19.633333333333333,12.0,6.0,2.0,2.0,
3082,504617,Y. Kubota,759,757,19.933333333333334,2.0,1.0,5.0,0.0,
3086,504617,Y. Nishida,759,757,23.05,15.0,3.0,1.0,3.0,
3083,504617,Y. Suda,759,757,13.55,1.0,0.0,0.0,0.0,
3080,504617,Y. Uematsu,757,759,19.883333333333333,4.0,6.0,0.0,1.0,
3098,504618,A. Kishida,6035,755,10.583333333333334,6.0,1.0,1.0,2.0,
3104,504618,Brown Vittorio,755,6035,36.06666666666667,29.0,6.0,0.0,4.0,
3094,504618,D. Dudzinski,6035,755,33.13333333333333,16.0,11.0,2.0,1.0,
3107,504618,D. Nemoto,755,6035,6.5,3.0,0.0,1.0,1.0,
3100,504618,D. Xzavierro,6035,755,12.75,2.0,2.0,0.0,0.0,
3096,504618,Dotson Damyean,6035,755,33.416666666666664,30.0,7.0,1.0,1.0,
3108,504618,H. Asai,755,6035,2.9833333333333334,0.0,0.0,0.0,0.0,
3106,504618,H. Wakugawa,755,6035,24.683333333333334,4.0,4.0,5.0,0.0,
3101,504618,J. Harrellson,755,6035,23.25,9.0,7.0,2.0,1.0,
3109,504618,J. van Tabergen,755,6035,26.316666666666666,20.0,5.0,1.0,0.0,
3103,504618,K. Tsuya,755,6035,24.383333333333333,3.0,0.0,1.0,1.0,
3095,504618,Little Nassir,6035,755,34.11666666666667,28.0,4.0,3.0,5.0,
3097,504618,R. Abe,6035,755,13.983333333333333,2.0,1.0,0.0,0.0,
3092,504618,R. Inoue,6035,755,23.3,0.0,1.0,2.0,0.0,
3102,504618,R. Sasaki,755,6035,22.933333333333334,0.0,0.0,11.0,0.0,
3099,504618,S. Uchio,6035,755,8.083333333333334,0.0,0.0,0.0,0.0,
3105,504618,T. Davis,755,6035,32.9,25.0,5.0,6.0,6.0,
3093,504618,T. Sumida,6035,755,30.633333333333333,5.0,4.0,6.0,1.0,
3119,504619,A. Yu,760,758,22.433333333333334,7.0,2.0,5.0,1.0,
3110,504619,D. Nomoto,760,758,20.05,11.0,1.0,6.0,1.0,
3118,504619,E. Shintaro,760,758,14.8,6.0,1.0,0.0,2.0,
3117,504619,H. Komasawa,760,758,13.5,7.0,2.0,2.0,1.0,
3124,504619,J. Cooley,758,760,32.85,12.0,17.0,1.0,0.0,
3115,504619,J. D. Komamizu,760,758,8.433333333333334,1.0,3.0,0.0,0.0,
3126,504619,K. Jones,758,760,28.25,14.0,8.0,0.0,0.0,
3131,504619,K. Kobari,758,760,8.733333333333333,0.0,3.0,1.0,0.0,
3129,504619,K. Ravena,758,760,20.783333333333335,8.0,2.0,4.0,1.0,
3130,504619,M. Waki,758,760,12.666666666666666,5.0,1.0,1.0,1.0,
3127,504619,M. Yamauchi,758,760,1.5666666666666667,0.0,0.0,0.0,0.0,
3125,504619,Nwaba David,758,760,29.616666666666667,12.0,9.0,3.0,1.0,
3112,504619,R. Kriener,760,758,28.45,21.0,7.0,4.0,2.0,
3128,504619,R. Sadohara,758,760,22.033333333333335,7.0,1.0,0.0,0.0,
3123,504619,S. Onodera,758,760,11.25,0.0,0.0,1.0,0.0,
3121,504619,S. Oura,758,760,21.366666666666667,7.0,0.0,6.0,1.0,
3120,504619,Sneed Xavier,760,758,29.866666666666667,12.0,6.0,1.0,0.0,
3111,504619,T. Okada,760,758,10.5,6.0,0.0,0.0,2.0,
3114,504619,T. T. Sudo,760,758,20.366666666666667,3.0,4.0,4.0,1.0,
3116,504619,T. Tahara,760,758,5.383333333333334,2.0,0.0,0.0,0.0,
3122,504619,Y. Matsuwaki,758,760,12.45,7.0,0.0,1.0,2.0,
3113,504619,Z. Auguste,760,758,26.216666666666665,22.0,9.0,6.0,1.0,
3134,504620,Alkins Rawle,7906,748,30.25,30.0,7.0,2.0,0.0,
3136,504620,B. Williams,7906,748,24.1,7.0,4.0,4.0,0.0,
3138,504620,D. Tanaka,7906,748,22.233333333333334,7.0,1.0,3.0,1.0,
3142,504620,Grantham Donte,7906,748,25.816666666666666,10.0,6.0,1.0,0.0,
3135,504620,I. Yamazaki,7906,748,19.983333333333334,6.0,2.0,1.0,2.0,
3133,504620,J. Harper,7906,748,24.2,14.0,2.0,3.0,1.0,
3132,504620,J. Hawkinson,7906,748,32.21666666666667,6.0,13.0,2.0,0.0,
3141,504620,K. Toyoshige,7906,748,1.7,0.0,0.0,0.0,0.0,
3139,504620,L. Vendrame,7906,748,7.05,2.0,0.0,0.0,0.0,
3147,504620,M. Smith,748,7906,31.933333333333334,24.0,4.0,1.0,3.0,
3149,504620,R. Akaho,748,7906,23.5,8.0,3.0,2.0,0.0,
3151,504620,R. Iwaya,748,7906,18.816666666666666,1.0,2.0,4.0,0.0,
3140,504620,R. Nozaki,7906,748,5.816666666666666,4.0,0.0,1.0,1.0,
3145,504620,R. Travis,748,7906,31.2,11.0,5.0,3.0,1.0,
3144,504620,S. Taguchi,748,7906,22.3,9.0,1.0,2.0,3.0,
3143,504620,S. Yamagiwa,7906,748,2.8333333333333335,0.0,0.0,0.0,0.0,
3150,504620,T. Motoda,748,7906,7.366666666666666,0.0,1.0,0.0,0.0,
3146,504620,T. Murphy,748,7906,16.1,2.0,1.0,1.0,0.0,
3148,504620,Wetzell Yannick,748,7906,30.383333333333333,10.0,10.0,4.0,0.0,
3137,504620,Y. Nagayoshi,7906,748,3.8,0.0,1.0,0.0,0.0,
3152,504620,Zhao Baiqing,748,7906,18.416666666666668,11.0,2.0,0.0,2.0,
3168,504621,A. Ogawa,764,763,25.783333333333335,16.0,2.0,7.0,3.0,
3157,504621,Angola Braian,763,764,19.8,13.0,1.0,0.0,1.0,
3153,504621,D. Kuzuhura,763,764,15.183333333333334,4.0,2.0,0.0,1.0,
3155,504621,D. Willis,763,764,24.65,10.0,7.0,2.0,0.0,
3159,504621,F. Ravena,763,764,19.166666666666668,11.0,2.0,4.0,0.0,
3165,504621,G. Edwards,764,763,20.666666666666668,16.0,3.0,3.0,3.0,
3174,504621,H. Arakawa,764,763,4.65,0.0,1.0,0.0,0.0,
3163,504621,H. Tanaka,763,764,20.55,2.0,2.0,1.0,0.0,
3167,504621,I. Fotu,764,763,22.55,17.0,7.0,2.0,1.0,
3175,504621,K. Hoshikawa,764,763,16.833333333333332,3.0,1.0,1.0,1.0,
3161,504621,K. Morizane,763,764,12.9,6.0,0.0,3.0,2.0,
3173,504621,K. Takeuchi,764,763,15.616666666666667,8.0,3.0,1.0,0.0,
3169,504621,Kell Trey,764,763,18.75,11.0,6.0,1.0,2.0,
3172,504621,M. Hiejima,764,763,17.45,15.0,0.0,5.0,3.0,
3158,504621,N. Uto,763,764,15.75,7.0,3.0,2.0,0.0,
3176,504621,O. Frazier,764,763,18.016666666666666,13.0,5.0,1.0,2.0,
3160,504621,R. Faraz,763,764,16.883333333333333,3.0,3.0,0.0,0.0,
3171,504621,S. Ikaruga,764,763,10.116666666666667,0.0,0.0,0.0,0.0,
3166,504621,S. Takashima,764,763,19.483333333333334,0.0,1.0,0.0,0.0,
3156,504621,Simms Aamir,763,764,22.85,16.0,4.0,1.0,2.0,
3164,504621,T. Izumi,763,764,6.3,0.0,1.0,0.0,0.0,
3170,504621,Y. Endo,764,763,10.1,0.0,4.0,0.0,0.0,
3162,504621,Y. Nozaki,763,764,13.133333333333333,3.0,1.0,0.0,0.0,
3154,504621,Y. Okada,763,764,12.833333333333334,2.0,2.0,2.0,0.0,
3180,504622,A. Caloiaro,754,6034,20.916666666666668,23.0,3.0,4.0,0.0,
3194,504622,A. Tsuchiya,6034,754,6.966666666666667,0.0,0.0,1.0,0.0,
3179,504622,C. Jackson,754,6034,22.85,13.0,10.0,4.0,0.0,
3182,504622,H. Kawashima,754,6034,11.566666666666666,2.0,1.0,1.0,0.0,
3191,504622,J. Brantley,6034,754,28.6,15.0,7.0,2.0,2.0,
3196,504622,K. Hoshikawa,6034,754,11.283333333333333,4.0,2.0,0.0,0.0,
3190,504622,K. Kumagai,6034,754,32.416666666666664,2.0,2.0,2.0,0.0,
3197,504622,K. Matsumoto,6034,754,6.933333333333334,0.0,0.0,0.0,0.0,
3186,504622,K. Mizuno,754,6034,17.616666666666667,3.0,0.0,1.0,0.0,
3195,504622,K. Takahira,6034,754,5.5,2.0,1.0,0.0,0.0,
3198,504622,L. Tanaka,6034,754,23.183333333333334,0.0,4.0,2.0,0.0,
3184,504622,M. Hall,754,6034,14.283333333333333,10.0,5.0,1.0,2.0,
3189,504622,M. Morikawa,6034,754,21.716666666666665,4.0,0.0,1.0,0.0,
3188,504622,M. Phillips,754,6034,19.383333333333333,12.0,6.0,0.0,0.0,
3183,504622,R. Kishimoto,754,6034,14.783333333333333,3.0,3.0,2.0,1.0,
3185,504622,R. Shibuta,754,6034,19.583333333333332,7.0,1.0,5.0,0.0,
3178,504622,R. Watanabe,754,6034,11.716666666666667,2.0,4.0,2.0,0.0,
3193,504622,Randolph Levi,6034,754,32.833333333333336,20.0,4.0,5.0,2.0,
3181,504622,Rivers Demetre,754,6034,17.983333333333334,7.0,3.0,1.0,2.0,
3177,504622,S. Maeta,754,6034,16.416666666666668,6.0,0.0,1.0,0.0,
3187,504622,S. Nishibe,754,6034,12.866666666666667,2.0,1.0,2.0,0.0,
3192,504622,Y. Baba,6034,754,30.566666666666666,16.0,4.0,4.0,4.0,
3212,504623,A. Hachimura,1584,1585,17.25,0.0,2.0,0.0,0.0,
3218,504623,A. Ogawa,1584,1585,17.7,19.0,1.0,5.0,5.0,
3220,504623,A. Saleh,1584,1585,8.8,0.0,1.0,0.0,0.0,
3202,504623,Cockburn Kofi,1585,1584,31.1,15.0,14.0,3.0,0.0,
3200,504623,D. Evans,1585,1584,29.333333333333332,30.0,12.0,6.0,1.0,
3215,504623,F. Aimaq,1584,1585,38.18333333333333,17.0,12.0,2.0,0.0,
3210,504623,H. Matsuno,1585,1584,10.683333333333334,1.0,1.0,0.0,0.0,
3213,504623,H. Yamaguchi,1584,1585,23.916666666666668,8.0,1.0,1.0,2.0,
3204,504623,K. Hareyama,1585,1584,8.933333333333334,0.0,2.0,0.0,0.0,
3219,504623,K. Kimura,1584,1585,5.916666666666667,0.0,0.0,0.0,0.0,
3208,504623,K. Roberts,1585,1584,5.066666666666666,0.0,0.0,0.0,0.0,
3221,504623,McDaniels Jalen,1584,1585,7.133333333333334,1.0,2.0,0.0,0.0,
3199,504623,N. Mayo,1585,1584,26.4,9.0,1.0,1.0,2.0,
3216,504623,N. Tsukasa,1584,1585,1.4,0.0,0.0,0.0,0.0,
3217,504623,R. Kaneda,1584,1585,21.033333333333335,2.0,2.0,0.0,0.0,
3203,504623,R. Sato,1585,1584,19.666666666666668,4.0,5.0,4.0,0.0,
3205,504623,R. Terashima,1585,1584,7.6,4.0,0.0,0.0,0.0,
3207,504623,R. Yamazaki,1585,1584,27.616666666666667,0.0,1.0,0.0,0.0,
3211,504623,S. Terazono,1584,1585,22.3,5.0,0.0,6.0,0.0,
3201,504623,Smith Christopher,1585,1584,25.3,18.0,2.0,2.0,0.0,
3206,504623,T. Ito,1585,1584,7.666666666666667,2.0,1.0,2.0,0.0,
3209,504623,T. Kamisawa,1585,1584,0.5833333333333334,0.0,0.0,0.0,0.0,
3214,504623,Y. Childs,1584,1585,36.36666666666667,20.0,8.0,7.0,1.0,
3240,504624,A. Oguri,2259,765,3.7,0.0,0.0,0.0,0.0,
3241,504624,D. Kato,2259,765,0.8666666666666667,0.0,0.0,0.0,0.0,
3237,504624,D. Tsuchiya,2259,765,14.683333333333334,5.0,0.0,0.0,1.0,
3232,504624,Daum Mike,2259,765,30.6,21.0,11.0,4.0,5.0,
3235,504624,E. Donley,2259,765,14.316666666666666,2.0,5.0,2.0,0.0,
3225,504624,G. Arai,765,2259,28.816666666666666,25.0,0.0,2.0,3.0,
3233,504624,Harris Kevon,2259,765,29.966666666666665,14.0,5.0,8.0,0.0,
3231,504624,K. Hoshino,2259,765,15.45,3.0,1.0,3.0,1.0,
3227,504624,K. Morii,765,2259,19.716666666666665,3.0,1.0,6.0,1.0,
3229,504624,K. Richardson,765,2259,19.566666666666666,6.0,9.0,0.0,1.0,
3228,504624,K. Sudo,765,2259,14.016666666666667,9.0,0.0,0.0,1.0,
3224,504624,Kotsar Maik-Kalev,765,2259,29.75,8.0,6.0,4.0,0.0,
3234,504624,Lee Marcus,2259,765,30.4,20.0,12.0,3.0,0.0,
3226,504624,Livers Isaiah,765,2259,35.11666666666667,22.0,8.0,4.0,4.0,
3222,504624,N. Namizato,765,2259,25.8,4.0,2.0,9.0,0.0,
3239,504624,S. Tokairin,2259,765,21.083333333333332,12.0,2.0,2.0,2.0,
3230,504624,T. Furukawa,2259,765,20.383333333333333,8.0,3.0,0.0,1.0,
3236,504624,T. Kawata,2259,765,8.733333333333333,2.0,1.0,0.0,0.0,
3238,504624,T. M. Kaishu,2259,765,9.816666666666666,2.0,3.0,0.0,0.0,
3223,504624,T. Sato,765,2259,27.216666666666665,7.0,2.0,1.0,1.0,
3246,504625,A. Edu,2975,3061,25.166666666666668,8.0,9.0,4.0,1.0,
3259,504625,B. Parks,3061,2975,19.25,5.0,3.0,0.0,1.0,
3260,504625,Delany Finn,3061,2975,24.816666666666666,12.0,7.0,2.0,2.0,
3258,504625,H. Watanabe,3061,2975,4.7,0.0,0.0,0.0,0.0,
3254,504625,H. Yoshii,3061,2975,29.2,8.0,6.0,4.0,2.0,
3251,504625,K. Asano,2975,3061,10.883333333333333,0.0,2.0,0.0,0.0,
3245,504625,K. Blackshear,2975,3061,31.283333333333335,15.0,6.0,0.0,1.0,
3248,504625,K. Flippin,2975,3061,15.2,2.0,1.0,1.0,0.0,
3257,504625,K. Fukuzawa,3061,2975,12.3,7.0,0.0,1.0,1.0,
3247,504625,K. Hosokawa,2975,3061,28.116666666666667,9.0,1.0,0.0,3.0,
3250,504625,K. Tsurumaki,2975,3061,2.033333333333333,0.0,0.0,1.0,0.0,
3252,504625,N. Hasegawa,3061,2975,26.416666666666668,13.0,1.0,2.0,1.0,
3242,504625,N. Tsuji,2975,3061,9.766666666666667,0.0,0.0,2.0,0.0,
3261,504625,R. Jingaoka,3061,2975,3.9,1.0,1.0,0.0,0.0,
3253,504625,R. Maeda,3061,2975,17.583333333333332,3.0,1.0,1.0,1.0,
3243,504625,T. Mckinney-Jones,2975,3061,34.6,36.0,5.0,3.0,4.0,
3244,504625,T. Nakamura,2975,3061,18.816666666666666,6.0,0.0,2.0,0.0,
3256,504625,T. Soares,3061,2975,28.6,8.0,9.0,1.0,0.0,
3255,504625,V. Law,3061,2975,33.233333333333334,20.0,6.0,8.0,3.0,
3249,504625,Y. Fujii,2975,3061,24.15,10.0,4.0,1.0,1.0,
3271,504626,D. Dodd,757,765,7.683333333333334,0.0,3.0,0.0,0.0,
3275,504626,G. Arai,765,757,25.933333333333334,7.0,4.0,2.0,1.0,
3267,504626,H. Maki,757,765,16.666666666666668,2.0,0.0,0.0,0.0,
3279,504626,J. Bell,765,757,13.233333333333333,2.0,3.0,0.0,0.0,
3263,504626,J. Takeuchi,757,765,25.8,9.0,5.0,1.0,1.0,
3281,504626,K. Maeno,765,757,1.5166666666666666,0.0,0.0,0.0,0.0,
3277,504626,K. Morii,765,757,20.15,0.0,3.0,2.0,0.0,
3280,504626,K. Richardson,765,757,21.816666666666666,6.0,8.0,1.0,0.0,
3278,504626,K. Sudo,765,757,19.2,7.0,3.0,2.0,1.0,
3264,504626,K. Takahashi,757,765,20.983333333333334,2.0,1.0,4.0,0.0,
3274,504626,Kotsar Maik-Kalev,765,757,30.833333333333332,15.0,11.0,0.0,0.0,
3276,504626,Livers Isaiah,765,757,23.65,15.0,6.0,1.0,3.0,
3268,504626,M. Kinoshita,757,765,16.766666666666666,7.0,1.0,1.0,0.0,
3272,504626,N. Namizato,765,757,19.85,7.0,0.0,5.0,0.0,
3266,504626,Palmer James,757,765,32.05,12.0,3.0,5.0,3.0,
3262,504626,S. Saiz,757,765,31.066666666666666,18.0,13.0,2.0,1.0,
3269,504626,S. Sakamoto,757,765,6.2,0.0,1.0,1.0,0.0,
3265,504626,Song Kyo-Chang,757,765,29.333333333333332,7.0,2.0,3.0,1.0,
3273,504626,T. Sato,765,757,23.816666666666666,7.0,5.0,3.0,1.0,
3270,504626,Y. Uematsu,757,765,13.45,0.0,0.0,0.0,0.0,
3288,504627,A. K. Schafer,1586,6349,16.916666666666668,6.0,3.0,0.0,2.0,
3293,504627,D. Newbill,6349,1586,32.78333333333333,17.0,7.0,4.0,3.0,
3295,504627,D. Pardon,6349,1586,32.35,8.0,5.0,2.0,0.0,
3286,504627,J. Culver,1586,6349,29.066666666666666,18.0,5.0,3.0,1.0,
3284,504627,J. Layman,1586,6349,29.166666666666668,11.0,3.0,1.0,2.0,
3296,504627,K. Kurokawa,6349,1586,22.95,6.0,4.0,2.0,0.0,
3291,504627,K. Okajima,1586,6349,15.116666666666667,7.0,0.0,1.0,1.0,
3298,504627,K. Sugimoto,6349,1586,22.6,12.0,6.0,3.0,2.0,
3299,504627,L. Watanabe,6349,1586,2.9,0.0,0.0,0.0,0.0,
3283,504627,N. Boothe,1586,6349,29.516666666666666,12.0,6.0,2.0,1.0,
3290,504627,R. Hanzawa,1586,6349,10.433333333333334,0.0,4.0,0.0,0.0,
3297,504627,S. Ando,6349,1586,28.416666666666668,17.0,4.0,4.0,3.0,
3285,504627,S. El Darwich,1586,6349,27.55,10.0,4.0,4.0,1.0,
3282,504627,S. Funyu,1586,6349,20.533333333333335,13.0,3.0,1.0,3.0,
3289,504627,S. Watanabe,1586,6349,10.016666666666667,0.0,0.0,1.0,0.0,
3294,504627,Sotto Kai,6349,1586,24.7,5.0,11.0,4.0,0.0,
3292,504627,T. Kida,6349,1586,33.31666666666667,7.0,0.0,0.0,1.0,
3287,504627,Y. Sugiura,1586,6349,11.683333333333334,3.0,1.0,1.0,1.0,
3308,504628,A. Yu,760,7906,21.066666666666666,2.0,4.0,5.0,0.0,
3313,504628,Alkins Rawle,7906,760,34.0,17.0,8.0,6.0,3.0,
3315,504628,B. Williams,7906,760,23.333333333333332,13.0,6.0,3.0,0.0,
3300,504628,D. Nomoto,760,7906,22.516666666666666,9.0,2.0,7.0,0.0,
3316,504628,D. Tanaka,7906,760,25.366666666666667,12.0,1.0,2.0,2.0,
3310,504628,E. Shintaro,760,7906,10.933333333333334,0.0,0.0,1.0,0.0,
3320,504628,Grantham Donte,7906,760,24.85,7.0,6.0,3.0,1.0,
3307,504628,H. Komasawa,760,7906,10.583333333333334,2.0,2.0,3.0,0.0,
3314,504628,I. Yamazaki,7906,760,12.266666666666667,7.0,1.0,0.0,1.0,
3305,504628,J. D. Komamizu,760,7906,6.333333333333333,3.0,1.0,0.0,1.0,
3312,504628,J. Harper,7906,760,26.916666666666668,7.0,2.0,4.0,1.0,
3311,504628,J. Hawkinson,7906,760,31.316666666666666,13.0,9.0,6.0,0.0,
3319,504628,K. Toyoshige,7906,760,0.9833333333333333,0.0,0.0,0.0,0.0,
3317,504628,L. Vendrame,7906,760,9.483333333333333,3.0,1.0,2.0,1.0,
3302,504628,R. Kriener,760,7906,33.46666666666667,15.0,9.0,2.0,0.0,
3318,504628,R. Nozaki,7906,760,8.616666666666667,13.0,0.0,0.0,4.0,
3321,504628,S. Yamagiwa,7906,760,2.8666666666666667,0.0,1.0,0.0,0.0,
3304,504628,Sneed Xavier,760,7906,35.63333333333333,22.0,7.0,2.0,4.0,
3301,504628,T. Okada,760,7906,12.466666666666667,4.0,0.0,1.0,1.0,
3309,504628,T. T. Sudo,760,7906,13.733333333333333,4.0,2.0,1.0,0.0,
3306,504628,T. Tahara,760,7906,,0.0,0.0,0.0,0.0,
3303,504628,Z. Auguste,760,7906,33.266666666666666,24.0,8.0,3.0,0.0,
3330,504629,A. Sukegawa,761,7905,7.75,0.0,0.0,0.0,0.0,
3337,504629,Bolden Marques,7905,761,30.933333333333334,21.0,10.0,1.0,1.0,
3335,504629,Clark Gary,7905,761,26.85,14.0,6.0,0.0,0.0,
3326,504629,D. Dennis,761,7905,28.816666666666666,30.0,5.0,2.0,4.0,
3344,504629,H. Kikuchi,7905,761,4.15,0.0,0.0,0.0,0.0,
3341,504629,H. Matsuzaki,7905,761,6.95,2.0,1.0,0.0,0.0,
3342,504629,J. Harrar,7905,761,24.216666666666665,7.0,8.0,2.0,0.0,
3323,504629,J. Heath,761,7905,29.233333333333334,15.0,6.0,1.0,4.0,
3339,504629,K. Sekino,7905,761,5.7,0.0,0.0,0.0,0.0,
3336,504629,K. Tominaga,7905,761,32.43333333333333,20.0,2.0,2.0,0.0,
3332,504629,M. Alkhoury,761,7905,8.95,0.0,1.0,1.0,0.0,
3324,504629,N. Kay,761,7905,32.06666666666667,23.0,11.0,3.0,2.0,
3334,504629,R. Shimatani,7905,761,10.166666666666666,0.0,1.0,2.0,0.0,
3327,504629,R. Shirahama,761,7905,5.166666666666667,0.0,0.0,0.0,0.0,
3333,504629,Ramos Dwight,7905,761,24.183333333333334,9.0,5.0,0.0,0.0,
3331,504629,S. Arai,761,7905,7.783333333333333,2.0,0.0,0.0,0.0,
3345,504629,S. Ichiba,7905,761,23.45,10.0,2.0,2.0,2.0,
3328,504629,S. Inoue,761,7905,9.966666666666667,2.0,3.0,1.0,0.0,
3325,504629,S. Ueda,761,7905,25.466666666666665,5.0,5.0,1.0,1.0,
3340,504629,T. Naito,7905,761,3.1333333333333333,0.0,1.0,0.0,0.0,
3329,504629,T. Nakamura,761,7905,12.366666666666667,3.0,2.0,2.0,1.0,
3343,504629,Y. Kibayashi,7905,761,1.45,0.0,0.0,0.0,0.0,
3322,504629,Y. Okada,761,7905,32.43333333333333,15.0,2.0,11.0,2.0,
3338,504629,Y. Osaki,7905,761,6.383333333333334,0.0,0.0,0.0,0.0,
3361,504630,A. Caloiaro,754,763,30.4,15.0,6.0,4.0,1.0,
3350,504630,Angola Braian,763,754,32.583333333333336,33.0,7.0,2.0,4.0,
3360,504630,C. Jackson,754,763,27.25,16.0,10.0,3.0,0.0,
3346,504630,D. Kuzuhura,763,754,9.833333333333334,0.0,1.0,0.0,0.0,
3348,504630,D. Willis,763,754,19.75,4.0,4.0,1.0,0.0,
3357,504630,F. Ravena,763,754,30.266666666666666,12.0,3.0,5.0,1.0,
3363,504630,H. Kawashima,754,763,6.366666666666666,0.0,0.0,0.0,0.0,
3356,504630,H. Tanaka,763,754,4.166666666666667,0.0,0.0,1.0,0.0,
3354,504630,K. Miyamoto,763,754,0.8333333333333334,0.0,0.0,0.0,0.0,
3367,504630,K. Mizuno,754,763,3.183333333333333,0.0,0.0,1.0,0.0,
3353,504630,K. Morizane,763,754,4.85,0.0,1.0,0.0,0.0,
3365,504630,M. Hall,754,763,10.6,0.0,1.0,1.0,0.0,
3369,504630,M. Phillips,754,763,10.616666666666667,4.0,2.0,0.0,0.0,
3351,504630,N. Uto,763,754,12.35,0.0,1.0,0.0,0.0,
3352,504630,R. Faraz,763,754,15.116666666666667,4.0,6.0,0.0,0.0,
3364,504630,R. Kishimoto,754,763,22.1,13.0,3.0,3.0,2.0,
3366,504630,R. Shibuta,754,763,16.8,6.0,1.0,3.0,1.0,
3359,504630,R. Watanabe,754,763,12.466666666666667,0.0,2.0,0.0,0.0,
3362,504630,Rivers Demetre,754,763,31.316666666666666,14.0,3.0,2.0,3.0,
3358,504630,S. Maeta,754,763,26.3,8.0,0.0,1.0,1.0,
3368,504630,S. Nishibe,754,763,2.6,2.0,1.0,0.0,0.0,
3349,504630,Simms Aamir,763,754,34.53333333333333,17.0,6.0,4.0,0.0,
3355,504630,Y. Nozaki,763,754,10.266666666666667,3.0,0.0,0.0,1.0,
3347,504630,Y. Okada,763,754,25.45,4.0,2.0,2.0,0.0,
3377,504631,B. Parks,3061,1585,14.516666666666667,5.0,1.0,0.0,1.0,
3382,504631,Cockburn Kofi,1585,3061,31.516666666666666,13.0,6.0,1.0,0.0,
3380,504631,D. Evans,1585,3061,28.1,21.0,3.0,3.0,1.0,
3374,504631,Delany Finn,3061,1585,33.55,4.0,5.0,3.0,0.0,
3371,504631,H. Yoshii,3061,1585,31.066666666666666,15.0,1.0,1.0,3.0,
3376,504631,K. Fukuzawa,3061,1585,11.15,14.0,0.0,0.0,4.0,
3384,504631,K. Hareyama,1585,3061,1.7166666666666668,0.0,0.0,0.0,0.0,
3388,504631,K. Mitani,1585,3061,11.183333333333334,2.0,1.0,0.0,0.0,
3370,504631,N. Hasegawa,3061,1585,14.983333333333333,3.0,2.0,1.0,1.0,
3379,504631,N. Mayo,1585,3061,33.083333333333336,11.0,2.0,1.0,3.0,
3378,504631,R. Jingaoka,3061,1585,7.083333333333333,0.0,0.0,1.0,0.0,
3375,504631,R. Maeda,3061,1585,23.616666666666667,5.0,1.0,4.0,1.0,
3383,504631,R. Sato,1585,3061,19.583333333333332,5.0,3.0,4.0,0.0,
3385,504631,R. Terashima,1585,3061,7.75,4.0,1.0,3.0,0.0,
3387,504631,R. Yamazaki,1585,3061,27.65,3.0,1.0,3.0,1.0,
3381,504631,Smith Christopher,1585,3061,31.216666666666665,26.0,4.0,1.0,4.0,
3386,504631,T. Ito,1585,3061,8.2,5.0,0.0,2.0,1.0,
3373,504631,T. Soares,3061,1585,35.13333333333333,28.0,8.0,4.0,4.0,
3372,504631,V. Law,3061,1585,28.916666666666668,12.0,8.0,7.0,0.0,
3406,504632,A. Kishida,6035,749,2.9833333333333334,0.0,0.0,0.0,0.0,
3402,504632,D. Dudzinski,6035,749,29.116666666666667,16.0,8.0,1.0,1.0,
3410,504632,D. Xzavierro,6035,749,15.3,4.0,6.0,0.0,0.0,
3404,504632,Dotson Damyean,6035,749,33.43333333333333,10.0,5.0,3.0,0.0,
3409,504632,F. Takedomi,6035,749,0.8166666666666667,0.0,0.0,0.0,0.0,
3396,504632,G. Hiraiwa,749,6035,21.866666666666667,8.0,9.0,1.0,0.0,
3394,504632,H. Nakamura,749,6035,5.816666666666666,3.0,0.0,0.0,0.0,
3392,504632,Hogg D. J.,749,6035,30.366666666666667,26.0,7.0,4.0,4.0,
3393,504632,Johnson Keyontae,749,6035,27.7,22.0,2.0,1.0,1.0,
3390,504632,K. Toews,749,6035,22.083333333333332,2.0,2.0,6.0,0.0,
3403,504632,Little Nassir,6035,749,33.75,27.0,4.0,0.0,3.0,
3405,504632,R. Abe,6035,749,16.983333333333334,2.0,3.0,2.0,0.0,
3398,504632,R. Iida,749,6035,11.166666666666666,6.0,0.0,2.0,2.0,
3400,504632,R. Inoue,6035,749,20.4,3.0,1.0,1.0,1.0,
3389,504632,R. Rossiter,749,6035,23.516666666666666,2.0,12.0,4.0,0.0,
3391,504632,S. Ando,749,6035,22.75,8.0,3.0,1.0,2.0,
3399,504632,S. Okura,749,6035,2.4,0.0,0.0,0.0,0.0,
3407,504632,S. Uchio,6035,749,11.65,2.0,1.0,0.0,0.0,
3397,504632,T. Osakabe,749,6035,14.25,5.0,2.0,2.0,1.0,
3401,504632,T. Sumida,6035,749,29.933333333333334,8.0,3.0,8.0,2.0,
3408,504632,T. Tomiyama,6035,749,3.783333333333333,0.0,0.0,0.0,0.0,
3395,504632,Z. Baranski,749,6035,17.25,8.0,4.0,0.0,2.0,
3417,504633,A. Hachimura,1584,751,9.266666666666667,2.0,1.0,1.0,0.0,
3418,504633,A. Ogawa,1584,751,14.85,3.0,0.0,1.0,1.0,
3420,504633,A. Saleh,1584,751,0.95,0.0,0.0,0.0,0.0,
3415,504633,F. Aimaq,1584,751,34.483333333333334,29.0,15.0,1.0,1.0,
3430,504633,G. Arao,751,1584,3.7,0.0,0.0,0.0,0.0,
3412,504633,H. Yamaguchi,1584,751,23.683333333333334,4.0,4.0,3.0,0.0,
3419,504633,K. Kimura,1584,751,1.9,0.0,0.0,0.0,0.0,
3426,504633,L. Gill,751,1584,14.266666666666667,2.0,1.0,0.0,0.0,
3422,504633,L. Maye,751,1584,30.6,8.0,9.0,8.0,0.0,
3421,504633,McDaniels Jalen,1584,751,25.216666666666665,15.0,7.0,3.0,2.0,
3416,504633,N. Tsukasa,1584,751,7.416666666666667,5.0,2.0,1.0,1.0,
3425,504633,N. Williams,751,1584,9.533333333333333,2.0,2.0,1.0,0.0,
3431,504633,R. Kanechika,751,1584,19.9,6.0,2.0,1.0,1.0,
3413,504633,R. Kaneda,1584,751,21.783333333333335,5.0,5.0,0.0,1.0,
3424,504633,R. Segawa,751,1584,16.183333333333334,11.0,3.0,2.0,0.0,
3427,504633,S. Hara,751,1584,17.666666666666668,6.0,1.0,0.0,0.0,
3411,504633,S. Terazono,1584,751,25.15,17.0,1.0,4.0,3.0,
3432,504633,T. Sato,751,1584,4.116666666666666,0.0,0.0,0.0,0.0,
3423,504633,Watanabe Yuta,751,1584,32.18333333333333,11.0,5.0,1.0,1.0,
3414,504633,Y. Childs,1584,751,35.3,14.0,9.0,7.0,2.0,
3428,504633,Y. Togashi,751,1584,22.816666666666666,18.0,1.0,2.0,5.0,
3454,504634,A. Oguri,2259,6034,10.183333333333334,0.0,0.0,3.0,0.0,
3439,504634,A. Tsuchiya,6034,2259,14.066666666666666,6.0,3.0,0.0,0.0,
3451,504634,D. Tsuchiya,2259,6034,12.9,1.0,2.0,1.0,0.0,
3446,504634,Daum Mike,2259,6034,31.466666666666665,12.0,8.0,1.0,0.0,
3449,504634,E. Donley,2259,6034,13.25,2.0,2.0,4.0,0.0,
3447,504634,Harris Kevon,2259,6034,30.333333333333332,28.0,5.0,6.0,4.0,
3435,504634,J. Brantley,6034,2259,34.31666666666667,19.0,6.0,2.0,5.0,
3440,504634,K. Hoshikawa,6034,2259,2.5833333333333335,0.0,1.0,0.0,0.0,
3445,504634,K. Hoshino,2259,6034,9.7,2.0,0.0,1.0,0.0,
3434,504634,K. Kumagai,6034,2259,29.033333333333335,3.0,2.0,2.0,1.0,
3441,504634,K. Matsumoto,6034,2259,2.283333333333333,0.0,0.0,0.0,0.0,
3443,504634,L. Tanaka,6034,2259,7.516666666666667,0.0,0.0,0.0,0.0,
3448,504634,Lee Marcus,2259,6034,28.45,11.0,13.0,0.0,0.0,
3438,504634,M. Morikawa,6034,2259,9.8,0.0,0.0,0.0,0.0,
3442,504634,Nagano Io,6034,2259,10.966666666666667,2.0,1.0,0.0,0.0,
3433,504634,P. Aguilar,6034,2259,21.816666666666666,2.0,6.0,0.0,0.0,
3437,504634,Randolph Levi,6034,2259,33.36666666666667,15.0,5.0,4.0,1.0,
3453,504634,S. Tokairin,2259,6034,17.066666666666666,3.0,0.0,0.0,1.0,
3444,504634,T. Furukawa,2259,6034,28.583333333333332,9.0,0.0,0.0,3.0,
3450,504634,T. Kawata,2259,6034,6.4,0.0,2.0,0.0,0.0,
3452,504634,T. M. Kaishu,2259,6034,11.666666666666666,3.0,1.0,1.0,1.0,
3436,504634,Y. Baba,6034,2259,34.25,27.0,7.0,5.0,5.0,
3464,504635,A. Kirk,750,748,35.733333333333334,6.0,8.0,2.0,0.0,
3468,504635,Abdur-Rahkman Muhammad-Ali,750,748,34.21666666666667,21.0,5.0,5.0,3.0,
3466,504635,H. Araya,750,748,19.483333333333334,12.0,2.0,3.0,2.0,
3467,504635,J. LeDee,750,748,31.766666666666666,18.0,9.0,4.0,1.0,
3474,504635,J. Yamauchi,750,748,19.416666666666668,2.0,3.0,1.0,0.0,
3465,504635,M. Bonds,750,748,34.266666666666666,19.0,5.0,1.0,1.0,
3458,504635,M. Smith,748,750,35.93333333333333,26.0,4.0,8.0,5.0,
3461,504635,N. Hotta,748,750,2.4333333333333336,0.0,0.0,0.0,0.0,
3456,504635,R. Akaho,748,750,23.333333333333332,11.0,2.0,1.0,1.0,
3473,504635,R. Hideki,750,748,1.45,0.0,0.0,0.0,0.0,
3462,504635,R. Iwaya,748,750,15.733333333333333,5.0,3.0,1.0,1.0,
3470,504635,R. Shinoyama,750,748,1.3833333333333333,3.0,0.0,0.0,1.0,
3457,504635,R. Travis,748,750,27.333333333333332,5.0,7.0,1.0,1.0,
3472,504635,S. Matsuyama,750,748,11.533333333333333,3.0,1.0,4.0,1.0,
3455,504635,S. Taguchi,748,750,21.9,0.0,1.0,1.0,0.0,
3469,504635,S. Tsuyama,750,748,8.283333333333333,3.0,0.0,0.0,1.0,
3471,504635,T. Hasegawa,750,748,2.466666666666667,0.0,0.0,0.0,0.0,
3460,504635,T. Motoda,748,750,20.666666666666668,0.0,2.0,1.0,0.0,
3459,504635,Wetzell Yannick,748,750,34.63333333333333,23.0,8.0,0.0,3.0,
3463,504635,Zhao Baiqing,748,750,18.033333333333335,11.0,5.0,0.0,2.0,
3495,504636,A. Edu,2975,758,22.016666666666666,4.0,6.0,2.0,0.0,
3490,504636,D. Taniguchi,2975,758,1.9833333333333334,0.0,0.0,0.0,0.0,
3478,504636,J. Cooley,758,2975,30.966666666666665,15.0,8.0,2.0,0.0,
3494,504636,K. Asano,2975,758,14.566666666666666,0.0,1.0,1.0,0.0,
3489,504636,K. Blackshear,2975,758,29.116666666666667,19.0,9.0,3.0,1.0,
3486,504636,K. Flippin,2975,758,17.483333333333334,11.0,4.0,2.0,0.0,
3485,504636,K. Hosokawa,2975,758,23.75,8.0,4.0,2.0,2.0,
3480,504636,K. Jones,758,2975,24.683333333333334,10.0,5.0,1.0,1.0,
3484,504636,K. Kobari,758,2975,7.85,5.0,1.0,2.0,1.0,
3482,504636,K. Ravena,758,2975,25.466666666666665,12.0,1.0,1.0,4.0,
3493,504636,K. Tsurumaki,2975,758,12.783333333333333,0.0,1.0,0.0,0.0,
3483,504636,M. Waki,758,2975,7.283333333333333,3.0,2.0,1.0,1.0,
3492,504636,N. Tsuji,2975,758,12.2,1.0,0.0,0.0,0.0,
3479,504636,Nwaba David,758,2975,30.683333333333334,14.0,8.0,2.0,1.0,
3481,504636,R. Sadohara,758,2975,21.633333333333333,2.0,1.0,2.0,0.0,
3477,504636,S. Onodera,758,2975,12.333333333333334,0.0,2.0,1.0,0.0,
3475,504636,S. Oura,758,2975,14.783333333333333,0.0,1.0,1.0,0.0,
3487,504636,T. Mckinney-Jones,2975,758,21.083333333333332,12.0,4.0,2.0,1.0,
3488,504636,T. Nakamura,2975,758,15.816666666666666,4.0,5.0,3.0,0.0,
3491,504636,Y. Fujii,2975,758,29.2,17.0,1.0,3.0,4.0,
3476,504636,Y. Matsuwaki,758,2975,24.333333333333332,4.0,1.0,5.0,0.0,
3506,505375,A. M. Donarski,1162,1168,17.983333333333334,11.0,2.0,1.0,3.0,
3502,505375,Canella Marta,1168,1162,21.85,7.0,7.0,4.0,1.0,
3501,505375,D. Angel,1168,1162,11.15,4.0,0.0,0.0,0.0,
3496,505375,E. Johansson,1168,1162,29.583333333333332,12.0,9.0,4.0,2.0,
3503,505375,Fassina Martina,1168,1162,19.066666666666666,2.0,3.0,0.0,0.0,
3505,505375,I. Santibanez,1168,1162,16.216666666666665,1.0,0.0,1.0,0.0,
3515,505375,L. Raventos,1162,1168,23.316666666666666,7.0,0.0,2.0,1.0,
3510,505375,L. Sontag,1162,1168,29.1,3.0,7.0,3.0,0.0,
3511,505375,M. Avinoa Canals,1162,1168,15.0,1.0,3.0,0.0,0.0,
3512,505375,M. Mata,1162,1168,15.833333333333334,8.0,3.0,1.0,0.0,
3514,505375,M. Morales Romero,1162,1168,16.733333333333334,9.0,4.0,1.0,1.0,
3497,505375,Mawuli Stephanie,1168,1162,29.95,16.0,7.0,2.0,1.0,
3504,505375,N. Gutierrez Acevedo,1168,1162,1.2666666666666666,0.0,0.0,0.0,0.0,
3507,505375,N. Niare,1162,1168,24.166666666666668,5.0,2.0,1.0,0.0,
3508,505375,Orsili Alessandra,1162,1168,25.0,12.0,3.0,3.0,2.0,
3513,505375,P. Mbu,1162,1168,10.9,1.0,2.0,0.0,0.0,
3516,505375,P. Suarez,1162,1168,1.4833333333333334,0.0,0.0,0.0,0.0,
3509,505375,Palma Ana,1162,1168,20.483333333333334,0.0,7.0,0.0,0.0,
3498,505375,R. Mikulasikova,1168,1162,26.4,17.0,2.0,1.0,3.0,
3499,505375,Roumy Sara,1168,1162,20.55,8.0,3.0,2.0,2.0,
3500,505375,Soriano Claudia,1168,1162,23.966666666666665,6.0,4.0,5.0,0.0,
3530,505376,A. Vonleh,1166,5483,22.616666666666667,10.0,5.0,0.0,0.0,
3518,505376,C. C. Samson,5483,1166,23.966666666666665,2.0,5.0,6.0,0.0,
3526,505376,D. Bermejo,5483,1166,24.616666666666667,19.0,1.0,2.0,2.0,
3524,505376,D. M. Cabrera,5483,1166,26.883333333333333,12.0,6.0,2.0,0.0,
3527,505376,E. Bosgana,1166,5483,16.966666666666665,7.0,4.0,1.0,1.0,
3534,505376,E. Matarranz,1166,5483,4.716666666666667,2.0,1.0,0.0,0.0,
3520,505376,E. Ronsiek,5483,1166,31.116666666666667,16.0,3.0,0.0,2.0,
3535,505376,J. Brown,1166,5483,30.133333333333333,16.0,12.0,6.0,1.0,
3533,505376,L. McSpadden,1166,5483,21.433333333333334,15.0,3.0,1.0,0.0,
3521,505376,L. Vorpahl,5483,1166,23.616666666666667,2.0,2.0,3.0,0.0,
3517,505376,M. Gakdeng,5483,1166,22.466666666666665,8.0,5.0,1.0,0.0,
3519,505376,M. Gea Becerra,5483,1166,28.116666666666667,2.0,5.0,2.0,0.0,
3528,505376,Olaeta Ane,1166,5483,35.53333333333333,5.0,1.0,6.0,0.0,
3525,505376,P. Salinas,5483,1166,20.35,10.0,3.0,1.0,1.0,
3532,505376,S. Galanopoulos,1166,5483,25.316666666666666,7.0,3.0,2.0,1.0,
3531,505376,S. Ridard,1166,5483,32.983333333333334,10.0,5.0,1.0,2.0,
3529,505376,Salvadores Angela,1166,5483,35.3,12.0,8.0,1.0,1.0,
3523,505376,T. Sabel,5483,1166,18.283333333333335,9.0,3.0,1.0,2.0,
3522,505376,U. S. Rodriguez,5483,1166,5.583333333333333,0.0,0.0,1.0,0.0,
3551,505377,Brotons Montserrat,2364,1712,12.9,5.0,3.0,2.0,0.0,
3542,505377,C. Melia,1712,2364,24.05,10.0,8.0,2.0,0.0,
3538,505377,Castedo Esther,1712,2364,23.65,2.0,5.0,7.0,0.0,
3553,505377,Dudasova Nikola,2364,1712,19.9,12.0,1.0,2.0,1.0,
3543,505377,Galickova Katerina,1712,2364,16.866666666666667,9.0,1.0,1.0,1.0,
3548,505377,Higgins Kristina,2364,1712,27.65,10.0,3.0,4.0,0.0,
3536,505377,I. Belosevic,1712,2364,18.416666666666668,6.0,0.0,0.0,0.0,
3545,505377,J. Mungo,2364,1712,27.483333333333334,12.0,5.0,2.0,2.0,
3550,505377,L. Piera,2364,1712,26.633333333333333,5.0,3.0,3.0,1.0,
3547,505377,Lahtinen Lotta-Maj,2364,1712,18.633333333333333,10.0,2.0,0.0,2.0,
3540,505377,M. Doogan,1712,2364,27.633333333333333,19.0,4.0,1.0,4.0,
3546,505377,M. Roters-Dubinina,2364,1712,19.2,3.0,1.0,0.0,1.0,
3544,505377,N. Priede,1712,2364,20.4,2.0,3.0,0.0,0.0,
3552,505377,Rakovic Kristina,2364,1712,13.65,2.0,2.0,0.0,0.0,
3537,505377,S. Shaw,1712,2364,30.783333333333335,16.0,5.0,3.0,3.0,
3541,505377,Sotolova Karolina,1712,2364,22.25,4.0,2.0,6.0,0.0,
3549,505377,Stanacev Aleksandra,2364,1712,33.95,18.0,9.0,9.0,4.0,
3539,505377,T. Eke Benitez,1712,2364,15.95,14.0,8.0,0.0,0.0,
3555,505378,A. Dembele,7907,1172,26.866666666666667,12.0,5.0,1.0,2.0,
3573,505378,A. Llana,1172,7907,2.4833333333333334,0.0,0.0,0.0,0.0,
3554,505378,Alexander Kayla,7907,1172,28.65,22.0,8.0,1.0,0.0,
3559,505378,Arrojo Maria,7907,1172,9.866666666666667,0.0,2.0,0.0,0.0,
3564,505378,Borkowska Kamila,1172,7907,17.816666666666666,13.0,4.0,0.0,0.0,
3571,505378,Buenavida Elena,1172,7907,28.383333333333333,8.0,5.0,4.0,0.0,
3565,505378,Chery Kendra,1172,7907,14.35,9.0,3.0,0.0,2.0,
3570,505378,E. Balogun,1172,7907,16.216666666666665,5.0,2.0,1.0,0.0,
3561,505378,Espana Maria,7907,1172,4.1,0.0,0.0,3.0,0.0,
3562,505378,Grande Carmen,7907,1172,9.616666666666667,1.0,3.0,0.0,0.0,
3556,505378,Green Morgan,7907,1172,26.433333333333334,5.0,1.0,5.0,1.0,
3568,505378,H. Pueyo,1172,7907,23.716666666666665,3.0,3.0,5.0,1.0,
3572,505378,I. Hernandez,1172,7907,13.416666666666666,5.0,1.0,0.0,1.0,
3566,505378,Jenkins Alisia,1172,7907,20.816666666666666,9.0,3.0,0.0,0.0,
3557,505378,K. Holm,7907,1172,31.15,20.0,8.0,7.0,2.0,
3569,505378,M. Araujo,1172,7907,20.016666666666666,4.0,8.0,2.0,0.0,
3563,505378,Millan Blanca,7907,1172,25.066666666666666,12.0,8.0,3.0,2.0,
3567,505378,Peterson Alexis,1172,7907,20.533333333333335,7.0,2.0,0.0,1.0,
3558,505378,Torrens Alba,7907,1172,24.05,14.0,3.0,0.0,2.0,
3574,505378,V. Kiss,1172,7907,17.933333333333334,8.0,4.0,0.0,0.0,
3560,505378,Y. Ejim,7907,1172,14.2,2.0,3.0,0.0,0.0,
3585,505379,Bulgak Adut,1171,1715,28.883333333333333,12.0,4.0,2.0,2.0,
3578,505379,C. Cruz,1715,1171,29.8,14.0,1.0,3.0,1.0,
3593,505379,Camilion Cuccaro Juana,1171,1715,21.916666666666668,6.0,5.0,3.0,1.0,
3589,505379,Casas Queralt,1171,1715,18.083333333333332,2.0,6.0,0.0,0.0,
3576,505379,Etxarri Irati,1715,1171,29.083333333333332,7.0,5.0,1.0,0.0,
3577,505379,Fequiere Jessica,1715,1171,31.7,8.0,6.0,3.0,2.0,
3583,505379,G. Sanchez Iznajar,1715,1171,20.383333333333333,9.0,5.0,0.0,2.0,
3592,505379,Guerrero Carolina,1171,1715,21.95,16.0,6.0,1.0,3.0,
3575,505379,I. Latorre,1715,1171,21.75,10.0,2.0,4.0,1.0,
3587,505379,I. Martin Carrion,1171,1715,27.866666666666667,16.0,4.0,9.0,2.0,
3579,505379,K. Cooper,1715,1171,24.483333333333334,17.0,8.0,1.0,4.0,
3580,505379,L. Lamana Llobera,1715,1171,23.233333333333334,15.0,2.0,3.0,3.0,
3595,505379,Lekovic Marija,1171,1715,9.016666666666667,6.0,1.0,1.0,0.0,
3594,505379,Lopez Ainhoa,1171,1715,3.1,0.0,0.0,0.0,0.0,
3586,505379,M. Conner,1171,1715,28.583333333333332,11.0,2.0,5.0,3.0,
3588,505379,M. Garcia Mateo,1171,1715,21.766666666666666,10.0,3.0,0.0,0.0,
3582,505379,M. Nestor,1715,1171,6.35,0.0,1.0,0.0,0.0,
3591,505379,Quevedo Laura,1171,1715,11.433333333333334,0.0,1.0,0.0,0.0,
3590,505379,Senyurek Tilbe,1171,1715,7.4,0.0,0.0,0.0,0.0,
3581,505379,Strautmane Paula,1715,1171,3.4833333333333334,0.0,0.0,0.0,0.0,
3584,505379,de Santiago Begona,1715,1171,9.733333333333333,2.0,2.0,1.0,0.0,
3613,505380,Ariztimuno Itziar,1167,1165,21.183333333333334,4.0,3.0,2.0,0.0,
3597,505380,D. Nhug Bosch,1165,1167,28.383333333333333,5.0,2.0,1.0,1.0,
3600,505380,E. Garfella,1165,1167,17.466666666666665,11.0,3.0,2.0,1.0,
3607,505380,Erauncetamurgil Maria,1167,1165,20.8,2.0,6.0,1.0,0.0,
3612,505380,G. Capel Cilla,1167,1165,4.0,2.0,2.0,0.0,0.0,
3608,505380,Gonzalez Lara,1167,1165,32.083333333333336,10.0,2.0,3.0,0.0,
3596,505380,H. van Schaik,1165,1167,34.11666666666667,15.0,10.0,1.0,1.0,
3610,505380,I. Murua,1167,1165,8.783333333333333,0.0,2.0,0.0,0.0,
3609,505380,K. Faye,1167,1165,20.1,12.0,6.0,0.0,0.0,
3602,505380,K. Williams,1165,1167,22.533333333333335,5.0,1.0,1.0,1.0,
3598,505380,L. Ehk,1165,1167,24.516666666666666,6.0,2.0,1.0,0.0,
3611,505380,P. Robinson,1167,1165,27.133333333333333,8.0,6.0,3.0,0.0,
3601,505380,P. Williams,1165,1167,6.716666666666667,0.0,1.0,0.0,0.0,
3606,505380,Remenarova Veronika,1167,1165,23.6,11.0,1.0,1.0,1.0,
3614,505380,S. Washington,1167,1165,15.9,16.0,7.0,0.0,0.0,
3605,505380,Tate Imani,1167,1165,26.416666666666668,7.0,7.0,2.0,0.0,
3599,505380,Vilaro Andrea,1165,1167,32.45,2.0,2.0,3.0,0.0,
3604,505380,Yurkevichus Tetiana,1165,1167,11.8,6.0,4.0,0.0,0.0,
3603,505380,Z. Hernandez,1165,1167,22.016666666666666,3.0,2.0,0.0,1.0,
3628,505381,A. Gervasini,7458,1173,21.45,3.0,2.0,3.0,1.0,
3635,505381,A. Pereda,7458,1173,12.1,0.0,2.0,0.0,0.0,
3625,505381,A. Sheppard,1173,7458,21.966666666666665,7.0,3.0,2.0,1.0,
3620,505381,Bankole Ornella,1173,7458,16.85,9.0,8.0,1.0,1.0,
3621,505381,C. Brito Hernandez,1173,7458,10.083333333333334,8.0,1.0,0.0,1.0,
3632,505381,Diallo Dieng Umo Diallo,7458,1173,22.516666666666666,4.0,6.0,1.0,0.0,
3622,505381,Flores Laia,1173,7458,15.716666666666667,6.0,5.0,2.0,1.0,
3616,505381,Hempe Merritt,1173,7458,18.9,9.0,7.0,0.0,1.0,
3624,505381,Hermosa Nerea,1173,7458,20.55,6.0,5.0,0.0,0.0,
3630,505381,Howard Rachel,7458,1173,21.533333333333335,2.0,4.0,0.0,0.0,
3626,505381,K. Vitola,1173,7458,12.666666666666666,2.0,1.0,1.0,0.0,
3627,505381,L. Arribas,7458,1173,9.45,0.0,0.0,1.0,0.0,
3629,505381,M. Gretter,7458,1173,25.883333333333333,0.0,3.0,1.0,0.0,
3634,505381,M. Ortega Campos,7458,1173,16.8,6.0,4.0,1.0,2.0,
3631,505381,Moore Tinara,7458,1173,21.7,9.0,4.0,1.0,0.0,
3633,505381,Muhate Cecilia,7458,1173,11.65,9.0,0.0,0.0,0.0,
3615,505381,N. Fingall,1173,7458,13.716666666666667,7.0,3.0,0.0,0.0,
3617,505381,Oma Helena,1173,7458,14.333333333333334,0.0,2.0,2.0,0.0,
3618,505381,Ortiz Mariona,1173,7458,20.2,5.0,3.0,1.0,1.0,
3619,505381,Vorackova Veronika,1173,7458,19.183333333333334,0.0,4.0,2.0,0.0,
3636,505381,Watts Stephanie,7458,1173,18.716666666666665,6.0,2.0,0.0,2.0,
3637,505381,Westerik Laura,7458,1173,18.2,2.0,2.0,0.0,0.0,
3623,505381,Y. Garzon,1173,7458,15.833333333333334,9.0,6.0,0.0,1.0,
3639,505382,Ariztimuno Itziar,1167,5483,31.366666666666667,10.0,5.0,2.0,2.0,
3648,505382,C. C. Samson,5483,1167,22.033333333333335,4.0,6.0,0.0,0.0,
3652,505382,D. Bermejo,5483,1167,19.916666666666668,10.0,1.0,0.0,0.0,
3654,505382,D. M. Cabrera,5483,1167,20.55,2.0,2.0,2.0,0.0,
3650,505382,E. Ronsiek,5483,1167,34.05,11.0,5.0,0.0,1.0,
3641,505382,Erauncetamurgil Maria,1167,5483,23.6,9.0,1.0,2.0,0.0,
3644,505382,G. Capel Cilla,1167,5483,5.533333333333333,0.0,3.0,0.0,0.0,
3643,505382,Gonzalez Lara,1167,5483,23.116666666666667,3.0,4.0,4.0,1.0,
3638,505382,K. Faye,1167,5483,24.883333333333333,10.0,9.0,0.0,0.0,
3651,505382,L. Vorpahl,5483,1167,24.016666666666666,11.0,3.0,1.0,1.0,
3647,505382,M. Gakdeng,5483,1167,23.5,6.0,1.0,1.0,0.0,
3649,505382,M. Gea Becerra,5483,1167,15.116666666666667,9.0,0.0,0.0,1.0,
3642,505382,P. Robinson,1167,5483,33.81666666666667,21.0,1.0,3.0,5.0,
3655,505382,P. Salinas,5483,1167,13.716666666666667,0.0,3.0,1.0,0.0,
3640,505382,Remenarova Veronika,1167,5483,15.716666666666667,6.0,2.0,1.0,0.0,
3646,505382,S. Washington,1167,5483,15.116666666666667,14.0,6.0,0.0,0.0,
3653,505382,T. Sabel,5483,1167,27.1,12.0,2.0,0.0,2.0,
3645,505382,Tate Imani,1167,5483,26.85,2.0,4.0,1.0,0.0,
3667,505383,A. Dembele,7907,1171,15.983333333333333,0.0,1.0,0.0,0.0,
3666,505383,Alexander Kayla,7907,1171,38.53333333333333,24.0,13.0,1.0,0.0,
3671,505383,Arrojo Maria,7907,1171,8.4,3.0,3.0,1.0,0.0,
3656,505383,Bulgak Adut,1171,7907,24.85,11.0,6.0,0.0,0.0,
3657,505383,Camilion Cuccaro Juana,1171,7907,20.966666666666665,0.0,1.0,1.0,0.0,
3661,505383,Casas Queralt,1171,7907,21.216666666666665,10.0,3.0,1.0,1.0,
3673,505383,Espana Maria,7907,1171,9.1,2.0,1.0,1.0,0.0,
3674,505383,Grande Carmen,7907,1171,10.6,2.0,0.0,2.0,0.0,
3663,505383,Guerrero Carolina,1171,7907,20.016666666666666,5.0,4.0,0.0,1.0,
3659,505383,I. Martin Carrion,1171,7907,34.35,27.0,6.0,9.0,5.0,
3668,505383,K. Holm,7907,1171,29.433333333333334,22.0,4.0,6.0,3.0,
3664,505383,Lekovic Marija,1171,7907,8.25,2.0,2.0,1.0,0.0,
3665,505383,Lopez Ainhoa,1171,7907,0.7333333333333333,0.0,0.0,0.0,0.0,
3658,505383,M. Conner,1171,7907,35.15,14.0,1.0,0.0,1.0,
3662,505383,M. Garcia Mateo,1171,7907,12.85,0.0,0.0,0.0,0.0,
3669,505383,Millan Blanca,7907,1171,31.15,9.0,7.0,2.0,0.0,
3660,505383,Senyurek Tilbe,1171,7907,21.616666666666667,14.0,1.0,1.0,0.0,
3670,505383,Torrens Alba,7907,1171,33.03333333333333,17.0,2.0,3.0,0.0,
3672,505383,Y. Ejim,7907,1171,23.766666666666666,10.0,2.0,1.0,0.0,
3678,505384,Ayuso Aina,5591,1712,22.883333333333333,7.0,2.0,6.0,0.0,
3691,505384,C. Melia,1712,5591,14.3,8.0,2.0,2.0,2.0,
3686,505384,Castedo Esther,1712,5591,17.533333333333335,8.0,4.0,4.0,2.0,
3683,505384,E. Bessoir,5591,1712,16.866666666666667,9.0,11.0,0.0,1.0,
3692,505384,Galickova Katerina,1712,5591,19.016666666666666,7.0,3.0,1.0,1.0,
3684,505384,Gil Laura,5591,1712,19.066666666666666,7.0,2.0,1.0,0.0,
3694,505384,I. Belosevic,1712,5591,12.666666666666666,5.0,1.0,0.0,0.0,
3677,505384,J. Hobbs,5591,1712,23.133333333333333,21.0,6.0,0.0,3.0,
3682,505384,M. Alsina,5591,1712,11.933333333333334,2.0,3.0,2.0,0.0,
3690,505384,M. Doogan,1712,5591,26.6,6.0,3.0,0.0,0.0,
3675,505384,M. F. Mane,5591,1712,22.2,0.0,3.0,1.0,0.0,
3679,505384,Massey Billie,5591,1712,20.933333333333334,4.0,6.0,2.0,0.0,
3688,505384,N. Priede,1712,5591,19.516666666666666,4.0,4.0,0.0,0.0,
3680,505384,Prieto Alba,5591,1712,19.133333333333333,4.0,1.0,2.0,0.0,
3681,505384,S. Hill,5591,1712,18.216666666666665,7.0,0.0,4.0,0.0,
3695,505384,S. Martinez,1712,5591,11.0,2.0,0.0,2.0,0.0,
3693,505384,S. Shaw,1712,5591,25.916666666666668,7.0,6.0,3.0,1.0,
3687,505384,Sotolova Karolina,1712,5591,25.383333333333333,8.0,2.0,2.0,2.0,
3676,505384,T. Alarcon,5591,1712,24.9,13.0,2.0,1.0,2.0,
3689,505384,T. Eke Benitez,1712,5591,28.066666666666666,6.0,8.0,1.0,0.0,
3685,505384,T. Vicente,5591,1712,0.7333333333333333,0.0,1.0,0.0,0.0,
3698,505385,Borkowska Kamila,1172,1168,18.133333333333333,6.0,9.0,0.0,0.0,
3699,505385,Buenavida Elena,1172,1168,1.1833333333333333,2.0,0.0,0.0,0.0,
3714,505385,Canella Marta,1168,1172,13.433333333333334,5.0,2.0,3.0,1.0,
3713,505385,D. Angel,1168,1172,11.45,4.0,4.0,0.0,0.0,
3697,505385,E. Balogun,1172,1168,16.4,0.0,1.0,1.0,0.0,
3715,505385,E. Diez,1168,1172,0.95,0.0,0.0,0.0,0.0,
3709,505385,E. Johansson,1168,1172,22.4,2.0,3.0,0.0,0.0,
3708,505385,Fassina Martina,1168,1172,20.85,6.0,1.0,1.0,0.0,
3704,505385,H. Pueyo,1172,1168,24.65,11.0,4.0,1.0,0.0,
3701,505385,I. Hernandez,1172,1168,11.85,4.0,2.0,3.0,0.0,
3717,505385,I. Santibanez,1168,1172,18.783333333333335,0.0,0.0,0.0,0.0,
3702,505385,Jenkins Alisia,1172,1168,18.433333333333334,9.0,6.0,2.0,1.0,
3696,505385,M. Araujo,1172,1168,21.566666666666666,5.0,3.0,2.0,1.0,
3703,505385,M. Ortega,1172,1168,1.9333333333333333,3.0,1.0,0.0,1.0,
3706,505385,M. Suarez Rodriguez,1172,1168,21.666666666666668,13.0,3.0,0.0,3.0,
3710,505385,Mawuli Stephanie,1168,1172,29.316666666666666,20.0,4.0,0.0,4.0,
3700,505385,Peterson Alexis,1172,1168,23.383333333333333,10.0,2.0,4.0,0.0,
3711,505385,R. Mikulasikova,1168,1172,26.266666666666666,11.0,3.0,1.0,1.0,
3705,505385,Romero Leticia,1172,1168,18.933333333333334,7.0,1.0,5.0,1.0,
3716,505385,Roumy Sara,1168,1172,27.95,5.0,3.0,2.0,1.0,
3712,505385,Soriano Claudia,1168,1172,28.6,4.0,5.0,6.0,0.0,
3707,505385,V. Kiss,1172,1168,21.866666666666667,12.0,9.0,2.0,0.0,
3727,505386,A. Sheppard,1173,1166,21.583333333333332,31.0,4.0,1.0,7.0,
3721,505386,A. Vonleh,1166,1173,22.516666666666666,13.0,3.0,0.0,0.0,
3728,505386,Bankole Ornella,1173,1166,20.833333333333332,8.0,4.0,7.0,2.0,
3738,505386,C. Brito Hernandez,1173,1166,13.75,10.0,4.0,3.0,1.0,
3718,505386,E. Bosgana,1166,1173,7.016666666666667,2.0,3.0,1.0,0.0,
3723,505386,E. Matarranz,1166,1173,20.316666666666666,3.0,3.0,2.0,1.0,
3720,505386,E. Puiggros Rovira,1166,1173,19.8,0.0,2.0,1.0,0.0,
3734,505386,Flores Laia,1173,1166,17.3,6.0,1.0,5.0,2.0,
3730,505386,Hempe Merritt,1173,1166,16.7,9.0,5.0,1.0,1.0,
3731,505386,Hermosa Nerea,1173,1166,16.666666666666668,10.0,3.0,1.0,0.0,
3726,505386,J. Brown,1166,1173,26.716666666666665,4.0,5.0,0.0,0.0,
3737,505386,K. Vitola,1173,1166,14.8,2.0,4.0,2.0,0.0,
3725,505386,L. McSpadden,1166,1173,17.166666666666668,11.0,1.0,0.0,0.0,
3732,505386,N. Fingall,1173,1166,11.0,6.0,4.0,0.0,0.0,
3736,505386,Oma Helena,1173,1166,15.816666666666666,4.0,2.0,1.0,0.0,
3729,505386,Ortiz Mariona,1173,1166,18.283333333333335,4.0,1.0,10.0,0.0,
3724,505386,S. Galanopoulos,1166,1173,27.433333333333334,12.0,2.0,4.0,2.0,
3722,505386,S. Ridard,1166,1173,25.866666666666667,11.0,1.0,1.0,2.0,
3719,505386,Salvadores Angela,1166,1173,33.166666666666664,16.0,4.0,5.0,1.0,
3733,505386,Vorackova Veronika,1173,1166,18.883333333333333,6.0,5.0,2.0,0.0,
3735,505386,Y. Garzon,1173,1166,14.383333333333333,12.0,1.0,2.0,4.0,
3739,505387,A. Gervasini,7458,1165,21.15,9.0,5.0,2.0,3.0,
3748,505387,A. Sanchez,7458,1165,6.916666666666667,0.0,0.0,1.0,0.0,
3752,505387,D. Nhug Bosch,1165,7458,28.133333333333333,0.0,3.0,2.0,0.0,
3745,505387,Diallo Dieng Umo Diallo,7458,1165,15.116666666666667,10.0,5.0,0.0,0.0,
3751,505387,E. Garfella,1165,7458,12.55,4.0,2.0,0.0,0.0,
3754,505387,H. van Schaik,1165,7458,27.883333333333333,14.0,2.0,1.0,2.0,
3746,505387,Howard Rachel,7458,1165,19.633333333333333,4.0,2.0,4.0,0.0,
3758,505387,K. Williams,1165,7458,24.733333333333334,11.0,3.0,1.0,3.0,
3744,505387,L. Arribas,7458,1165,26.316666666666666,19.0,3.0,1.0,5.0,
3750,505387,L. Ehk,1165,7458,26.566666666666666,10.0,3.0,3.0,2.0,
3757,505387,L. Tallon,1165,7458,1.3833333333333333,0.0,0.0,0.0,0.0,
3755,505387,M. Dembele Traore,1165,7458,9.25,3.0,1.0,2.0,1.0,
3740,505387,M. Gretter,7458,1165,35.38333333333333,8.0,4.0,4.0,2.0,
3747,505387,M. Ortega Campos,7458,1165,14.866666666666667,3.0,1.0,3.0,1.0,
3741,505387,Moore Tinara,7458,1165,24.883333333333333,11.0,5.0,3.0,0.0,
3742,505387,Muhate Cecilia,7458,1165,6.766666666666667,4.0,2.0,2.0,0.0,
3753,505387,Vilaro Andrea,1165,7458,31.383333333333333,8.0,5.0,2.0,1.0,
3743,505387,Watts Stephanie,7458,1165,20.633333333333333,14.0,2.0,3.0,2.0,
3749,505387,Westerik Laura,7458,1165,8.333333333333334,0.0,3.0,2.0,0.0,
3759,505387,Yurkevichus Tetiana,1165,7458,19.0,2.0,6.0,0.0,0.0,
3756,505387,Z. Hernandez,1165,7458,19.116666666666667,3.0,1.0,0.0,1.0,
3768,505388,A. M. Donarski,1162,3068,19.066666666666666,4.0,1.0,1.0,0.0,
3776,505388,A. Sahie,3068,1162,11.3,6.0,4.0,0.0,0.0,
3770,505388,A. Sangare,3068,1162,32.18333333333333,12.0,13.0,2.0,2.0,
3778,505388,E. Rodriguez Dominguez,3068,1162,22.6,8.0,6.0,0.0,1.0,
3772,505388,I. Lahuerta,3068,1162,29.883333333333333,4.0,3.0,5.0,0.0,
3760,505388,L. Raventos,1162,3068,20.933333333333334,5.0,2.0,1.0,0.0,
3764,505388,L. Sontag,1162,3068,26.033333333333335,7.0,4.0,2.0,2.0,
3766,505388,M. Avinoa Canals,1162,3068,15.216666666666667,4.0,1.0,1.0,0.0,
3771,505388,M. Espin,3068,1162,6.4,3.0,2.0,0.0,1.0,
3773,505388,M. Joiner,3068,1162,31.466666666666665,6.0,2.0,1.0,2.0,
3761,505388,M. Mata,1162,3068,22.6,14.0,3.0,0.0,0.0,
3767,505388,M. Morales Romero,1162,3068,22.966666666666665,11.0,2.0,0.0,3.0,
3775,505388,N. Driessen,3068,1162,24.166666666666668,9.0,0.0,1.0,0.0,
3769,505388,N. Niare,1162,3068,17.4,5.0,8.0,1.0,0.0,
3779,505388,N. Rosic,3068,1162,6.883333333333333,0.0,0.0,2.0,0.0,
3763,505388,Orsili Alessandra,1162,3068,24.783333333333335,9.0,3.0,3.0,1.0,
3765,505388,P. Mbu,1162,3068,13.966666666666667,5.0,5.0,0.0,0.0,
3762,505388,Palma Ana,1162,3068,17.033333333333335,6.0,2.0,1.0,2.0,
3777,505388,R. Aguilar Motta,3068,1162,21.2,5.0,0.0,1.0,1.0,
3774,505388,R. Igbowke,3068,1162,13.916666666666666,7.0,5.0,1.0,0.0,
3786,505389,Brotons Montserrat,2364,1715,12.783333333333333,0.0,1.0,0.0,0.0,
3795,505389,Buch Roso,1715,2364,15.933333333333334,6.0,0.0,3.0,1.0,
3793,505389,C. Cruz,1715,2364,22.366666666666667,7.0,2.0,3.0,1.0,
3784,505389,Dudasova Nikola,2364,1715,13.416666666666666,3.0,1.0,0.0,0.0,
3791,505389,Etxarri Irati,1715,2364,28.133333333333333,15.0,11.0,6.0,0.0,
3792,505389,Fequiere Jessica,1715,2364,27.833333333333332,12.0,7.0,1.0,1.0,
3799,505389,G. Sanchez Iznajar,1715,2364,15.05,2.0,2.0,3.0,0.0,
3782,505389,Higgins Kristina,2364,1715,28.866666666666667,5.0,6.0,0.0,0.0,
3790,505389,I. Latorre,1715,2364,22.516666666666666,7.0,2.0,1.0,1.0,
3780,505389,J. Mungo,2364,1715,19.866666666666667,0.0,4.0,0.0,0.0,
3794,505389,K. Cooper,1715,2364,22.966666666666665,7.0,8.0,0.0,0.0,
3796,505389,L. Lamana Llobera,1715,2364,20.35,6.0,2.0,3.0,2.0,
3785,505389,L. Piera,2364,1715,23.4,4.0,4.0,4.0,0.0,
3781,505389,Lahtinen Lotta-Maj,2364,1715,28.283333333333335,6.0,4.0,1.0,1.0,
3798,505389,M. Nestor,1715,2364,13.85,5.0,7.0,1.0,0.0,
3789,505389,M. Roters-Dubinina,2364,1715,19.766666666666666,7.0,0.0,1.0,1.0,
3787,505389,M. Sanz,2364,1715,5.233333333333333,0.0,0.0,0.0,0.0,
3788,505389,Rakovic Kristina,2364,1715,18.416666666666668,12.0,3.0,0.0,0.0,
3783,505389,Stanacev Aleksandra,2364,1715,29.966666666666665,8.0,8.0,2.0,2.0,
3797,505389,Strautmane Paula,1715,2364,11.0,9.0,2.0,1.0,1.0,
3805,505614,A. Bompastor,6042,3905,14.083333333333334,0.0,0.0,0.0,0.0,
3814,505614,A. Viveiros,3905,6042,1.3166666666666667,0.0,0.0,0.0,0.0,
3808,505614,C. Bernardeco,3905,6042,29.966666666666665,5.0,3.0,5.0,1.0,
3804,505614,C. Ferreira,6042,3905,8.083333333333334,0.0,0.0,0.0,0.0,
3813,505614,C. Goncalves,3905,6042,12.783333333333333,0.0,2.0,2.0,0.0,
3806,505614,F. Teixeira,6042,3905,0.4,1.0,0.0,0.0,0.0,
3816,505614,H. Joaquim,3905,6042,18.233333333333334,9.0,4.0,0.0,0.0,
3815,505614,I. Ferreira,3905,6042,12.816666666666666,5.0,1.0,3.0,0.0,
3807,505614,I. Lameira,6042,3905,7.5,0.0,0.0,0.0,0.0,
3812,505614,I. Serrao,3905,6042,2.0,0.0,0.0,1.0,0.0,
3809,505614,M. Goncalves,3905,6042,33.916666666666664,12.0,6.0,3.0,0.0,
3810,505614,M. Ivanovic,3905,6042,30.166666666666668,22.0,7.0,5.0,3.0,
3801,505614,M. Rodrigues,6042,3905,37.2,20.0,7.0,4.0,1.0,
3802,505614,M. Teixeira,6042,3905,24.333333333333332,5.0,1.0,0.0,1.0,
3811,505614,R. Henriques,3905,6042,27.45,18.0,9.0,1.0,4.0,
3800,505614,R. Taylor,6042,3905,34.05,19.0,15.0,4.0,0.0,
3803,505614,V. Sengo,6042,3905,37.666666666666664,10.0,2.0,0.0,0.0,
3825,505615,A. Dizeko,3912,3909,20.45,6.0,3.0,6.0,0.0,
3818,505615,C. Goncalves,3909,3912,25.283333333333335,3.0,0.0,6.0,0.0,
3829,505615,Coulibaly Kankou,3912,3909,24.9,12.0,6.0,3.0,0.0,
3822,505615,I. Capela,3909,3912,30.85,17.0,4.0,1.0,2.0,
3819,505615,I. Perez,3909,3912,33.583333333333336,15.0,5.0,1.0,2.0,
3828,505615,I. Sousa,3912,3909,13.283333333333333,2.0,3.0,1.0,0.0,
3824,505615,J. Vaz,3912,3909,32.166666666666664,23.0,8.0,3.0,1.0,
3826,505615,L. Paisana,3912,3909,22.366666666666667,12.0,0.0,4.0,1.0,
3820,505615,M. Roseiro,3909,3912,22.2,3.0,0.0,5.0,1.0,
3827,505615,S. Albuquerque,3912,3909,16.966666666666665,4.0,1.0,2.0,1.0,
3821,505615,S. Neverson,3909,3912,38.65,14.0,9.0,1.0,0.0,
3817,505615,S. Olsen,3909,3912,30.95,8.0,6.0,0.0,2.0,
3823,505615,T. Cabrita,3909,3912,10.883333333333333,5.0,0.0,0.0,0.0,
3844,505617,A. Barreto,3904,6727,8.15,2.0,1.0,0.0,0.0,
3836,505617,A. Urbano,6727,3904,13.616666666666667,2.0,0.0,0.0,0.0,
3832,505617,D. Rouse,6727,3904,31.966666666666665,20.0,5.0,0.0,1.0,
3837,505617,E. Ferreira,6727,3904,20.483333333333334,10.0,5.0,0.0,2.0,
3833,505617,G. Elliott,6727,3904,20.1,4.0,4.0,1.0,0.0,
3839,505617,I. Faustino,3904,6727,23.133333333333333,4.0,3.0,3.0,0.0,
3834,505617,I. Ramos,6727,3904,34.31666666666667,4.0,1.0,8.0,0.0,
3841,505617,J. Filipe,3904,6727,22.316666666666666,10.0,5.0,1.0,2.0,
3846,505617,J. Soeiro,3904,6727,24.516666666666666,3.0,4.0,6.0,1.0,
3838,505617,M. Costa,6727,3904,6.7,6.0,0.0,0.0,0.0,
3845,505617,M. Fernandes,3904,6727,6.816666666666666,2.0,0.0,0.0,0.0,
3847,505617,M. Martins,3904,6727,22.766666666666666,8.0,2.0,4.0,1.0,
3843,505617,M. Neto,3904,6727,20.633333333333333,15.0,1.0,6.0,2.0,
3840,505617,M. Umabano,3904,6727,26.4,4.0,2.0,0.0,0.0,
3848,505617,M. Valenzuela,3904,6727,17.633333333333333,6.0,5.0,0.0,0.0,
3842,505617,Nunn Schaquilla,3904,6727,27.633333333333333,21.0,11.0,0.0,1.0,
3830,505617,S. Costa,6727,3904,31.5,9.0,4.0,1.0,1.0,
3835,505617,S. Rijal,6727,3904,10.316666666666666,2.0,3.0,0.0,0.0,
3831,505617,Serranho Luana,6727,3904,20.766666666666666,4.0,0.0,2.0,0.0,
3861,505619,A. Cristovso,6726,3907,17.55,0.0,3.0,3.0,0.0,
3853,505619,A. Marques,3907,6726,31.4,19.0,3.0,2.0,3.0,
3858,505619,A. Staton,6726,3907,31.083333333333332,20.0,9.0,1.0,0.0,
3851,505619,B. Souza,3907,6726,34.93333333333333,5.0,14.0,5.0,1.0,
3854,505619,D. Ferreira,3907,6726,24.483333333333334,5.0,0.0,0.0,1.0,
3862,505619,D. G. Baptista,6726,3907,19.833333333333332,0.0,2.0,2.0,0.0,
3856,505619,D. Hadiatu,3907,6726,11.283333333333333,0.0,2.0,0.0,0.0,
3860,505619,E. Da Silva,6726,3907,21.25,2.0,1.0,2.0,0.0,
3855,505619,G. Raimundo,3907,6726,17.95,18.0,2.0,2.0,2.0,
3863,505619,I. Azevedo,6726,3907,11.283333333333333,2.0,1.0,0.0,0.0,
3864,505619,I. Santos,6726,3907,3.2333333333333334,0.0,0.0,0.0,0.0,
3849,505619,J. Silva,3907,6726,21.016666666666666,0.0,0.0,0.0,0.0,
3852,505619,Leticia,3907,6726,29.4,11.0,12.0,1.0,0.0,
3850,505619,M. Andorinho,3907,6726,29.533333333333335,10.0,6.0,2.0,0.0,
3859,505619,M. Pereira,6726,3907,27.65,8.0,3.0,0.0,0.0,
3857,505619,Z. Carter,6726,3907,26.433333333333334,6.0,8.0,0.0,0.0,
3871,505911,A. Marques,932,3921,6.6,4.0,1.0,1.0,0.0,
3877,505911,D. Nunes,3921,932,15.433333333333334,3.0,2.0,1.0,1.0,
3867,505911,E. Maxwell,932,3921,31.35,18.0,7.0,1.0,3.0,
3876,505911,F. Albergaria,3921,932,27.633333333333333,0.0,4.0,7.0,0.0,
3865,505911,G. Paixao,932,3921,25.683333333333334,12.0,4.0,1.0,0.0,
3870,505911,J. Ramos,932,3921,33.016666666666666,7.0,5.0,1.0,2.0,
3866,505911,K. Fonseca,932,3921,16.7,0.0,1.0,2.0,0.0,
3872,505911,Kovalchuk Danilo,932,3921,4.016666666666667,0.0,0.0,0.0,0.0,
3868,505911,P. Costa,932,3921,33.4,13.0,4.0,1.0,0.0,
3869,505911,P. Rosa,932,3921,21.166666666666668,4.0,1.0,4.0,0.0,
3875,505911,S. Oliveira,3921,932,30.433333333333334,17.0,10.0,5.0,0.0,
3873,505911,V. Camacho,3921,932,29.1,14.0,2.0,0.0,3.0,
3874,505911,V. Silva,3921,932,15.25,2.0,4.0,4.0,0.0,
3878,505912,A. Alston,938,1799,33.1,13.0,11.0,2.0,0.0,
3893,505912,A. Matos,1799,938,0.13333333333333333,0.0,0.0,0.0,0.0,
3892,505912,A. Naia,1799,938,21.533333333333335,8.0,3.0,0.0,0.0,
3891,505912,D. Santos,1799,938,10.0,0.0,2.0,0.0,0.0,
3885,505912,F. Nunes,938,1799,20.083333333333332,13.0,6.0,1.0,0.0,
3890,505912,J. Woods,1799,938,25.966666666666665,17.0,2.0,1.0,1.0,
3884,505912,L. Barreira,938,1799,4.366666666666666,0.0,0.0,0.0,0.0,
3880,505912,L. Leite,938,1799,26.166666666666668,11.0,3.0,5.0,1.0,
3886,505912,M. Costa,1799,938,16.166666666666668,2.0,1.0,3.0,0.0,
3889,505912,M. Santana,1799,938,32.25,11.0,7.0,0.0,0.0,
3883,505912,M. Sico,938,1799,5.433333333333334,0.0,0.0,0.0,0.0,
3887,505912,M. Silva,1799,938,26.716666666666665,12.0,3.0,2.0,0.0,
3882,505912,P. Lopes,938,1799,10.166666666666666,0.0,2.0,3.0,0.0,
3888,505912,R. Mendes,1799,938,33.56666666666667,12.0,4.0,3.0,3.0,
3881,505912,S. Caldeira,938,1799,19.55,0.0,4.0,4.0,0.0,
3879,505912,T. Evans,938,1799,24.783333333333335,14.0,0.0,1.0,2.0,
3905,505913,A. Anjo,5401,939,30.233333333333334,18.0,3.0,3.0,4.0,
3902,505913,B. Almeida,939,5401,25.2,6.0,5.0,1.0,2.0,
3897,505913,D. Alves,939,5401,27.45,7.0,4.0,2.0,0.0,
3901,505913,D. Mane,939,5401,9.466666666666667,0.0,1.0,0.0,0.0,
3910,505913,E. Dias,5401,939,16.083333333333332,0.0,1.0,0.0,0.0,
3912,505913,H. Especial,5401,939,0.3333333333333333,0.0,0.0,0.0,0.0,
3907,505913,H. Gomes,5401,939,21.833333333333332,2.0,1.0,2.0,0.0,
3895,505913,J. Costa,939,5401,23.35,2.0,5.0,2.0,0.0,
3904,505913,J. Luz,5401,939,29.516666666666666,26.0,10.0,0.0,1.0,
3903,505913,J. Malheiro,5401,939,32.53333333333333,8.0,8.0,2.0,1.0,
3894,505913,J. Neves,939,5401,36.36666666666667,9.0,9.0,3.0,0.0,
3896,505913,K. Cipalla,939,5401,27.55,23.0,8.0,0.0,5.0,
3908,505913,K. Gomes Fernandes,5401,939,23.95,5.0,1.0,1.0,1.0,
3909,505913,M. Leite,5401,939,6.2,0.0,2.0,0.0,0.0,
3899,505913,M. Pavao,939,5401,11.066666666666666,2.0,0.0,2.0,0.0,
3906,505913,M. Pinto,5401,939,21.466666666666665,7.0,0.0,3.0,0.0,
3911,505913,P. Oliveira,5401,939,17.866666666666667,2.0,7.0,1.0,0.0,
3900,505913,R. Mendes,939,5401,4.383333333333334,0.0,0.0,2.0,0.0,
3898,505913,Silva Sergio,939,5401,35.166666666666664,24.0,9.0,9.0,1.0,
3923,505914,A. Calabote,3922,940,26.883333333333333,9.0,4.0,7.0,3.0,
3928,505914,A. Martins,3922,940,4.933333333333334,2.0,2.0,0.0,0.0,
3927,505914,C. Azevedo,3922,940,20.866666666666667,13.0,6.0,1.0,3.0,
3913,505914,D. Nogal,940,3922,19.316666666666666,19.0,1.0,2.0,4.0,
3917,505914,E. Santos,940,3922,30.883333333333333,15.0,16.0,0.0,1.0,
3915,505914,F. Caetano,940,3922,17.85,7.0,5.0,0.0,0.0,
3914,505914,G. Rodrigues,940,3922,31.25,10.0,4.0,5.0,2.0,
3922,505914,H. Ferreira,3922,940,10.9,0.0,2.0,2.0,0.0,
3926,505914,J. Ricardo,3922,940,31.516666666666666,0.0,2.0,0.0,2.0,
3931,505914,J. Serra,3922,940,12.866666666666667,8.0,0.0,2.0,1.0,
3916,505914,M. Cameron,940,3922,36.3,0.0,8.0,6.0,4.0,
3918,505914,M. Magalhaes,940,3922,18.433333333333334,1.0,1.0,2.0,0.0,
3925,505914,M. Newman,3922,940,36.93333333333333,23.0,8.0,4.0,0.0,
3929,505914,P. Fortunato,3922,940,9.6,0.0,0.0,0.0,0.0,
3919,505914,R. Gomes Abreu,940,3922,23.716666666666665,11.0,6.0,4.0,2.0,
3921,505914,R. Oliveira,940,3922,0.1,0.0,0.0,0.0,0.0,
3930,505914,S. Alves,3922,940,15.583333333333334,2.0,4.0,0.0,0.0,
3920,505914,S. Oliveira,940,3922,22.15,8.0,3.0,1.0,2.0,
3924,505914,T. Quarry,3922,940,29.916666666666668,21.0,4.0,5.0,2.0,
3932,505916,A. Parrinha,5579,3387,27.75,3.0,4.0,0.0,1.0,
3939,505916,B. Newsom,3387,5579,31.433333333333334,11.0,10.0,2.0,0.0,
3944,505916,D. Cherepenko,3387,5579,8.766666666666667,2.0,2.0,0.0,0.0,
3934,505916,G. Santinhos,5579,3387,32.21666666666667,14.0,3.0,3.0,2.0,
3941,505916,H. Semedo,3387,5579,30.166666666666668,0.0,7.0,0.0,0.0,
3943,505916,J. Mota,3387,5579,15.366666666666667,5.0,1.0,1.0,1.0,
3937,505916,M. Diop,5579,3387,18.483333333333334,0.0,10.0,1.0,0.0,
3942,505916,P. Bile,3387,5579,37.06666666666667,0.0,6.0,1.0,2.0,
3936,505916,R. Pinheiro,5579,3387,16.15,7.0,3.0,0.0,2.0,
3938,505916,R. Soares,3387,5579,30.233333333333334,13.0,9.0,3.0,1.0,
3935,505916,S. Gomes,5579,3387,31.783333333333335,17.0,8.0,1.0,3.0,
3940,505916,T. Coelho,3387,5579,32.583333333333336,10.0,0.0,4.0,2.0,
3933,505916,V. Banaru,5579,3387,26.05,7.0,0.0,3.0,1.0,
3946,505917,D. Santos,3928,949,24.983333333333334,5.0,1.0,7.0,1.0,
3956,505917,D. Tavares,949,3928,24.033333333333335,11.0,3.0,4.0,1.0,
3948,505917,Faria Goncalo,3928,949,16.0,7.0,6.0,3.0,1.0,
3954,505917,M. Mboup,949,3928,11.716666666666667,0.0,2.0,0.0,0.0,
3952,505917,M. Tavares,949,3928,39.18333333333333,8.0,10.0,3.0,2.0,
3951,505917,M. Terry,949,3928,34.833333333333336,31.0,3.0,3.0,2.0,
3949,505917,Martins Diogo,3928,949,2.1166666666666667,0.0,0.0,1.0,0.0,
3953,505917,N. Barbosa,949,3928,0.16666666666666666,2.0,0.0,0.0,0.0,
3947,505917,P. Lopes,3928,949,0.08333333333333333,0.0,0.0,0.0,0.0,
3950,505917,P. Vieira,3928,949,13.283333333333333,0.0,1.0,0.0,0.0,
3945,505917,R. Nobre,3928,949,31.6,14.0,3.0,7.0,3.0,
3955,505917,T. Espada,949,3928,25.15,9.0,6.0,4.0,1.0,
3978,505918,A. Candeias,3925,3919,14.0,4.0,2.0,0.0,1.0,
3976,505918,B. Garcia,3925,3919,6.766666666666667,0.0,0.0,1.0,0.0,
3977,505918,D. Baptista,3925,3919,3.1666666666666665,0.0,0.0,0.0,0.0,
3967,505918,D. Oliveira,3919,3925,2.8666666666666667,0.0,0.0,0.0,0.0,
3970,505918,D. Silva,3925,3919,24.333333333333332,11.0,3.0,4.0,0.0,
3972,505918,G. Goerzen,3925,3919,32.56666666666667,8.0,3.0,1.0,0.0,
3963,505918,G. Viegas,3919,3925,6.15,0.0,0.0,3.0,0.0,
3965,505918,J. Correia,3919,3925,4.416666666666667,0.0,0.0,0.0,0.0,
3960,505918,J. Mendes,3919,3925,26.433333333333334,7.0,2.0,2.0,1.0,
3961,505918,K. Domingues,3919,3925,32.88333333333333,13.0,6.0,2.0,0.0,
3974,505918,K. Pereira,3925,3919,16.433333333333334,4.0,3.0,3.0,0.0,
3975,505918,M. Carmine,3925,3919,21.166666666666668,5.0,3.0,1.0,1.0,
3962,505918,M. Goncalves,3919,3925,6.133333333333334,0.0,2.0,1.0,0.0,
3971,505918,R. Cristo,3925,3919,34.18333333333333,13.0,4.0,2.0,0.0,
3958,505918,S. Sousa,3919,3925,34.28333333333333,14.0,11.0,1.0,2.0,
3957,505918,T. Filipe,3919,3925,22.8,7.0,6.0,1.0,0.0,
3966,505918,T. Gualdimir,3919,3925,10.633333333333333,1.0,2.0,0.0,0.0,
3973,505918,T. Jervis,3925,3919,23.383333333333333,17.0,13.0,1.0,0.0,
3969,505918,T. Martins,3925,3919,8.883333333333333,0.0,1.0,0.0,0.0,
3959,505918,T. Sousa,3919,3925,32.05,10.0,4.0,2.0,1.0,
3968,505918,W. Oliveira,3919,3925,18.35,4.0,9.0,0.0,0.0,
3964,505918,W. Santos,3919,3925,3.0166666666666666,3.0,0.0,0.0,1.0,
3989,506161,A. Gill,7385,1069,13.666666666666666,9.0,1.0,0.0,1.0,
3993,506161,A. Muhammad,1069,7385,18.216666666666665,15.0,3.0,2.0,3.0,
3985,506161,A. Nagy,7385,1069,3.8,0.0,1.0,0.0,0.0,
3992,506161,C. Eugene,1069,7385,17.366666666666667,6.0,4.0,5.0,0.0,
3987,506161,D. Bujdos,7385,1069,10.466666666666667,0.0,0.0,0.0,0.0,
3983,506161,D. Kuxhausen,7385,1069,31.283333333333335,14.0,2.0,6.0,4.0,
3994,506161,F. A. Policelli,1069,7385,20.383333333333333,14.0,1.0,2.0,4.0,
3980,506161,F. Halada,7385,1069,26.483333333333334,10.0,2.0,0.0,1.0,
3997,506161,Hlivak Dalibor,1069,7385,13.783333333333333,1.0,2.0,2.0,0.0,
3984,506161,Hudec Robert,7385,1069,20.55,0.0,0.0,0.0,0.0,
3982,506161,Hughes Johnny,7385,1069,29.15,20.0,9.0,4.0,1.0,
3991,506161,J. Coleman-Jones,1069,7385,16.933333333333334,13.0,5.0,1.0,0.0,
4001,506161,J. Massie,1069,7385,23.183333333333334,4.0,6.0,4.0,0.0,
3999,506161,J. Smith,1069,7385,19.033333333333335,17.0,2.0,1.0,3.0,
3995,506161,Jass Marek,1069,7385,6.083333333333333,0.0,1.0,1.0,0.0,
3979,506161,Koller Martin,7385,1069,34.71666666666667,11.0,2.0,5.0,1.0,
4000,506161,M. Hronsky,1069,7385,16.566666666666666,11.0,6.0,0.0,1.0,
3988,506161,M. Krcho,7385,1069,0.5666666666666667,0.0,0.0,0.0,0.0,
3998,506161,M. Zeliznak,1069,7385,13.816666666666666,4.0,3.0,0.0,0.0,
3990,506161,Novak David,1069,7385,24.083333333333332,17.0,2.0,0.0,2.0,
3996,506161,P. Hrico,1069,7385,10.566666666666666,2.0,2.0,2.0,0.0,
3986,506161,R. Seman,7385,1069,3.8,0.0,2.0,0.0,0.0,
3981,506161,T. Brown,7385,1069,25.083333333333332,13.0,6.0,1.0,0.0,
4020,506162,A. Chatman,2348,7438,25.666666666666668,13.0,3.0,1.0,1.0,
4019,506162,A. Nahlik,2348,7438,11.4,1.0,1.0,0.0,0.0,
4004,506162,Abrham David,7438,2348,24.483333333333334,7.0,2.0,1.0,1.0,
4012,506162,B. Skeens,7438,2348,16.95,14.0,4.0,0.0,0.0,
4011,506162,Bacvic Niko,7438,2348,15.966666666666667,2.0,4.0,4.0,0.0,
4009,506162,Bluiett Trevon,7438,2348,18.666666666666668,9.0,1.0,1.0,3.0,
4017,506162,Bradley Michael,2348,7438,27.5,2.0,1.0,9.0,0.0,
4002,506162,Buie Desure,7438,2348,17.95,9.0,1.0,4.0,3.0,
4016,506162,C. Kenney,2348,7438,33.05,20.0,9.0,0.0,0.0,
4022,506162,Chaban Daniel,2348,7438,11.416666666666666,5.0,1.0,1.0,1.0,
4006,506162,Dreznjak Mateo,7438,2348,21.45,13.0,2.0,2.0,1.0,
4015,506162,E. Cato,2348,7438,24.683333333333334,8.0,6.0,0.0,2.0,
4003,506162,Ford Quincy,7438,2348,17.95,4.0,6.0,2.0,0.0,
4014,506162,J. Richardson,2348,7438,20.083333333333332,8.0,2.0,3.0,2.0,
4018,506162,Kincel Samuel,2348,7438,24.05,3.0,2.0,0.0,1.0,
4008,506162,Kovac Ben,7438,2348,19.7,19.0,7.0,1.0,2.0,
4007,506162,M. Majercak,7438,2348,11.416666666666666,0.0,1.0,2.0,0.0,
4021,506162,M. Zuscak,2348,7438,7.15,1.0,0.0,0.0,0.0,
4023,506162,Mrvis Tomas,2348,7438,15.0,1.0,3.0,2.0,0.0,
4005,506162,Pavelka Tomas,7438,2348,23.05,18.0,18.0,2.0,0.0,
4010,506162,Rozanek Robert,7438,2348,11.433333333333334,2.0,1.0,2.0,0.0,
4013,506162,Zidzik Ivan,7438,2348,0.6333333333333333,0.0,0.0,0.0,0.0,
4032,506163,A. Pukancik,7908,1070,26.883333333333333,3.0,1.0,4.0,0.0,
4042,506163,A. Valocsay,7908,1070,1.9333333333333333,0.0,0.0,0.0,0.0,
4027,506163,Atwood TJ,1070,7908,38.11666666666667,15.0,14.0,5.0,1.0,
4029,506163,Blasko Daniel,1070,7908,8.966666666666667,0.0,0.0,2.0,0.0,
4026,506163,C. Schwartz,1070,7908,24.933333333333334,6.0,2.0,0.0,0.0,
4025,506163,D. Campbell,1070,7908,31.0,21.0,4.0,2.0,1.0,
4031,506163,D. Sokolovskyi,1070,7908,20.733333333333334,11.0,4.0,2.0,3.0,
4035,506163,Golian Maros,7908,1070,29.2,11.0,13.0,0.0,0.0,
4030,506163,I. BARNES,1070,7908,21.366666666666667,5.0,2.0,1.0,1.0,
4024,506163,J. Yesufu,1070,7908,18.833333333333332,14.0,1.0,1.0,2.0,
4036,506163,K. Azacis,7908,1070,17.866666666666667,3.0,1.0,1.0,1.0,
4028,506163,K. Okworogwo,1070,7908,36.03333333333333,9.0,7.0,0.0,0.0,
4033,506163,K. Pulliam,7908,1070,31.183333333333334,23.0,4.0,4.0,3.0,
4039,506163,M. Chlupis,7908,1070,5.5,0.0,0.0,0.0,0.0,
4037,506163,M. Gregor,7908,1070,20.716666666666665,1.0,4.0,2.0,0.0,
4038,506163,M. Lukjanec,7908,1070,3.216666666666667,0.0,0.0,0.0,0.0,
4041,506163,M. Simonides,7908,1070,5.35,1.0,1.0,0.0,0.0,
4034,506163,N. Benson,7908,1070,36.25,31.0,12.0,1.0,3.0,
4040,506163,V. Dobrasinovic,7908,1070,21.9,9.0,4.0,1.0,0.0,
4060,506164,A. Galko,6484,1071,1.7166666666666668,0.0,0.0,0.0,0.0,
4054,506164,Bolek Lukas,6484,1071,18.4,5.0,2.0,1.0,1.0,
4055,506164,D. Bonner,6484,1071,28.583333333333332,20.0,8.0,7.0,4.0,
4053,506164,Fusek Michael,6484,1071,20.266666666666666,8.0,5.0,2.0,0.0,
4059,506164,G. Asman,6484,1071,18.9,9.0,3.0,1.0,1.0,
4050,506164,Ikpe Tristan,6484,1071,20.633333333333333,6.0,3.0,1.0,0.0,
4049,506164,J. Campbell,1071,6484,23.316666666666666,22.0,6.0,0.0,4.0,
4045,506164,J. Garcia,1071,6484,19.683333333333334,5.0,4.0,1.0,0.0,
4044,506164,K. Thomas,1071,6484,36.9,22.0,8.0,2.0,3.0,
4043,506164,L. Haupt,1071,6484,31.55,17.0,6.0,8.0,2.0,
4046,506164,Lastic Juraj,1071,6484,33.68333333333333,14.0,4.0,4.0,0.0,
4056,506164,M. Safford,6484,1071,18.483333333333334,11.0,5.0,1.0,1.0,
4057,506164,M. Simko,6484,1071,5.366666666666666,3.0,0.0,1.0,0.0,
4052,506164,P. Kovacik,6484,1071,15.916666666666666,0.0,1.0,0.0,0.0,
4047,506164,R. Mulvey,1071,6484,33.333333333333336,6.0,5.0,5.0,0.0,
4048,506164,Siladi Matej,1071,6484,21.533333333333335,8.0,2.0,0.0,2.0,
4051,506164,T. Adley,6484,1071,30.616666666666667,13.0,8.0,3.0,2.0,
4058,506164,T. Ingraham,6484,1071,21.116666666666667,12.0,6.0,0.0,0.0,
4072,506165,A. Collum,3384,1073,38.916666666666664,15.0,6.0,4.0,1.0,
4078,506165,A. Gyuricsek,3384,1073,19.566666666666666,1.0,3.0,0.0,0.0,
4077,506165,A. Keyes,3384,1073,31.333333333333332,9.0,8.0,3.0,1.0,
4074,506165,B. Newman,3384,1073,33.733333333333334,22.0,7.0,2.0,3.0,
4064,506165,Bojanovsky Boris,1073,3384,32.63333333333333,12.0,9.0,2.0,0.0,
4075,506165,C. Lafayete,3384,1073,23.35,5.0,5.0,0.0,1.0,
4071,506165,Dubinski Jackson,3384,1073,33.166666666666664,19.0,1.0,6.0,5.0,
4066,506165,G. Dorsey,1073,3384,10.566666666666666,3.0,1.0,0.0,1.0,
4062,506165,Hicks Tony,1073,3384,23.816666666666666,12.0,4.0,4.0,1.0,
4067,506165,J. Brooks,1073,3384,33.56666666666667,12.0,6.0,2.0,1.0,
4079,506165,J. Morris,3384,1073,27.733333333333334,10.0,9.0,1.0,0.0,
4070,506165,J. Watson-Gayle,1073,3384,31.583333333333332,26.0,7.0,1.0,4.0,
4069,506165,Ohams Chuba,1073,3384,27.016666666666666,6.0,3.0,3.0,0.0,
4068,506165,Pazicky Patrik,1073,3384,17.833333333333332,3.0,3.0,0.0,0.0,
4073,506165,Pospisil Martin,3384,1073,10.8,2.0,1.0,0.0,0.0,
4065,506165,Solcansky Samuel,1073,3384,15.75,5.0,0.0,0.0,0.0,
4063,506165,T. Chavez,1073,3384,16.766666666666666,3.0,4.0,1.0,1.0,
4076,506165,T. Gregor,3384,1073,6.4,0.0,0.0,0.0,0.0,
4061,506165,Volarik Samuel,1073,3384,15.45,5.0,0.0,2.0,1.0,
4084,506265,A. Andelova,6483,1680,19.9,10.0,5.0,2.0,1.0,
4087,506265,A. Chovanikova,6483,1680,18.35,3.0,3.0,0.0,1.0,
4085,506265,B. Yeaney,6483,1680,19.516666666666666,12.0,4.0,1.0,1.0,
4080,506265,D. Duratna,6483,1680,14.95,2.0,2.0,0.0,0.0,
4093,506265,D. Hudecova,1680,6483,25.466666666666665,5.0,4.0,3.0,1.0,
4089,506265,D. Mikovcakova,6483,1680,13.533333333333333,6.0,1.0,3.0,0.0,
4092,506265,Hynkova Dominica,1680,6483,30.766666666666666,11.0,6.0,2.0,0.0,
4090,506265,K. Fadrhonsova,1680,6483,27.6,8.0,3.0,4.0,2.0,
4094,506265,L. Hadacova,1680,6483,15.416666666666666,0.0,5.0,1.0,0.0,
4086,506265,M. Oravcova,6483,1680,17.983333333333334,12.0,3.0,1.0,3.0,
4098,506265,M. Vondryskova,1680,6483,10.533333333333333,0.0,0.0,1.0,0.0,
4083,506265,O. Yatskovets,6483,1680,26.466666666666665,15.0,12.0,1.0,2.0,
4096,506265,Plavnicka Kamila,1680,6483,13.033333333333333,2.0,1.0,0.0,0.0,
4091,506265,Rodakova Ema,1680,6483,23.833333333333332,2.0,2.0,2.0,0.0,
4097,506265,S. Keltos,1680,6483,22.433333333333334,6.0,2.0,0.0,0.0,
4082,506265,T. Kraislova,6483,1680,27.25,9.0,3.0,3.0,1.0,
4081,506265,T. Vandlikova,6483,1680,17.416666666666668,1.0,5.0,2.0,0.0,
4095,506265,V. Knazeova,1680,6483,1.85,0.0,0.0,0.0,0.0,
4088,506265,Z. Smith,6483,1680,24.633333333333333,6.0,5.0,2.0,0.0,
4099,506265,Z. Vargova,1680,6483,29.066666666666666,14.0,4.0,1.0,3.0,
4109,506266,A. Erdelyiova,1080,1082,11.066666666666666,2.0,3.0,0.0,0.0,
4103,506266,A. Moravcikova,1080,1082,22.9,8.0,6.0,2.0,0.0,
4118,506266,D. Dorkova,1082,1080,18.266666666666666,4.0,1.0,0.0,0.0,
4119,506266,E. Nemeth,1082,1080,13.433333333333334,0.0,3.0,0.0,0.0,
4108,506266,Halatkova Tereza,1080,1082,13.283333333333333,6.0,1.0,0.0,0.0,
4112,506266,Hrymaliuk Vira,1082,1080,23.383333333333333,12.0,3.0,1.0,1.0,
4107,506266,I. Mihaljevicova,1080,1082,11.666666666666666,2.0,3.0,0.0,0.0,
4102,506266,K. Briggs,1080,1082,22.683333333333334,6.0,5.0,0.0,0.0,
4100,506266,K. Washington,1080,1082,22.366666666666667,19.0,4.0,1.0,0.0,
4116,506266,Kononuchenko Daria,1082,1080,29.516666666666666,8.0,7.0,3.0,0.0,
4101,506266,L. Uzovicova,1080,1082,25.583333333333332,14.0,2.0,2.0,0.0,
4110,506266,L. Zilinska,1080,1082,16.55,10.0,5.0,0.0,0.0,
4104,506266,M. Eddings,1080,1082,23.133333333333333,9.0,2.0,0.0,0.0,
4105,506266,N. Ilonciakova,1080,1082,6.933333333333334,0.0,0.0,1.0,0.0,
4111,506266,N. Rzeszotova,1080,1082,6.2,3.0,3.0,0.0,0.0,
4115,506266,Panchuk Karina,1082,1080,19.016666666666666,15.0,2.0,0.0,3.0,
4120,506266,Rebejova Tara,1082,1080,12.7,2.0,1.0,2.0,0.0,
4113,506266,S. Slivkarova,1082,1080,27.1,0.0,2.0,1.0,0.0,
4117,506266,S. Szabadosova,1082,1080,7.783333333333333,0.0,0.0,0.0,0.0,
4106,506266,Szmerekova Ema,1080,1082,17.633333333333333,2.0,1.0,2.0,0.0,
4121,506266,T. Slama,1082,1080,19.7,3.0,2.0,0.0,0.0,
4114,506266,V. Svarcova,1082,1080,29.1,10.0,6.0,2.0,0.0,
4128,506267,D. Urbanova,1083,6482,27.166666666666668,13.0,3.0,4.0,3.0,
4127,506267,Davis Jori,1083,6482,19.783333333333335,10.0,1.0,0.0,0.0,
4133,506267,E. Nguwo,6482,1083,26.383333333333333,13.0,6.0,1.0,2.0,
4125,506267,K. A. Blacksten,1083,6482,31.966666666666665,24.0,4.0,4.0,3.0,
4122,506267,K. Ransom,1083,6482,29.666666666666668,21.0,9.0,5.0,0.0,
4141,506267,K. Valocsayova,6482,1083,12.666666666666666,5.0,3.0,0.0,1.0,
4123,506267,L. Fleischerova,1083,6482,11.933333333333334,8.0,2.0,3.0,2.0,
4126,506267,L. Lawrence,1083,6482,24.766666666666666,23.0,8.0,2.0,0.0,
4142,506267,L. Piscova,6482,1083,17.45,9.0,0.0,0.0,1.0,
4140,506267,L. Simova,6482,1083,11.45,2.0,1.0,0.0,0.0,
4130,506267,M. Cernokova,1083,6482,4.666666666666667,0.0,0.0,0.0,0.0,
4136,506267,M. Krajcirova,6482,1083,31.566666666666666,18.0,11.0,2.0,2.0,
4137,506267,M. Safarikova,6482,1083,19.983333333333334,11.0,2.0,0.0,2.0,
4129,506267,M. Zentkova,1083,6482,5.916666666666667,1.0,0.0,0.0,0.0,
4124,506267,N. Catlosova,1083,6482,14.416666666666666,1.0,5.0,1.0,0.0,
4131,506267,N. Dadulakova,1083,6482,14.35,3.0,1.0,1.0,0.0,
4135,506267,N. Urminska,6482,1083,14.883333333333333,0.0,1.0,1.0,0.0,
4134,506267,R. Gaziova,6482,1083,21.416666666666668,9.0,0.0,1.0,1.0,
4132,506267,S. Hudakova,1083,6482,15.383333333333333,2.0,3.0,2.0,0.0,
4138,506267,S. L. Kviecinska,6482,1083,11.883333333333333,4.0,0.0,0.0,0.0,
4139,506267,V. Langova,6482,1083,18.75,0.0,5.0,1.0,0.0,
4143,506267,V. Tatosova,6482,1083,13.566666666666666,5.0,2.0,2.0,1.0,
4161,506268,A. Soltesova,6157,5563,12.466666666666667,0.0,1.0,0.0,0.0,
4146,506268,D. Lanikova,5563,6157,15.866666666666667,4.0,3.0,0.0,0.0,
4159,506268,D. Rigova,6157,5563,15.2,5.0,0.0,2.0,1.0,
4150,506268,E. Cervenakova,5563,6157,4.266666666666667,0.0,1.0,0.0,0.0,
4147,506268,E. Kmetoniova,5563,6157,20.4,11.0,6.0,0.0,0.0,
4149,506268,E. Stanikova,5563,6157,20.983333333333334,8.0,7.0,1.0,0.0,
4152,506268,K. Liashenko,5563,6157,21.783333333333335,3.0,4.0,5.0,0.0,
4151,506268,K. Rothova,5563,6157,3.6833333333333336,3.0,0.0,0.0,1.0,
4145,506268,L. Kasperanova,5563,6157,38.083333333333336,17.0,10.0,1.0,2.0,
4155,506268,L. Maric,6157,5563,20.65,2.0,5.0,4.0,0.0,
4162,506268,L. Williams,6157,5563,16.233333333333334,6.0,6.0,1.0,0.0,
4156,506268,M. Frycova,6157,5563,28.2,5.0,8.0,1.0,0.0,
4160,506268,S. Strecanska,6157,5563,13.083333333333334,0.0,0.0,1.0,0.0,
4153,506268,S. Yamazaki,6157,5563,33.0,13.0,4.0,6.0,1.0,
4154,506268,T. Kubesova,6157,5563,18.516666666666666,6.0,1.0,0.0,0.0,
4144,506268,Tynshchuk Oleksandra,5563,6157,36.31666666666667,14.0,6.0,9.0,4.0,
4148,506268,V. Rostotska,5563,6157,38.61666666666667,8.0,9.0,4.0,0.0,
4158,506268,V. Urbanova,6157,5563,12.85,3.0,3.0,0.0,1.0,
4157,506268,Y. Ivanyuk,6157,5563,29.8,29.0,8.0,0.0,4.0,
4182,506269,A. Erdelyiova,1080,6482,20.266666666666666,11.0,2.0,2.0,1.0,
4177,506269,A. Moravcikova,1080,6482,16.966666666666665,11.0,1.0,1.0,0.0,
4173,506269,B. Washington,6482,1080,20.05,13.0,3.0,1.0,0.0,
4171,506269,D. Mikulová,6482,1080,7.15,0.0,0.0,0.0,0.0,
4169,506269,E. Bachorova,6482,1080,13.983333333333333,0.0,2.0,0.0,0.0,
4164,506269,E. Nguwo,6482,1080,16.25,2.0,2.0,0.0,0.0,
4183,506269,Halatkova Tereza,1080,6482,18.266666666666666,3.0,11.0,0.0,1.0,
4184,506269,I. Mihaljevicova,1080,6482,12.066666666666666,2.0,3.0,0.0,0.0,
4176,506269,K. Briggs,1080,6482,24.4,4.0,9.0,3.0,0.0,
4168,506269,K. Valocsayova,6482,1080,11.983333333333333,0.0,1.0,0.0,0.0,
4174,506269,K. Washington,1080,6482,21.533333333333335,19.0,6.0,4.0,2.0,
4172,506269,L. Simova,6482,1080,12.966666666666667,2.0,1.0,0.0,0.0,
4175,506269,L. Uzovicova,1080,6482,21.633333333333333,2.0,5.0,2.0,0.0,
4180,506269,L. Zilinska,1080,6482,16.166666666666668,4.0,4.0,1.0,0.0,
4178,506269,M. Eddings,1080,6482,20.65,25.0,2.0,1.0,2.0,
4167,506269,M. Krajcirova,6482,1080,30.75,9.0,5.0,2.0,1.0,
4163,506269,M. Safarikova,6482,1080,27.1,12.0,3.0,0.0,0.0,
4181,506269,N. Ilonciakova,1080,6482,3.55,3.0,0.0,0.0,1.0,
4185,506269,N. Rzeszotova,1080,6482,6.033333333333333,0.0,1.0,0.0,0.0,
4170,506269,N. Urminska,6482,1080,19.266666666666666,1.0,1.0,0.0,0.0,
4165,506269,R. Gaziova,6482,1080,15.116666666666667,2.0,1.0,0.0,0.0,
4179,506269,Szmerekova Ema,1080,6482,18.466666666666665,12.0,3.0,1.0,0.0,
4166,506269,V. Tatosova,6482,1080,25.383333333333333,4.0,3.0,1.0,0.0,
4188,506270,D. Hudecova,1680,1083,32.016666666666666,5.0,3.0,2.0,1.0,
4202,506270,D. Urbanova,1083,1680,26.633333333333333,14.0,3.0,2.0,2.0,
4203,506270,Davis Jori,1083,1680,17.95,0.0,1.0,1.0,0.0,
4190,506270,Hynkova Dominica,1680,1083,35.45,11.0,4.0,5.0,0.0,
4197,506270,K. A. Blacksten,1083,1680,17.733333333333334,7.0,6.0,1.0,0.0,
4189,506270,K. Fadrhonsova,1680,1083,35.86666666666667,13.0,2.0,3.0,1.0,
4199,506270,K. Ransom,1083,1680,38.766666666666666,20.0,10.0,3.0,0.0,
4196,506270,L. Fleischerova,1083,1680,20.7,3.0,3.0,1.0,0.0,
4187,506270,L. Hadacova,1680,1083,24.183333333333334,4.0,7.0,2.0,0.0,
4198,506270,L. Lawrence,1083,1680,31.0,8.0,11.0,4.0,0.0,
4192,506270,M. Vondryskova,1680,1083,1.6166666666666667,2.0,0.0,1.0,0.0,
4195,506270,N. Catlosova,1083,1680,27.15,9.0,3.0,0.0,1.0,
4200,506270,N. Kanuchova,1083,1680,2.5833333333333335,3.0,1.0,0.0,0.0,
4194,506270,Plavnicka Kamila,1680,1083,17.916666666666668,3.0,5.0,0.0,0.0,
4191,506270,Rodakova Ema,1680,1083,15.05,6.0,1.0,0.0,2.0,
4201,506270,S. Hudakova,1083,1680,17.483333333333334,0.0,1.0,0.0,0.0,
4193,506270,V. Knazeova,1680,1083,2.75,0.0,0.0,0.0,0.0,
4186,506270,Z. Vargova,1680,1083,35.15,9.0,8.0,0.0,1.0,
4217,506271,A. Andelova,6483,6157,19.25,18.0,4.0,0.0,4.0,
4216,506271,A. Chovanikova,6483,6157,20.133333333333333,5.0,4.0,3.0,1.0,
4211,506271,A. Soltesova,6157,6483,23.316666666666666,3.0,2.0,0.0,1.0,
4224,506271,B. Yeaney,6483,6157,22.7,6.0,5.0,0.0,0.0,
4223,506271,D. Duratna,6483,6157,19.4,0.0,1.0,0.0,0.0,
4219,506271,D. Mikovcakova,6483,6157,18.35,11.0,4.0,0.0,0.0,
4213,506271,D. Rigova,6157,6483,25.816666666666666,3.0,1.0,0.0,1.0,
4212,506271,J. Liptakova,6157,6483,11.366666666666667,0.0,2.0,0.0,0.0,
4204,506271,L. Maric,6157,6483,18.433333333333334,5.0,0.0,0.0,1.0,
4210,506271,L. Williams,6157,6483,15.666666666666666,2.0,5.0,0.0,0.0,
4206,506271,M. Frycova,6157,6483,26.366666666666667,2.0,7.0,0.0,0.0,
4220,506271,M. Oravcova,6483,6157,20.133333333333333,10.0,4.0,3.0,2.0,
4218,506271,O. Yatskovets,6483,6157,21.65,16.0,5.0,0.0,0.0,
4207,506271,S. Strecanska,6157,6483,14.65,0.0,2.0,0.0,0.0,
4205,506271,S. Yamazaki,6157,6483,29.133333333333333,5.0,2.0,0.0,0.0,
4215,506271,T. Kraislova,6483,6157,17.933333333333334,2.0,5.0,6.0,0.0,
4222,506271,T. Vandlikova,6483,6157,14.833333333333334,6.0,4.0,0.0,0.0,
4209,506271,V. Urbanova,6157,6483,13.65,0.0,3.0,0.0,0.0,
4208,506271,Y. Ivanyuk,6157,6483,21.6,5.0,1.0,0.0,1.0,
4221,506271,Z. Mala,6483,6157,5.083333333333333,2.0,0.0,0.0,0.0,
4214,506271,Z. Smith,6483,6157,20.533333333333335,16.0,6.0,2.0,0.0,
4246,506272,A. Czakoova,5563,4895,18.7,0.0,3.0,0.0,0.0,
4232,506272,A. Remenarova,4895,5563,12.183333333333334,2.0,2.0,0.0,0.0,
4243,506272,A. Repkova,5563,4895,10.0,3.0,3.0,0.0,0.0,
4240,506272,D. Lanikova,5563,4895,12.85,6.0,2.0,0.0,0.0,
4245,506272,E. Cervenakova,5563,4895,11.816666666666666,5.0,1.0,1.0,1.0,
4244,506272,E. Dankova,5563,4895,12.8,0.0,0.0,0.0,0.0,
4234,506272,E. Holikova,4895,5563,17.666666666666668,11.0,2.0,2.0,3.0,
4238,506272,E. Stanikova,5563,4895,24.95,2.0,7.0,0.0,0.0,
4226,506272,J. Matejcikova,4895,5563,13.166666666666666,8.0,2.0,0.0,1.0,
4225,506272,K. Currence,4895,5563,22.283333333333335,14.0,1.0,4.0,0.0,
4242,506272,K. Liashenko,5563,4895,18.316666666666666,5.0,2.0,1.0,1.0,
4227,506272,K. Ondrisova,4895,5563,16.766666666666666,5.0,1.0,2.0,1.0,
4237,506272,L. Kasperanova,5563,4895,24.816666666666666,5.0,2.0,4.0,0.0,
4236,506272,L. Striesova,4895,5563,15.85,5.0,10.0,3.0,1.0,
4233,506272,M. Maliarova,4895,5563,19.633333333333333,5.0,1.0,2.0,1.0,
4228,506272,N. Janstova,4895,5563,18.216666666666665,8.0,5.0,2.0,0.0,
4229,506272,N. Oravcova,4895,5563,21.55,8.0,3.0,3.0,0.0,
4235,506272,N. Tomajkova,4895,5563,11.4,0.0,5.0,1.0,0.0,
4230,506272,T. Huskova,4895,5563,8.45,2.0,3.0,0.0,0.0,
4241,506272,Tynshchuk Oleksandra,5563,4895,29.4,4.0,2.0,1.0,0.0,
4231,506272,V. Lukcova,4895,5563,22.866666666666667,11.0,2.0,1.0,1.0,
4239,506272,V. Rostotska,5563,4895,36.35,20.0,5.0,4.0,2.0,
4252,506345,A. Junior-Elouma,15,101,6.633333333333333,0.0,3.0,0.0,0.0,
4255,506345,B. Moujib,15,101,21.233333333333334,12.0,6.0,1.0,0.0,
4250,506345,Bruyas Arthur,15,101,17.9,13.0,1.0,1.0,3.0,
4268,506345,Choua Mohamed,101,15,28.333333333333332,5.0,6.0,2.0,0.0,
4257,506345,D. Boudine,15,101,0.8166666666666667,0.0,0.0,0.0,0.0,
4265,506345,D. O. Embo,101,15,8.95,1.0,1.0,1.0,0.0,
4251,506345,Gabric Tomislav,15,101,20.733333333333334,17.0,0.0,1.0,3.0,
4261,506345,I. Mintongo,101,15,25.866666666666667,13.0,2.0,0.0,1.0,
4267,506345,J. Ambrose,101,15,10.666666666666666,0.0,2.0,0.0,0.0,
4248,506345,Jeanne Jonathan,15,101,18.766666666666666,6.0,9.0,0.0,0.0,
4259,506345,M. Avery,101,15,29.933333333333334,13.0,6.0,1.0,1.0,
4256,506345,M. Millet,15,101,2.5166666666666666,0.0,0.0,0.0,0.0,
4249,506345,Maille Jean-Baptiste,15,101,20.583333333333332,2.0,4.0,9.0,0.0,
4262,506345,Moore Jalen Shamar,101,15,31.05,14.0,2.0,5.0,1.0,
4260,506345,N. Pharose,101,15,13.333333333333334,4.0,1.0,1.0,0.0,
4266,506345,Naji Akram,101,15,18.75,17.0,1.0,2.0,1.0,
4254,506345,Negrobar Ludovic,15,101,17.866666666666667,8.0,8.0,1.0,0.0,
4264,506345,R. Malonga,101,15,19.483333333333334,2.0,5.0,2.0,0.0,
4258,506345,S. Bikantchou,15,101,25.55,7.0,1.0,0.0,2.0,
4253,506345,S. Kanoute,15,101,23.083333333333332,10.0,3.0,5.0,2.0,
4247,506345,Shepherd Jordan,15,101,24.2,18.0,3.0,5.0,1.0,
4263,506345,V. Vent,101,15,13.633333333333333,5.0,0.0,0.0,0.0,
4271,506352,A. Bouba,95,109,20.466666666666665,8.0,3.0,1.0,1.0,
4285,506352,C. Dauby,109,95,22.75,10.0,4.0,3.0,2.0,
4272,506352,D. Coit,95,109,29.116666666666667,40.0,1.0,2.0,7.0,
4270,506352,Demahis-Ballou Lucas,95,109,16.45,2.0,0.0,2.0,0.0,
4276,506352,Grasshoff Lois,95,109,24.283333333333335,21.0,7.0,0.0,2.0,
4273,506352,H. Bequignon,95,109,7.166666666666667,2.0,0.0,1.0,0.0,
4282,506352,Harley Kevin,109,95,20.4,4.0,2.0,2.0,0.0,
4286,506352,I. Guedegbe,109,95,8.8,2.0,0.0,1.0,0.0,
4278,506352,K. Sene,95,109,16.133333333333333,3.0,1.0,3.0,1.0,
4284,506352,K. Vado,109,95,9.05,3.0,1.0,0.0,0.0,
4279,506352,K. Willis,109,95,30.116666666666667,22.0,4.0,4.0,1.0,
4277,506352,Keita Tidjan,95,109,17.7,5.0,4.0,1.0,0.0,
4280,506352,M. Mahop,109,95,16.033333333333335,9.0,2.0,1.0,0.0,
4274,506352,Mambo Yasmin,95,109,22.3,11.0,8.0,1.0,0.0,
4275,506352,Morency Romuald,95,109,19.533333333333335,7.0,1.0,1.0,0.0,
4287,506352,N. Brown,109,95,24.95,8.0,4.0,0.0,0.0,
4281,506352,Prot Imanol,109,95,21.9,5.0,4.0,1.0,0.0,
4269,506352,Q. Rose,95,109,26.85,6.0,3.0,3.0,0.0,
4288,506352,Ramljak Ivan,109,95,27.016666666666666,16.0,9.0,3.0,1.0,
4283,506352,Ratton Jordan,109,95,18.983333333333334,13.0,8.0,2.0,0.0,
4300,506713,A. Newell,132,146,22.266666666666666,12.0,12.0,2.0,0.0,
4293,506713,Alexander-Walker Nickeil,132,146,15.733333333333333,14.0,1.0,0.0,1.0,
4306,506713,C. Boozer,146,132,18.25,11.0,5.0,4.0,0.0,
4311,506713,C. Cooper,146,132,14.65,8.0,4.0,1.0,1.0,
4294,506713,C. Corhen,132,146,2.716666666666667,0.0,2.0,0.0,0.0,
4309,506713,C. Coward,146,132,18.25,9.0,5.0,4.0,1.0,
4321,506713,C. Spencer,146,132,14.05,8.0,4.0,2.0,2.0,
4289,506713,Daniels Dyson,132,146,17.85,6.0,4.0,2.0,0.0,
4297,506713,Finney-Smith Dorian,132,146,8.183333333333334,3.0,0.0,1.0,1.0,
4312,506713,Grant Jerami,146,132,14.033333333333333,10.0,4.0,2.0,1.0,
4313,506713,Hendricks Taylor,146,132,18.983333333333334,7.0,6.0,1.0,0.0,
4316,506713,J. Mashack,146,132,7.883333333333333,2.0,1.0,1.0,0.0,
4320,506713,J. Small,146,132,12.55,8.0,1.0,4.0,1.0,
4305,506713,J. Wells,146,132,16.8,12.0,0.0,0.0,4.0,
4314,506713,Jackson Gregory,146,132,15.616666666666667,14.0,2.0,1.0,2.0,
4308,506713,Jerome Ty,146,132,15.116666666666667,12.0,0.0,5.0,1.0,
4290,506713,Johnson Jalen,132,146,17.85,8.0,5.0,3.0,0.0,
4292,506713,K. Flemings,132,146,24.6,11.0,0.0,2.0,2.0,
4304,506713,K. Gilbert,132,146,14.916666666666666,2.0,1.0,2.0,0.0,
4298,506713,K. Johnson,132,146,7.75,0.0,0.0,1.0,0.0,
4299,506713,Kispert Corey,132,146,20.266666666666666,19.0,4.0,2.0,4.0,
4301,506713,Landale Jock,132,146,16.35,4.0,6.0,3.0,0.0,
4315,506713,Lopez Karim,146,132,7.883333333333333,2.0,1.0,0.0,0.0,
4317,506713,Murray Kris,146,132,12.55,3.0,1.0,0.0,0.0,
4291,506713,Okongwu Onyeka,132,146,14.483333333333333,8.0,4.0,2.0,1.0,
4318,506713,Pippen Jr Scotty,146,132,15.616666666666667,10.0,0.0,4.0,2.0,
4319,506713,Prosper Olivier-Maxence,146,132,10.866666666666667,1.0,1.0,1.0,0.0,
4307,506713,Q. Post,146,132,12.25,8.0,4.0,0.0,2.0,
4295,506713,R. Dennis,132,146,17.666666666666668,12.0,3.0,3.0,2.0,
4322,506713,Stewart Isaiah,146,132,2.1166666666666667,0.0,1.0,0.0,0.0,
4310,506713,W. Clayton,146,132,12.533333333333333,7.0,1.0,2.0,1.0,
4302,506713,Wiggins Aaron,132,146,10.65,7.0,0.0,0.0,1.0,
4303,506713,Wilson Jalen,132,146,14.566666666666666,12.0,0.0,0.0,2.0,
4296,506713,Z. Ejiofor,132,146,14.15,5.0,3.0,2.0,0.0,
4351,506714,A. Okereke,145,141,13.266666666666667,4.0,3.0,2.0,0.0,
4340,506714,A. Thiero,145,141,16.95,7.0,4.0,0.0,0.0,
4338,506714,A. Toohey,141,145,3.1,3.0,1.0,0.0,1.0,
4328,506714,Bassey Charles,141,145,14.25,4.0,6.0,2.0,0.0,
4345,506714,C. Carr,145,141,12.166666666666666,5.0,0.0,0.0,1.0,
4350,506714,C. Manon,145,141,22.3,7.0,4.0,0.0,1.0,
4326,506714,Curry Stephen,141,145,14.316666666666666,16.0,2.0,5.0,3.0,
4347,506714,D. Knecht,145,141,21.866666666666667,11.0,1.0,1.0,1.0,
4330,506714,G. Ike,141,145,12.333333333333334,6.0,7.0,3.0,0.0,
4325,506714,Green Draymond,141,145,14.866666666666667,3.0,2.0,8.0,1.0,
4343,506714,Grimes Quentin,145,141,23.083333333333332,12.0,1.0,3.0,2.0,
4346,506714,Hardy Jaden,145,141,18.766666666666666,13.0,4.0,3.0,1.0,
4344,506714,J. B. James,145,141,20.966666666666665,4.0,1.0,5.0,0.0,
4329,506714,L. Cryer,141,145,9.116666666666667,2.0,0.0,1.0,0.0,
4341,506714,LaRavia Jake,145,141,22.3,9.0,3.0,1.0,1.0,
4349,506714,Looney Kevon,145,141,13.033333333333333,0.0,3.0,2.0,0.0,
4331,506714,M. Kelly,141,145,5.55,6.0,0.0,0.0,2.0,
4332,506714,M. Leons,141,145,10.333333333333334,5.0,1.0,1.0,1.0,
4342,506714,Mamukelashvili Sandro,145,141,18.133333333333333,15.0,2.0,2.0,3.0,
4333,506714,Melton De&apos;Anthony,141,145,17.7,9.0,1.0,3.0,1.0,
4334,506714,Niang Georges,141,145,18.533333333333335,7.0,1.0,0.0,1.0,
4335,506714,Payton Gary,141,145,15.933333333333334,4.0,5.0,1.0,1.0,
4327,506714,Podziemski Brandin,141,145,19.45,16.0,2.0,1.0,1.0,
4323,506714,Santos Gui,141,145,21.333333333333332,7.0,3.0,2.0,0.0,
4352,506714,Swider Cole,145,141,12.0,9.0,2.0,0.0,3.0,
4337,506714,Terry Dalen,141,145,8.05,4.0,1.0,1.0,0.0,
4353,506714,Vanderbilt Jarred,145,141,15.5,2.0,5.0,1.0,0.0,
4348,506714,W. Kyle,145,141,9.666666666666666,0.0,2.0,0.0,0.0,
4336,506714,W. Richard,141,145,15.2,5.0,1.0,1.0,1.0,
4339,506714,Williams Brandon,141,145,18.116666666666667,10.0,2.0,1.0,0.0,
4324,506714,Y. Lendeborg,141,145,21.45,17.0,9.0,2.0,2.0,
4383,506715,A. Williams,133,137,4.766666666666667,0.0,4.0,1.0,0.0,
4356,506715,Allen Jarrett,137,133,16.9,6.0,4.0,0.0,0.0,
4375,506715,B. Scheierman,133,137,22.783333333333335,16.0,5.0,3.0,4.0,
4364,506715,Bryant Thomas,137,133,8.983333333333333,8.0,2.0,1.0,1.0,
4366,506715,C. Jones,137,133,1.3,0.0,0.0,0.0,0.0,
4376,506715,Carter Devin,133,137,24.5,17.0,5.0,3.0,1.0,
4374,506715,Conley Mike,133,137,17.7,3.0,1.0,4.0,0.0,
4378,506715,D. Mitchell,133,137,27.9,10.0,9.0,4.0,0.0,
4370,506715,E. Udeh,137,133,15.016666666666667,2.0,4.0,0.0,0.0,
4382,506715,G. McGlothan,133,137,5.466666666666667,0.0,2.0,0.0,0.0,
4373,506715,Garza Luka,133,137,26.866666666666667,22.0,10.0,2.0,3.0,
4371,506715,H. Gonzalez,133,137,26.35,15.0,4.0,5.0,3.0,
4381,506715,H. Gray,133,137,7.833333333333333,6.0,1.0,1.0,1.0,
4359,506715,Hezonja Mario,137,133,16.533333333333335,5.0,5.0,3.0,1.0,
4377,506715,J. C. Cenac,133,137,24.416666666666668,7.0,8.0,1.0,0.0,
4358,506715,J. Tyson,137,133,16.783333333333335,14.0,3.0,2.0,1.0,
4379,506715,M. Uzan,133,137,15.2,6.0,3.0,3.0,1.0,
4360,506715,Merrill Sam,137,133,9.666666666666666,8.0,0.0,1.0,2.0,
4367,506715,Minix,137,133,15.366666666666667,4.0,4.0,3.0,0.0,
4357,506715,Mitchell Donovan,137,133,16.9,11.0,0.0,3.0,0.0,
4355,506715,Mobley Evan,137,133,16.783333333333335,8.0,1.0,1.0,0.0,
4368,506715,Porter Craig,137,133,16.316666666666666,5.0,3.0,10.0,1.0,
4362,506715,R. Agee,137,133,10.566666666666666,6.0,2.0,0.0,1.0,
4380,506715,T. DeVries,133,137,10.7,6.0,2.0,1.0,2.0,
4365,506715,T. Enaruna,137,133,16.8,13.0,3.0,1.0,2.0,
4361,506715,T. Meleek,137,133,23.283333333333335,11.0,2.0,2.0,1.0,
4369,506715,T. Proctor,137,133,20.716666666666665,5.0,2.0,1.0,1.0,
4372,506715,Walsh Jordan,133,137,25.533333333333335,16.0,2.0,1.0,2.0,
4354,506715,Watson Peyton,137,133,16.783333333333335,7.0,4.0,4.0,1.0,
4363,506715,Z. Austin,137,133,1.3,0.0,0.0,0.0,0.0,
4386,506716,Adebayo Bam,147,150,16.05,9.0,4.0,2.0,1.0,
4385,506716,Antetokounmpo Giannis,147,150,17.866666666666667,18.0,4.0,4.0,0.0,
4413,506716,B. McGowens,150,147,19.95,1.0,3.0,7.0,0.0,
4404,506716,Bey Saddiq,150,147,16.933333333333334,12.0,5.0,0.0,2.0,
4408,506716,Bufkin Kobe,150,147,11.95,9.0,1.0,1.0,3.0,
4411,506716,C. J. Koloko,150,147,4.116666666666666,0.0,2.0,1.0,0.0,
4407,506716,D. Queen,150,147,15.6,5.0,8.0,1.0,0.0,
4394,506716,Fontecchio Simone,147,150,14.266666666666667,6.0,3.0,1.0,1.0,
4395,506716,Gardner Myron,147,150,14.683333333333334,11.0,4.0,4.0,3.0,
4390,506716,Hardaway Tim,147,150,19.233333333333334,11.0,3.0,2.0,2.0,
4410,506716,Houstan Caleb,150,147,15.366666666666667,3.0,2.0,0.0,1.0,
4398,506716,I. Schieffelin,147,150,12.0,2.0,2.0,2.0,0.0,
4402,506716,J. Fears,150,147,19.266666666666666,11.0,2.0,2.0,2.0,
4396,506716,J. Hadley,147,150,12.0,5.0,3.0,1.0,1.0,
4414,506716,J. Pierre,150,147,13.333333333333334,12.0,1.0,0.0,4.0,
4415,506716,J. Reese,150,147,2.9333333333333336,2.0,1.0,0.0,0.0,
4405,506716,Jones Herbert,150,147,10.433333333333334,0.0,3.0,2.0,0.0,
4391,506716,Jovic Nikola,147,150,20.816666666666666,8.0,4.0,2.0,2.0,
4409,506716,M. Dia,150,147,5.65,0.0,0.0,0.0,0.0,
4403,506716,Mathurin Bennedict,150,147,14.45,8.0,4.0,1.0,1.0,
4412,506716,Matkovic Karlo,150,147,12.2,9.0,3.0,0.0,1.0,
4387,506716,Mitchell Davion,147,150,20.3,9.0,1.0,7.0,1.0,
4399,506716,Murphy Trey,150,147,13.85,11.0,1.0,2.0,2.0,
4406,506716,Poole Jordan,150,147,13.15,14.0,1.0,2.0,3.0,
4389,506716,Portis Bobby,147,150,19.966666666666665,11.0,6.0,2.0,1.0,
4392,506716,R. Conwell,147,150,14.183333333333334,3.0,1.0,4.0,0.0,
4397,506716,Richards Nick,147,150,14.683333333333334,5.0,9.0,0.0,0.0,
4393,506716,T. Donaldson,147,150,14.683333333333334,12.0,0.0,2.0,2.0,
4388,506716,Thompson Klay,147,150,14.083333333333334,5.0,1.0,3.0,1.0,
4416,506716,Watford Trendon,150,147,15.2,2.0,7.0,2.0,0.0,
4384,506716,Wiggins Andrew,147,150,15.183333333333334,13.0,2.0,0.0,1.0,
4400,506716,Williamson Zion,150,147,16.333333333333332,8.0,1.0,1.0,0.0,
4401,506716,Y. Missi,150,147,19.283333333333335,11.0,9.0,0.0,0.0,
4446,506717,A. Newell,132,158,14.4,16.0,1.0,0.0,1.0,
4437,506717,Alexander-Walker Nickeil,132,158,23.383333333333333,7.0,3.0,2.0,1.0,
4423,506717,Barnes Harrison,158,132,16.5,7.0,2.0,2.0,1.0,
4425,506717,C. Bryant,158,132,23.0,11.0,5.0,0.0,2.0,
4442,506717,C. Corhen,132,158,3.9166666666666665,0.0,1.0,0.0,0.0,
4421,506717,Castle Stephon,158,132,17.883333333333333,14.0,4.0,3.0,1.0,
4418,506717,Champagnie Julian,158,132,18.466666666666665,10.0,0.0,1.0,2.0,
4429,506717,D. Garcia,158,132,15.15,14.0,4.0,0.0,1.0,
4420,506717,D. Harper,158,132,19.016666666666666,16.0,4.0,4.0,3.0,
4433,506717,Daniels Dyson,132,158,21.15,13.0,11.0,1.0,1.0,
4444,506717,Finney-Smith Dorian,132,158,7.666666666666667,2.0,1.0,0.0,0.0,
4427,506717,J. Elmore,158,132,6.333333333333333,0.0,0.0,0.0,0.0,
4428,506717,J. Gillespie,158,132,9.133333333333333,8.0,0.0,0.0,1.0,
4422,506717,Johnson Keldon,158,132,18.7,3.0,7.0,2.0,0.0,
4439,506717,K. Flemings,132,158,19.833333333333332,15.0,3.0,5.0,2.0,
4445,506717,K. Johnson,132,158,8.8,0.0,0.0,0.0,0.0,
4438,506717,Kispert Corey,132,158,21.183333333333334,10.0,0.0,2.0,2.0,
4424,506717,Kornet Luke,158,132,14.733333333333333,6.0,4.0,2.0,0.0,
4440,506717,Landale Jock,132,158,14.383333333333333,10.0,5.0,2.0,2.0,
4436,506717,McCollum C.J.,132,158,19.366666666666667,14.0,5.0,4.0,4.0,
4430,506717,McLaughlin Jordan,158,132,12.966666666666667,2.0,1.0,1.0,0.0,
4435,506717,Okongwu Onyeka,132,158,21.616666666666667,13.0,4.0,5.0,2.0,
4426,506717,R. Davis,158,132,7.25,2.0,2.0,1.0,0.0,
4443,506717,R. Dennis,132,158,12.0,4.0,2.0,4.0,0.0,
4431,506717,T. Peter,158,132,8.8,0.0,1.0,1.0,0.0,
4432,506717,T. Reed,158,132,17.183333333333334,2.0,6.0,1.0,0.0,
4417,506717,Vassell Devin,158,132,17.883333333333333,12.0,3.0,1.0,2.0,
4419,506717,Wembanyama Victor,158,132,17.0,9.0,6.0,1.0,1.0,
4434,506717,Wiggins Aaron,132,158,24.333333333333332,10.0,2.0,4.0,2.0,
4447,506717,Wilson Jalen,132,158,13.766666666666667,2.0,1.0,1.0,0.0,
4441,506717,Z. Ejiofor,132,158,14.2,7.0,4.0,0.0,1.0,
4461,506893,A. Zebardjedan,7489,5630,15.7,9.0,3.0,3.0,1.0,
4452,506893,D. Demirel,5630,7489,16.983333333333334,13.0,5.0,6.0,1.0,
4449,506893,D. Schachinger,5630,7489,22.483333333333334,14.0,2.0,5.0,3.0,
4457,506893,J. Lendl,7489,5630,24.55,4.0,1.0,1.0,0.0,
4454,506893,J. Wesby,5630,7489,12.233333333333333,10.0,0.0,2.0,1.0,
4456,506893,L. Dittrich,5630,7489,18.05,1.0,6.0,3.0,0.0,
4450,506893,L. Lasinger,5630,7489,25.066666666666666,17.0,11.0,3.0,0.0,
4462,506893,M. Djokovic,7489,5630,10.366666666666667,5.0,1.0,0.0,0.0,
4453,506893,M. Grafinger,5630,7489,21.15,18.0,8.0,4.0,2.0,
4451,506893,P. Lammer,5630,7489,21.883333333333333,10.0,7.0,0.0,0.0,
4458,506893,R. Djurdjevic,7489,5630,28.266666666666666,18.0,5.0,1.0,5.0,
4460,506893,S. Brandtner,7489,5630,23.35,10.0,1.0,1.0,1.0,
4459,506893,S. Camagni,7489,5630,33.9,20.0,7.0,6.0,0.0,
4448,506893,S. Hintenaus,5630,7489,20.816666666666666,8.0,1.0,1.0,2.0,
4455,506893,V. Passek,5630,7489,16.033333333333335,10.0,1.0,1.0,2.0,
4478,506894,A. B. Zapero,5631,83,17.733333333333334,5.0,5.0,1.0,1.0,
4479,506894,D. Pillwein,5631,83,12.166666666666666,6.0,3.0,0.0,0.0,
4474,506894,D. Wrumnig,5631,83,26.583333333333332,6.0,7.0,8.0,0.0,
4465,506894,I. Moschik,83,5631,20.316666666666666,8.0,4.0,2.0,0.0,
4467,506894,J. Jokl,83,5631,33.666666666666664,12.0,9.0,3.0,0.0,
4475,506894,J. Kotala,5631,83,26.85,11.0,6.0,0.0,3.0,
4464,506894,J. Kozina,83,5631,37.31666666666667,9.0,10.0,7.0,0.0,
4472,506894,J. Weissenbock,83,5631,2.6833333333333336,0.0,0.0,0.0,0.0,
4473,506894,K. Steinkellner,5631,83,13.5,5.0,1.0,1.0,1.0,
4476,506894,K. Witzmann,5631,83,23.75,5.0,2.0,1.0,0.0,
4463,506894,L. Schrittwieser,83,5631,25.716666666666665,16.0,3.0,1.0,3.0,
4468,506894,M. Czehowsky,83,5631,8.3,2.0,1.0,0.0,0.0,
4470,506894,T. Neubauer,83,5631,2.5,0.0,0.0,0.0,0.0,
4469,506894,T. Rak,83,5631,21.466666666666665,17.0,3.0,1.0,2.0,
4471,506894,V. Vasat,83,5631,26.016666666666666,9.0,8.0,2.0,0.0,
4477,506894,W. Gindlstrasser,5631,83,0.3,0.0,0.0,0.0,0.0,
4466,506894,Z. Nehyba,83,5631,22.016666666666666,4.0,3.0,2.0,0.0,
4491,506895,A. Karian,1409,92,16.566666666666666,3.0,3.0,1.0,0.0,
4493,506895,D. Zola,1409,92,12.083333333333334,3.0,4.0,1.0,0.0,
4486,506895,H. Schmitt,92,1409,4.083333333333333,1.0,2.0,1.0,0.0,
4497,506895,I. Shelepin,1409,92,2.1,0.0,0.0,0.0,0.0,
4489,506895,J. Edegger,1409,92,29.933333333333334,21.0,5.0,0.0,2.0,
4490,506895,J. Konzet,1409,92,27.7,14.0,1.0,5.0,1.0,
4494,506895,J. Tomaschek,1409,92,27.55,11.0,7.0,1.0,2.0,
4482,506895,J. Wonisch,92,1409,23.816666666666666,14.0,6.0,5.0,1.0,
4496,506895,K. Dragolj,1409,92,25.483333333333334,14.0,6.0,0.0,0.0,
4480,506895,L. God,92,1409,28.1,10.0,4.0,2.0,2.0,
4498,506895,L. Haberler,1409,92,3.1333333333333333,0.0,0.0,0.0,0.0,
4481,506895,O. Drljaca,92,1409,23.8,2.0,0.0,4.0,0.0,
4487,506895,O. Ndukwe,92,1409,27.3,23.0,0.0,0.0,2.0,
4484,506895,Onwudiwe Victor,92,1409,29.983333333333334,12.0,10.0,4.0,0.0,
4485,506895,P. D'Angelo,92,1409,18.583333333333332,11.0,5.0,2.0,2.0,
4492,506895,R. Abidi,1409,92,2.0,0.0,0.0,1.0,0.0,
4483,506895,S. Marek,92,1409,25.116666666666667,11.0,4.0,4.0,1.0,
4495,506895,S. Okoro,1409,92,4.083333333333333,0.0,1.0,0.0,0.0,
4488,506895,V. Siegmund,1409,92,31.283333333333335,20.0,12.0,4.0,1.0,
4507,506896,A. Andjelkovic,84,86,16.516666666666666,6.0,4.0,2.0,2.0,
4510,506896,A. Drew Koka,84,86,13.816666666666666,4.0,2.0,2.0,0.0,
4514,506896,D. Cantor,84,86,16.816666666666666,5.0,0.0,3.0,1.0,
4506,506896,D. Jelkic,86,84,7.5,2.0,4.0,1.0,0.0,
4513,506896,E. Jantzen,84,86,20.083333333333332,6.0,4.0,0.0,0.0,
4504,506896,E. Rozmann,86,84,7.45,0.0,1.0,0.0,0.0,
4505,506896,J. Apschner,86,84,27.283333333333335,4.0,6.0,3.0,0.0,
4502,506896,J. Heine,86,84,42.483333333333334,10.0,9.0,7.0,0.0,
4500,506896,L. Simoner,86,84,43.1,29.0,8.0,1.0,1.0,
4503,506896,M. Bubic,86,84,3.2333333333333334,0.0,1.0,0.0,0.0,
4512,506896,N. Bugnyar,84,86,8.616666666666667,3.0,1.0,0.0,1.0,
4508,506896,N. Kuhteubl,84,86,38.233333333333334,9.0,7.0,1.0,1.0,
4515,506896,N. Sacher,84,86,25.283333333333335,7.0,7.0,0.0,0.0,
4511,506896,P. Fister,84,86,12.633333333333333,3.0,4.0,1.0,0.0,
4517,506896,R. Bachmayer,84,86,9.333333333333334,0.0,4.0,0.0,0.0,
4501,506896,S. Ray,86,84,38.18333333333333,14.0,13.0,4.0,1.0,
4499,506896,T. Huber,86,84,42.583333333333336,16.0,5.0,0.0,4.0,
4516,506896,V. Mader,84,86,24.85,3.0,8.0,0.0,1.0,
4509,506896,Y. Grandperret,84,86,38.81666666666667,30.0,3.0,6.0,5.0,
4523,506897,A. Avdic,2527,89,12.533333333333333,7.0,1.0,2.0,1.0,
4527,506897,C. Steinberger,2527,89,15.7,4.0,4.0,4.0,0.0,
4525,506897,E. Brandt,2527,89,7.366666666666666,2.0,2.0,2.0,0.0,
4532,506897,J. Bah,89,2527,30.066666666666666,12.0,1.0,0.0,1.0,
4528,506897,J. Leitner,2527,89,11.816666666666666,2.0,3.0,1.0,0.0,
4530,506897,J. Stockinger,89,2527,34.95,20.0,8.0,1.0,4.0,
4518,506897,J. Winkler,2527,89,27.816666666666666,19.0,9.0,4.0,1.0,
4526,506897,K. Bijor,2527,89,9.283333333333333,8.0,5.0,0.0,0.0,
4535,506897,L. Stickler,89,2527,17.05,2.0,1.0,1.0,0.0,
4536,506897,M. Bah,89,2527,1.8,0.0,0.0,0.0,0.0,
4520,506897,M. Bitkin,2527,89,23.2,17.0,6.0,5.0,3.0,
4524,506897,M. Divoky,2527,89,8.45,3.0,0.0,2.0,1.0,
4521,506897,M. Toth,2527,89,24.05,16.0,5.0,0.0,1.0,
4531,506897,Markelic Mateja,89,2527,12.733333333333333,9.0,2.0,0.0,1.0,
4519,506897,N. Schonerstedt,2527,89,22.516666666666666,11.0,2.0,1.0,0.0,
4533,506897,P. Nemcec,89,2527,13.283333333333333,2.0,3.0,1.0,0.0,
4522,506897,Perkovic Boris,2527,89,24.116666666666667,17.0,3.0,2.0,3.0,
4534,506897,S. Brdak,89,2527,9.933333333333334,0.0,4.0,1.0,0.0,
4529,506897,T. Buchegger,89,2527,33.06666666666667,13.0,3.0,1.0,3.0,
4552,506898,A. Babic,90,3083,11.65,9.0,2.0,1.0,3.0,
4545,506898,A. Dodig,3083,90,13.366666666666667,3.0,2.0,0.0,1.0,
4554,506898,A. Wheeler,90,3083,2.466666666666667,2.0,0.0,0.0,0.0,
4544,506898,B. Jugovic,3083,90,21.833333333333332,5.0,4.0,1.0,0.0,
4548,506898,D. Stanisic,90,3083,32.18333333333333,36.0,2.0,3.0,4.0,
4538,506898,D. Votsch,3083,90,23.766666666666666,6.0,5.0,2.0,0.0,
4553,506898,E. Avdic,90,3083,12.1,2.0,4.0,1.0,0.0,
4539,506898,L. Siegmund,3083,90,27.616666666666667,12.0,4.0,0.0,2.0,
4540,506898,M. Bajramovic,3083,90,22.433333333333334,6.0,5.0,3.0,0.0,
4543,506898,M. Brandstatter,3083,90,14.616666666666667,7.0,1.0,3.0,0.0,
4537,506898,M. Gruber,3083,90,13.8,3.0,1.0,0.0,0.0,
4550,506898,Martincic Nejc,90,3083,30.116666666666667,23.0,1.0,5.0,2.0,
4542,506898,R. Heigl,3083,90,11.616666666666667,2.0,0.0,1.0,0.0,
4546,506898,S. Reif,3083,90,14.433333333333334,3.0,1.0,1.0,1.0,
4547,506898,S. Seher,90,3083,30.9,9.0,3.0,3.0,3.0,
4551,506898,S. Siencnik,90,3083,28.216666666666665,13.0,1.0,3.0,3.0,
4549,506898,V. Dena,90,3083,18.383333333333333,5.0,5.0,0.0,0.0,
4541,506898,Z. Vincze,3083,90,18.6,16.0,4.0,0.0,0.0,
4567,506899,A. Krumpl,2530,91,,0.0,0.0,0.0,0.0,
4562,506899,D. Acheampong,91,2530,16.05,4.0,3.0,3.0,0.0,
4558,506899,D. Kaltenbrunner,91,2530,23.366666666666667,9.0,4.0,1.0,1.0,
4566,506899,F. Dubbert,2530,91,11.45,0.0,0.0,0.0,0.0,
4557,506899,F. Erath,91,2530,14.416666666666666,7.0,1.0,3.0,0.0,
4564,506899,F. Untermoser,2530,91,23.966666666666665,2.0,2.0,0.0,0.0,
4556,506899,L. Erath,91,2530,25.533333333333335,15.0,6.0,5.0,1.0,
4568,506899,L. Wildbahner,2530,91,13.566666666666666,0.0,1.0,0.0,0.0,
4565,506899,M. Bajc,2530,91,27.933333333333334,16.0,0.0,1.0,4.0,
4561,506899,M. Holzer,91,2530,12.05,5.0,4.0,0.0,0.0,
4560,506899,M. Spasojevic,91,2530,23.733333333333334,13.0,4.0,0.0,2.0,
4570,506899,N. Hubmann,2530,91,12.883333333333333,4.0,1.0,0.0,0.0,
4559,506899,N. Toussaint,91,2530,14.483333333333333,13.0,2.0,1.0,2.0,
4563,506899,P. Kowatsch,2530,91,9.333333333333334,7.0,1.0,0.0,1.0,
4555,506899,R. Hupfauf,91,2530,21.45,18.0,4.0,2.0,3.0,
4569,506899,S. Polaning,2530,91,11.116666666666667,0.0,2.0,0.0,0.0,
4583,507057,A. Johnson,1228,1232,21.166666666666668,11.0,2.0,1.0,1.0,
4575,507057,Ballard Antonio,1232,1228,24.35,10.0,7.0,1.0,0.0,
4586,507057,D. Davis,1228,1232,32.016666666666666,12.0,5.0,2.0,2.0,
4587,507057,E. Oudart,1228,1232,28.05,20.0,4.0,0.0,1.0,
4578,507057,F. Ayubu,1232,1228,0.23333333333333334,0.0,0.0,0.0,0.0,
4574,507057,Favre Brendan,1232,1228,28.416666666666668,28.0,1.0,0.0,4.0,
4592,507057,Fritschi Thomas,1228,1232,17.7,2.0,1.0,1.0,0.0,
4577,507057,G. Walther,1232,1228,14.616666666666667,3.0,1.0,3.0,1.0,
4572,507057,K. Tchoua,1232,1228,33.516666666666666,22.0,10.0,2.0,0.0,
4584,507057,L. Aadan Nuux,1228,1232,29.1,24.0,0.0,4.0,4.0,
4571,507057,L. Keredzin,1232,1228,11.833333333333334,5.0,0.0,2.0,1.0,
4580,507057,L. Rietschin,1232,1228,21.5,10.0,7.0,0.0,0.0,
4589,507057,M. Tindom,1228,1232,6.283333333333333,1.0,1.0,1.0,0.0,
4588,507057,M. Urmann,1228,1232,0.23333333333333334,0.0,0.0,0.0,0.0,
4581,507057,Maquiesse Joanis,1232,1228,21.783333333333335,6.0,1.0,6.0,0.0,
4573,507057,Morris Dequan,1232,1228,22.566666666666666,3.0,5.0,2.0,0.0,
4590,507057,N. Rungasamy,1228,1232,21.55,0.0,0.0,3.0,0.0,
4579,507057,P. Fernandez,1232,1228,2.8,5.0,0.0,0.0,1.0,
4576,507057,Pariat Leo,1232,1228,13.566666666666666,2.0,2.0,0.0,0.0,
4591,507057,Pottier Cristian,1228,1232,8.183333333333334,3.0,2.0,0.0,1.0,
4582,507057,S. Bailey,1232,1228,4.583333333333333,0.0,0.0,1.0,0.0,
4585,507057,X. Long,1228,1232,35.483333333333334,7.0,7.0,1.0,0.0,
4606,507058,A. Borel,1234,1236,14.883333333333333,0.0,1.0,2.0,0.0,
4594,507058,A. Broggi,1236,1234,22.7,7.0,4.0,5.0,1.0,
4602,507058,A. Deme,1236,1234,9.433333333333334,2.0,2.0,1.0,0.0,
4598,507058,A. Manzambi,1236,1234,7.516666666666667,3.0,2.0,1.0,0.0,
4596,507058,Bernardinello Kevin,1236,1234,19.8,4.0,3.0,1.0,0.0,
4593,507058,C. Tripp,1236,1234,30.616666666666667,19.0,3.0,5.0,1.0,
4612,507058,Caputo Silmy,1234,1236,21.266666666666666,11.0,4.0,3.0,1.0,
4608,507058,D. Ardouin,1234,1236,6.75,3.0,1.0,0.0,1.0,
4607,507058,D. Vuckovic,1234,1236,26.133333333333333,8.0,6.0,0.0,0.0,
4609,507058,Damjanovic Nikola,1234,1236,30.466666666666665,25.0,1.0,4.0,1.0,
4601,507058,E. Gervasoni,1236,1234,4.516666666666667,1.0,0.0,0.0,0.0,
4599,507058,E. Karabasic,1236,1234,20.083333333333332,4.0,4.0,2.0,0.0,
4600,507058,I. Yorou,1236,1234,2.0,0.0,0.0,0.0,0.0,
4611,507058,J. Argenti,1234,1236,4.516666666666667,5.0,0.0,0.0,1.0,
4610,507058,L. Wyttenbach,1234,1236,4.516666666666667,2.0,0.0,0.0,0.0,
4595,507058,M. Jankovic,1236,1234,25.466666666666665,15.0,4.0,3.0,0.0,
4613,507058,M. Wa-kabeya,1234,1236,13.083333333333334,2.0,2.0,1.0,0.0,
4603,507058,Mladjan Dusan,1236,1234,17.133333333333333,18.0,0.0,0.0,4.0,
4604,507058,Picco Kian,1236,1234,8.516666666666667,4.0,2.0,1.0,0.0,
4615,507058,S. B. Youssef,1234,1236,10.616666666666667,0.0,1.0,1.0,0.0,
4616,507058,S. Joao Caputo,1234,1236,4.516666666666667,0.0,3.0,1.0,0.0,
4614,507058,Sangwa Rodin,1234,1236,25.883333333333333,6.0,2.0,0.0,0.0,
4597,507058,Z. Nutter,1236,1234,28.3,27.0,5.0,2.0,2.0,
4605,507058,Z. Russell,1234,1236,33.46666666666667,12.0,7.0,8.0,0.0,
4623,507059,Anabir Noe,1231,1230,22.033333333333335,7.0,5.0,2.0,1.0,
4620,507059,C. Floyd,1231,1230,33.483333333333334,11.0,4.0,3.0,1.0,
4633,507059,Cotture Arnaud,1230,1231,21.233333333333334,6.0,2.0,1.0,0.0,
4630,507059,Dell&apos;acqua Massimiliano,1230,1231,11.433333333333334,1.0,1.0,0.0,0.0,
4628,507059,I. Le Meut,1230,1231,8.333333333333334,2.0,4.0,0.0,0.0,
4629,507059,J. Brown,1230,1231,16.366666666666667,0.0,3.0,0.0,0.0,
4632,507059,J. Toussaint,1230,1231,27.016666666666666,6.0,3.0,3.0,0.0,
4617,507059,K. Kalu,1231,1230,25.35,4.0,12.0,0.0,0.0,
4622,507059,M. Chabouh,1231,1230,9.066666666666666,0.0,0.0,0.0,0.0,
4631,507059,Martina Kevin,1230,1231,12.9,3.0,3.0,2.0,1.0,
4625,507059,Mbala Boris,1230,1231,27.033333333333335,10.0,4.0,3.0,1.0,
4627,507059,Moerman Adrien,1230,1231,32.7,27.0,11.0,0.0,6.0,
4618,507059,Rocak Toni,1231,1230,26.35,20.0,5.0,2.0,2.0,
4626,507059,S. Bernegger,1230,1231,15.266666666666667,0.0,3.0,4.0,0.0,
4621,507059,Solca Yuri,1231,1230,29.266666666666666,7.0,2.0,1.0,1.0,
4624,507059,T. Johnson,1231,1230,23.816666666666666,19.0,3.0,1.0,0.0,
4619,507059,Williams Isaiah,1231,1230,30.633333333333333,3.0,7.0,2.0,1.0,
4645,507060,A. Minkonda,1237,1233,31.983333333333334,9.0,13.0,3.0,0.0,
4639,507060,Bracelli Andrea,1233,1237,10.7,2.0,0.0,1.0,0.0,
4634,507060,D. Andjelkovic,1233,1237,24.466666666666665,11.0,2.0,0.0,2.0,
4636,507060,Donnelly Andre,1233,1237,33.3,15.0,4.0,3.0,2.0,
4646,507060,E. Elliott,1237,1233,37.733333333333334,24.0,7.0,4.0,2.0,
4648,507060,E. Margot,1237,1233,1.8833333333333333,0.0,0.0,0.0,0.0,
4637,507060,J. Wilson,1233,1237,37.733333333333334,13.0,13.0,2.0,3.0,
4650,507060,M. Aebersold,1237,1233,5.566666666666666,0.0,0.0,1.0,0.0,
4641,507060,M. Bernaschina,1233,1237,15.733333333333333,4.0,4.0,2.0,0.0,
4644,507060,M. Gilyard,1237,1233,38.11666666666667,17.0,8.0,1.0,1.0,
4642,507060,M. Smith,1237,1233,20.716666666666665,2.0,3.0,0.0,0.0,
4640,507060,Montanari Adrian,1233,1237,6.8,0.0,1.0,2.0,0.0,
4638,507060,N. Claerbaut,1233,1237,38.916666666666664,17.0,9.0,2.0,1.0,
4647,507060,N. Stoppiello,1237,1233,21.733333333333334,11.0,4.0,0.0,3.0,
4635,507060,R. Picarelli,1233,1237,32.35,8.0,5.0,5.0,1.0,
4643,507060,Ugurtas Axel,1237,1233,28.85,10.0,5.0,2.0,1.0,
4649,507060,Z. Harvey-Seutcheu,1237,1233,13.416666666666666,4.0,1.0,1.0,0.0,
4663,507061,A. Mausli,5498,1235,21.75,5.0,9.0,0.0,0.0,
4654,507061,Biku Zachary,1235,5498,32.78333333333333,14.0,10.0,2.0,0.0,
4653,507061,Fasnacht Dennis,1235,5498,37.7,11.0,3.0,2.0,1.0,
4657,507061,I. Heuberger,1235,5498,1.3333333333333333,0.0,0.0,0.0,0.0,
4655,507061,J. Kibrom,1235,5498,31.666666666666668,5.0,7.0,2.0,0.0,
4651,507061,J. McManus,1235,5498,31.8,21.0,3.0,2.0,2.0,
4660,507061,M. Bajo,5498,1235,34.983333333333334,12.0,4.0,3.0,1.0,
4652,507061,M. Da Silva,1235,5498,36.25,12.0,6.0,3.0,2.0,
4666,507061,M. Mitrovic,5498,1235,13.2,2.0,3.0,2.0,0.0,
4658,507061,M. Okoyeze,1235,5498,13.383333333333333,11.0,1.0,1.0,3.0,
4665,507061,M. Wachter,5498,1235,19.833333333333332,6.0,2.0,0.0,1.0,
4662,507061,N. Hulliger,5498,1235,26.8,7.0,3.0,0.0,1.0,
4667,507061,S. Vuckovic,5498,1235,0.36666666666666664,0.0,0.0,0.0,0.0,
4659,507061,Schommer Dylan,5498,1235,38.05,17.0,9.0,4.0,0.0,
4664,507061,T. Chokote,5498,1235,6.933333333333334,0.0,1.0,1.0,0.0,
4661,507061,West Nate,5498,1235,38.083333333333336,24.0,5.0,3.0,4.0,
4656,507061,Y. Eyob,1235,5498,15.066666666666666,7.0,2.0,1.0,1.0,
4679,507145,A. Recanati,1245,1788,25.633333333333333,20.0,4.0,1.0,2.0,
4675,507145,A. Salah,1788,1245,3.2,0.0,0.0,0.0,0.0,
4669,507145,A. Wildi,1788,1245,22.65,0.0,2.0,0.0,0.0,
4684,507145,Da Silva Yverline,1245,1788,11.166666666666666,2.0,3.0,0.0,0.0,
4685,507145,De Preux Amelie,1245,1788,19.4,3.0,0.0,1.0,1.0,
4680,507145,E. Bartel,1245,1788,9.816666666666666,0.0,6.0,0.0,0.0,
4668,507145,E. Hoffmann,1788,1245,33.95,7.0,6.0,2.0,0.0,
4671,507145,E. Wiebe,1788,1245,22.933333333333334,11.0,10.0,4.0,0.0,
4686,507145,G. Ikateka Loosa,1245,1788,16.766666666666666,5.0,1.0,0.0,0.0,
4682,507145,L. Burkhalter,1245,1788,20.433333333333334,12.0,2.0,1.0,1.0,
4673,507145,L. Scheller,1788,1245,14.55,6.0,1.0,1.0,2.0,
4672,507145,M. Guthauser,1788,1245,35.31666666666667,9.0,6.0,5.0,1.0,
4681,507145,M. Uro-Nilie,1245,1788,27.216666666666665,15.0,4.0,4.0,3.0,
4677,507145,Margot Laure,1245,1788,32.05,19.0,3.0,0.0,3.0,
4676,507145,N. Hangartner,1788,1245,22.033333333333335,9.0,0.0,0.0,3.0,
4674,507145,R. Merz,1788,1245,22.35,3.0,2.0,2.0,1.0,
4678,507145,Robinson Keira,1245,1788,31.05,15.0,6.0,10.0,0.0,
4683,507145,S. Schellino,1245,1788,5.95,1.0,0.0,1.0,0.0,
4670,507145,V. Kiss,1788,1245,22.233333333333334,15.0,2.0,1.0,0.0,
4699,507146,A. Abdur-Rahim,7977,1246,32.93333333333333,25.0,13.0,2.0,0.0,
4694,507146,B. E. Bekachi,1246,7977,27.516666666666666,11.0,4.0,1.0,2.0,
4695,507146,B. Jackson,7977,1246,36.61666666666667,25.0,4.0,10.0,0.0,
4701,507146,C. Nicolae,7977,1246,6.383333333333334,0.0,1.0,0.0,0.0,
4696,507146,F. Wyss,7977,1246,25.25,0.0,3.0,0.0,0.0,
4689,507146,G. Von Burg,1246,7977,30.266666666666666,11.0,1.0,0.0,1.0,
4690,507146,L. Hauser,1246,7977,22.683333333333334,0.0,0.0,0.0,0.0,
4687,507146,L. Monk,1246,7977,38.1,43.0,14.0,3.0,0.0,
4697,507146,L. Wenger,7977,1246,36.416666666666664,12.0,9.0,7.0,0.0,
4693,507146,M. Gaudry,1246,7977,12.466666666666667,0.0,2.0,1.0,0.0,
4688,507146,M. Mroczek,1246,7977,34.416666666666664,11.0,2.0,3.0,1.0,
4700,507146,M. Renteria,7977,1246,7.15,4.0,0.0,0.0,0.0,
4698,507146,M. Torresin,7977,1246,33.233333333333334,32.0,7.0,5.0,5.0,
4691,507146,M. Vader,1246,7977,16.433333333333334,0.0,4.0,3.0,0.0,
4692,507146,N. Yenoth,1246,7977,18.133333333333333,4.0,4.0,0.0,0.0,
4702,507146,S. Hofer,7977,1246,10.983333333333333,2.0,1.0,0.0,0.0,
4705,507147,A. Mauler,1241,1243,24.5,5.0,4.0,0.0,0.0,
4715,507147,C. A. Walsh,1243,1241,31.6,23.0,10.0,0.0,3.0,
4712,507147,Defosset Wivine,1243,1241,28.516666666666666,12.0,8.0,12.0,2.0,
4713,507147,E. Burdin,1243,1241,27.0,7.0,1.0,1.0,1.0,
4703,507147,E. Miller,1241,1243,37.7,12.0,6.0,3.0,0.0,
4706,507147,I. Tacconi,1241,1243,14.816666666666666,1.0,3.0,0.0,0.0,
4717,507147,K. Burdin,1243,1241,8.216666666666667,0.0,0.0,0.0,0.0,
4709,507147,Krummenacher Jade,1241,1243,16.5,5.0,2.0,0.0,1.0,
4707,507147,L. Melaschenko,1241,1243,33.38333333333333,5.0,2.0,2.0,1.0,
4714,507147,M. Dutruel,1243,1241,25.033333333333335,18.0,4.0,2.0,1.0,
4721,507147,M. Mougnutou,1243,1241,13.333333333333334,6.0,6.0,1.0,0.0,
4711,507147,M. Vincenzi,1243,1241,25.366666666666667,15.0,6.0,3.0,0.0,
4704,507147,N. Constantin,1241,1243,15.2,0.0,0.0,0.0,0.0,
4716,507147,S. Agune,1243,1241,12.0,3.0,0.0,3.0,0.0,
4719,507147,S. Balde,1243,1241,4.2,0.0,1.0,0.0,0.0,
4720,507147,S. Gonin,1243,1241,15.133333333333333,4.0,0.0,1.0,0.0,
4718,507147,S. Nyambwa,1243,1241,9.6,2.0,2.0,0.0,0.0,
4708,507147,T. Freeman,1241,1243,33.95,12.0,5.0,1.0,0.0,
4710,507147,Y. Dihigo Bravo,1241,1243,23.95,10.0,7.0,1.0,0.0,
4726,507148,A. Abdur-Rahim,7977,6046,32.516666666666666,9.0,11.0,2.0,0.0,
4735,507148,A. Soltau,6046,7977,27.816666666666666,21.0,13.0,4.0,1.0,
4740,507148,A. Volk,6046,7977,20.966666666666665,2.0,2.0,2.0,0.0,
4722,507148,B. Jackson,7977,6046,37.68333333333333,10.0,6.0,5.0,0.0,
4733,507148,C. Ferrari,6046,7977,19.85,6.0,2.0,1.0,2.0,
4724,507148,F. Wyss,7977,6046,27.25,6.0,1.0,0.0,2.0,
4739,507148,G. Simeone,6046,7977,12.7,1.0,2.0,1.0,0.0,
4736,507148,K. Bartkowska,6046,7977,22.333333333333332,0.0,2.0,2.0,0.0,
4737,507148,K. Majdandzic,6046,7977,7.733333333333333,4.0,2.0,0.0,0.0,
4729,507148,L. Alushi,7977,6046,5.966666666666667,0.0,0.0,0.0,0.0,
4732,507148,L. Kapinus,6046,7977,28.433333333333334,27.0,14.0,2.0,0.0,
4738,507148,L. Sakotic,6046,7977,5.966666666666667,2.0,2.0,0.0,0.0,
4723,507148,L. Wenger,7977,6046,22.666666666666668,7.0,1.0,1.0,2.0,
4730,507148,M. Katsikaris,7977,6046,20.333333333333332,0.0,2.0,0.0,0.0,
4725,507148,M. Torresin,7977,6046,34.03333333333333,19.0,3.0,2.0,2.0,
4727,507148,R. Avdiu,7977,6046,2.3166666666666664,0.0,0.0,0.0,0.0,
4728,507148,S. Hofer,7977,6046,17.233333333333334,5.0,0.0,0.0,0.0,
4734,507148,S. Hulliger,6046,7977,26.166666666666668,17.0,6.0,2.0,2.0,
4731,507148,S. Vann,6046,7977,28.033333333333335,18.0,8.0,3.0,2.0,
4744,507149,A. Holmberg,1242,1241,27.716666666666665,15.0,9.0,2.0,0.0,
4760,507149,A. Maric,1241,1242,11.016666666666667,1.0,2.0,0.0,0.0,
4754,507149,A. Mauler,1241,1242,29.25,5.0,0.0,1.0,1.0,
4750,507149,C. Martinez,1242,1241,19.2,9.0,6.0,2.0,1.0,
4752,507149,E. Miller,1241,1242,32.166666666666664,7.0,4.0,1.0,1.0,
4749,507149,E. Moix,1242,1241,19.65,4.0,2.0,0.0,0.0,
4741,507149,H. Riddick,1242,1241,27.15,10.0,4.0,1.0,0.0,
4757,507149,I. Tacconi,1241,1242,16.1,2.0,4.0,1.0,0.0,
4758,507149,Krummenacher Jade,1241,1242,11.466666666666667,0.0,3.0,0.0,0.0,
4745,507149,L. Heard,1242,1241,30.283333333333335,23.0,8.0,3.0,0.0,
4756,507149,L. Melaschenko,1241,1242,29.383333333333333,9.0,5.0,3.0,3.0,
4743,507149,L. Popovic,1242,1241,25.966666666666665,10.0,4.0,2.0,3.0,
4751,507149,M. Balunga,1242,1241,11.6,2.0,3.0,3.0,0.0,
4746,507149,M. Benjak,1242,1241,10.95,4.0,2.0,0.0,0.0,
4759,507149,N. Djitik,1241,1242,14.4,0.0,0.0,1.0,0.0,
4748,507149,N. Furrer,1242,1241,1.95,0.0,1.0,0.0,0.0,
4742,507149,S. Martinez,1242,1241,20.766666666666666,11.0,5.0,5.0,2.0,
4747,507149,S. van der Kaaij,1242,1241,4.766666666666667,0.0,0.0,0.0,0.0,
4753,507149,T. Freeman,1241,1242,26.45,14.0,4.0,3.0,0.0,
4755,507149,Y. Dihigo Bravo,1241,1242,29.766666666666666,13.0,7.0,1.0,0.0,
4777,507150,A. Roduit,1244,1243,3.066666666666667,0.0,1.0,0.0,0.0,
4761,507150,C. A. Walsh,1243,1244,30.55,26.0,11.0,3.0,1.0,
4778,507150,C. Burri,1244,1243,7.45,0.0,0.0,1.0,0.0,
4774,507150,C. De Preux,1244,1243,23.916666666666668,4.0,2.0,1.0,0.0,
4762,507150,Defosset Wivine,1243,1244,30.783333333333335,17.0,8.0,13.0,2.0,
4764,507150,E. Burdin,1243,1244,16.083333333333332,5.0,1.0,1.0,1.0,
4766,507150,K. Burdin,1243,1244,14.3,8.0,3.0,2.0,2.0,
4775,507150,K. Lavelle,1244,1243,38.38333333333333,32.0,10.0,0.0,3.0,
4772,507150,L. Forsyth,1244,1243,36.916666666666664,20.0,15.0,4.0,1.0,
4779,507150,L. Prada,1244,1243,7.416666666666667,3.0,1.0,0.0,0.0,
4765,507150,M. Dutruel,1243,1244,27.183333333333334,18.0,8.0,3.0,0.0,
4771,507150,M. Mougnutou,1243,1244,18.633333333333333,0.0,4.0,2.0,0.0,
4776,507150,M. St. John,1244,1243,32.05,8.0,4.0,8.0,0.0,
4763,507150,M. Vincenzi,1243,1244,26.0,16.0,4.0,5.0,0.0,
4769,507150,S. Agune,1243,1244,13.1,3.0,3.0,1.0,1.0,
4768,507150,S. Balde,1243,1244,3.7333333333333334,0.0,1.0,1.0,0.0,
4770,507150,S. Gonin,1243,1244,13.2,7.0,2.0,1.0,1.0,
4767,507150,S. Nyambwa,1243,1244,6.433333333333334,2.0,2.0,0.0,0.0,
4780,507150,T. Corthay,1244,1243,20.65,5.0,2.0,2.0,0.0,
4773,507150,V. Bruchez,1244,1243,30.15,9.0,2.0,2.0,3.0,
4795,507151,A. Brenna,1246,1245,27.916666666666668,8.0,3.0,0.0,1.0,
4783,507151,A. Recanati,1245,1246,20.0,13.0,3.0,5.0,2.0,
4796,507151,B. E. Bekachi,1246,1245,17.383333333333333,1.0,1.0,0.0,0.0,
4790,507151,Da Silva Yverline,1245,1246,15.7,4.0,9.0,0.0,0.0,
4784,507151,De Preux Amelie,1245,1246,24.95,10.0,5.0,2.0,2.0,
4787,507151,E. Bartel,1245,1246,24.733333333333334,25.0,15.0,3.0,0.0,
4789,507151,G. Ikateka Loosa,1245,1246,18.433333333333334,11.0,2.0,0.0,1.0,
4798,507151,G. Von Burg,1246,1245,20.45,4.0,0.0,0.0,0.0,
4782,507151,L. Burkhalter,1245,1246,21.566666666666666,7.0,4.0,3.0,0.0,
4793,507151,L. Hauser,1246,1245,12.45,3.0,0.0,1.0,1.0,
4791,507151,L. Monk,1246,1245,12.65,14.0,3.0,1.0,0.0,
4792,507151,M. Mroczek,1246,1245,29.833333333333332,9.0,3.0,1.0,1.0,
4785,507151,M. Uro-Nilie,1245,1246,16.3,15.0,3.0,4.0,3.0,
4794,507151,M. Vader,1246,1245,31.5,2.0,9.0,0.0,0.0,
4786,507151,Margot Laure,1245,1246,27.3,10.0,10.0,10.0,2.0,
4797,507151,N. Ebassi,1246,1245,10.033333333333333,0.0,2.0,0.0,0.0,
4799,507151,N. Yenoth,1246,1245,19.333333333333332,0.0,1.0,2.0,0.0,
4781,507151,Robinson Keira,1245,1246,16.916666666666668,11.0,7.0,2.0,1.0,
4788,507151,S. Schellino,1245,1246,14.1,4.0,1.0,0.0,0.0,
4810,507506,B. Wisne,1131,1125,22.466666666666665,5.0,6.0,1.0,0.0,
4800,507506,Barro Mouhamed,1131,1125,17.65,4.0,6.0,1.0,0.0,
4811,507506,Barro Serigne,1125,1131,20.583333333333332,2.0,1.0,0.0,0.0,
4801,507506,Brnovic Danilo,1131,1125,21.583333333333332,5.0,1.0,1.0,1.0,
4812,507506,Costa Martinez Lluis,1125,1131,25.533333333333335,10.0,5.0,3.0,0.0,
4806,507506,D. Diarra,1131,1125,1.2833333333333332,0.0,0.0,0.0,0.0,
4808,507506,D. Shelist,1131,1125,25.1,9.0,3.0,1.0,1.0,
4802,507506,F. Nwaokorie,1131,1125,23.5,0.0,5.0,0.0,0.0,
4809,507506,F. Terins,1131,1125,10.8,2.0,3.0,2.0,0.0,
4807,507506,Hollanders Sander,1131,1125,19.966666666666665,10.0,2.0,0.0,2.0,
4805,507506,J. Arias Gonzalez,1131,1125,8.383333333333333,0.0,4.0,0.0,0.0,
4813,507506,Kamba Mathieu,1125,1131,28.583333333333332,5.0,3.0,2.0,0.0,
4816,507506,Kljajic Jovan,1125,1131,27.766666666666666,19.0,2.0,2.0,2.0,
4814,507506,McGrew Tanner,1125,1131,30.733333333333334,13.0,9.0,3.0,4.0,
4803,507506,P. Smith,1131,1125,30.666666666666668,15.0,4.0,7.0,2.0,
4815,507506,Parham Greg,1125,1131,28.466666666666665,21.0,4.0,1.0,3.0,
4817,507506,S. Niang,1125,1131,0.6166666666666667,0.0,0.0,0.0,0.0,
4818,507506,Thiam Abdou,1125,1131,16.483333333333334,5.0,2.0,0.0,0.0,
4819,507506,Tomas Pere,1125,1131,9.033333333333333,0.0,0.0,0.0,0.0,
4820,507506,Van Vliet Andy,1125,1131,12.2,2.0,2.0,0.0,0.0,
4804,507506,Z. Williams,1131,1125,19.833333333333332,17.0,5.0,1.0,2.0,
4824,507511,C. Leveque,6040,1118,25.483333333333334,17.0,11.0,2.0,0.0,
4836,507511,D. Manchon,1118,6040,16.916666666666668,7.0,0.0,4.0,1.0,
4826,507511,Figueras Pol,6040,1118,17.8,0.0,3.0,1.0,0.0,
4830,507511,G. Korsantia,1118,6040,17.466666666666665,6.0,7.0,1.0,0.0,
4840,507511,Gill Romaro,1118,6040,12.566666666666666,8.0,6.0,0.0,0.0,
4822,507511,H. Atencia,6040,1118,30.616666666666667,19.0,1.0,3.0,4.0,
4827,507511,I. Ordonez,6040,1118,11.45,0.0,1.0,2.0,0.0,
4821,507511,K. Greeley,6040,1118,31.583333333333332,16.0,2.0,0.0,1.0,
4828,507511,Kejval Adam,6040,1118,12.4,6.0,3.0,0.0,0.0,
4823,507511,M. Marti,6040,1118,17.066666666666666,2.0,2.0,1.0,0.0,
4838,507511,M. Paltarak,1118,6040,7.733333333333333,1.0,3.0,0.0,0.0,
4839,507511,M. Torres,1118,6040,16.816666666666666,10.0,1.0,1.0,2.0,
4829,507511,P. Haaland,6040,1118,13.6,2.0,1.0,1.0,0.0,
4837,507511,Palsson Kristinn,1118,6040,17.033333333333335,3.0,2.0,2.0,0.0,
4835,507511,Parrado Arnau,1118,6040,19.666666666666668,6.0,4.0,2.0,0.0,
4833,507511,R. Lisboa,1118,6040,23.183333333333334,18.0,6.0,1.0,3.0,
4825,507511,Sola Adams,6040,1118,40.0,2.0,7.0,1.0,0.0,
4832,507511,T. Choh,1118,6040,22.1,4.0,4.0,1.0,0.0,
4834,507511,Teague MaCio,1118,6040,23.95,7.0,0.0,2.0,1.0,
4831,507511,W. Dreamer,1118,6040,22.566666666666666,11.0,1.0,1.0,3.0,
4849,507512,B. Vazquez,1124,1130,18.783333333333335,8.0,6.0,2.0,0.0,
4843,507512,C. Falcoz,1124,1130,26.016666666666666,14.0,2.0,3.0,1.0,
4847,507512,Capalbo Lucas,1124,1130,16.216666666666665,14.0,1.0,4.0,1.0,
4860,507512,D. Saraiva,1130,1124,14.233333333333333,8.0,3.0,0.0,2.0,
4848,507512,Domenech Adria,1124,1130,13.3,0.0,0.0,0.0,0.0,
4859,507512,E. Pinedo,1130,1124,13.183333333333334,1.0,2.0,0.0,0.0,
4842,507512,G. Maiza,1124,1130,24.7,10.0,2.0,2.0,2.0,
4857,507512,Garcia Marc,1130,1124,5.833333333333333,0.0,0.0,0.0,0.0,
4850,507512,J. Paukste,1124,1130,13.583333333333334,4.0,2.0,1.0,0.0,
4854,507512,J. Zidek,1130,1124,16.9,17.0,1.0,1.0,1.0,
4855,507512,Leimanis Toms,1130,1124,29.1,9.0,1.0,2.0,1.0,
4852,507512,M. Fernandez,1130,1124,27.166666666666668,20.0,3.0,0.0,2.0,
4861,507512,M. Iglesias,1130,1124,11.316666666666666,6.0,3.0,0.0,0.0,
4845,507512,M. Van Komen,1124,1130,15.3,4.0,4.0,0.0,0.0,
4853,507512,McDonnel Sean,1130,1124,30.616666666666667,9.0,8.0,2.0,1.0,
4841,507512,O. Hanzlik,1124,1130,28.0,23.0,5.0,3.0,5.0,
4844,507512,O. Lo Kabir,1124,1130,30.5,9.0,6.0,4.0,0.0,
4851,507512,Oroz Xabier,1130,1124,23.833333333333332,4.0,6.0,5.0,0.0,
4856,507512,Rodriguez Sergio,1130,1124,7.816666666666666,0.0,1.0,0.0,0.0,
4858,507512,Russell Oluwasesan,1130,1124,20.0,16.0,2.0,1.0,2.0,
4846,507512,Sturup Mads,1124,1130,13.6,0.0,1.0,1.0,0.0,
4865,507513,A. Moncanut,1128,1142,24.466666666666665,4.0,2.0,3.0,0.0,
4872,507513,A. Scariolo,1128,1142,10.683333333333334,0.0,0.0,1.0,0.0,
4878,507513,D. Alderete,1142,1128,18.116666666666667,7.0,12.0,0.0,0.0,
4879,507513,Ferrando Guillem,1142,1128,18.616666666666667,3.0,1.0,2.0,1.0,
4868,507513,H. Ferreira,1128,1142,15.7,3.0,3.0,2.0,0.0,
4863,507513,Huguet Sergi,1128,1142,19.616666666666667,0.0,3.0,2.0,0.0,
4880,507513,K. S. Jenkins,1142,1128,20.1,12.0,3.0,3.0,1.0,
4870,507513,Kande Garmine,1128,1142,19.933333333333334,9.0,8.0,0.0,0.0,
4867,507513,L. Ameen,1128,1142,24.133333333333333,26.0,2.0,1.0,5.0,
4873,507513,Lapornik Miha,1142,1128,24.9,13.0,1.0,3.0,1.0,
4864,507513,Lobo Jaume,1128,1142,25.7,17.0,1.0,1.0,3.0,
4874,507513,Martinez Diaz German,1142,1128,19.9,6.0,3.0,2.0,2.0,
4871,507513,Matulionis Osvaldas,1128,1142,23.05,4.0,5.0,3.0,0.0,
4881,507513,Menendez Javier,1142,1128,5.333333333333333,0.0,0.0,1.0,0.0,
4882,507513,Murphy Alex,1142,1128,6.133333333333334,4.0,1.0,0.0,0.0,
4875,507513,Nwogbo Lotanna,1142,1128,15.25,8.0,7.0,1.0,0.0,
4862,507513,O. Cerda,1128,1142,5.066666666666666,1.0,1.0,0.0,0.0,
4883,507513,Ostojic Danilo,1142,1128,18.1,9.0,5.0,1.0,0.0,
4884,507513,R. Seoane,1142,1128,14.083333333333334,3.0,3.0,3.0,1.0,
4876,507513,Rodriguez Samuel,1142,1128,18.083333333333332,8.0,3.0,0.0,1.0,
4869,507513,S. Jackson,1128,1142,15.0,8.0,3.0,0.0,0.0,
4866,507513,Simeunovic Djordje,1128,1142,16.65,4.0,6.0,2.0,0.0,
4877,507513,Wintering Alec,1142,1128,21.383333333333333,15.0,2.0,6.0,1.0,
4894,508212,A. Simioni,5009,6499,2.3333333333333335,0.0,0.0,0.0,0.0,
4887,508212,C. Demps,5009,6499,6.05,0.0,0.0,3.0,0.0,
4902,508212,Della Rosa Gianluca,6499,5009,5.25,1.0,1.0,1.0,0.0,
4885,508212,Denegri Davide,5009,6499,7.016666666666667,6.0,0.0,1.0,0.0,
4895,508212,Francis Blake,6499,5009,8.983333333333333,4.0,1.0,3.0,0.0,
4901,508212,G. Dell'agnello,6499,5009,4.75,3.0,0.0,0.0,0.0,
4892,508212,G. Leardini,5009,6499,3.45,2.0,1.0,0.0,0.0,
4888,508212,G. Tomassini,5009,6499,4.283333333333333,2.0,0.0,0.0,0.0,
4903,508212,L. Campogrande,6499,5009,1.2333333333333334,0.0,0.0,0.0,0.0,
4904,508212,L. Fresno,6499,5009,0.35,0.0,0.0,0.0,0.0,
4893,508212,M. Lenci,5009,6499,3.4333333333333336,0.0,1.0,0.0,0.0,
4897,508212,M. Mollura,6499,5009,8.75,0.0,1.0,0.0,0.0,
4896,508212,M. Palumbo,6499,5009,5.383333333333334,2.0,0.0,1.0,0.0,
4899,508212,M. Serpilli,6499,5009,5.233333333333333,0.0,1.0,1.0,0.0,
4900,508212,Owens Tariq,6499,5009,7.016666666666667,11.0,2.0,0.0,1.0,
4890,508212,P. Marini,5009,6499,6.533333333333333,5.0,0.0,1.0,1.0,
4889,508212,S. Bartoli,5009,6499,2.966666666666667,0.0,0.0,0.0,0.0,
4891,508212,Stephens Deshawn,5009,6499,6.833333333333333,0.0,2.0,0.0,0.0,
4886,508212,Udom Mattia,5009,6499,7.016666666666667,8.0,1.0,1.0,2.0,
4898,508212,Zerini Andrea,6499,5009,2.966666666666667,2.0,2.0,0.0,0.0,
4906,508213,A. Boglio,6044,6158,30.633333333333333,18.0,0.0,4.0,3.0,
4911,508213,C. Atamah,6044,6158,12.1,2.0,1.0,0.0,0.0,
4909,508213,D. Freeman,6044,6158,27.9,15.0,7.0,2.0,0.0,
4918,508213,D. Green,6158,6044,25.066666666666666,23.0,3.0,3.0,3.0,
4919,508213,E. Rota,6158,6044,26.733333333333334,3.0,6.0,6.0,1.0,
4908,508213,E. Tiberti,6044,6158,12.583333333333334,0.0,0.0,0.0,0.0,
4914,508213,F. Reggiani,6044,6158,18.166666666666668,4.0,4.0,0.0,1.0,
4924,508213,F. Sow,6158,6044,10.983333333333333,5.0,3.0,1.0,0.0,
4912,508213,Fantoma Nicola,6044,6158,16.316666666666666,4.0,3.0,2.0,1.0,
4920,508213,G. Severini,6158,6044,20.466666666666665,8.0,4.0,1.0,2.0,
4923,508213,H. S. Deme E.,6158,6044,14.516666666666667,4.0,0.0,1.0,0.0,
4905,508213,I. Brickner,6044,6158,32.68333333333333,13.0,2.0,2.0,0.0,
4922,508213,L. Piccin,6158,6044,22.116666666666667,5.0,1.0,1.0,1.0,
4917,508213,M. Imbro,6158,6044,24.9,10.0,5.0,0.0,2.0,
4916,508213,M. Obljubech,6158,6044,1.1666666666666667,0.0,0.0,0.0,0.0,
4907,508213,N. Gajic,6044,6158,23.2,0.0,4.0,0.0,0.0,
4913,508213,R. Crestan,6044,6158,10.566666666666666,3.0,1.0,2.0,1.0,
4921,508213,V. Bartoli,6158,6044,28.316666666666666,12.0,7.0,1.0,0.0,
4910,508213,V. Cucchiaro,6044,6158,14.683333333333334,5.0,2.0,6.0,1.0,
4915,508213,White Romello,6158,6044,25.483333333333334,12.0,10.0,2.0,0.0,
4936,508214,A. Bargnesi,7914,726,5.366666666666666,5.0,0.0,0.0,1.0,
4931,508214,A. Grande,726,7914,6.933333333333334,5.0,1.0,2.0,1.0,
4928,508214,B. Nze,726,7914,3.783333333333333,4.0,1.0,0.0,0.0,
4930,508214,D. Monaldi,726,7914,8.216666666666667,0.0,2.0,1.0,0.0,
4938,508214,F. Burini,7914,726,4.633333333333333,0.0,0.0,0.0,0.0,
4939,508214,F. Pellegrino,7914,726,6.216666666666667,0.0,2.0,1.0,0.0,
4932,508214,I. Lupusor,7914,726,7.0,2.0,1.0,0.0,0.0,
4937,508214,J. Harris,7914,726,7.633333333333333,6.0,2.0,2.0,0.0,
4940,508214,K. Strautmanis,7914,726,1.4166666666666667,2.0,1.0,0.0,0.0,
4935,508214,L. D'Alessandro,7914,726,2.3666666666666667,3.0,0.0,1.0,1.0,
4934,508214,M. Acunzo,7914,726,5.366666666666666,5.0,1.0,0.0,1.0,
4933,508214,M. Barnett,7914,726,10.0,5.0,1.0,1.0,1.0,
4925,508214,N. Nobili,726,7914,7.416666666666667,0.0,0.0,0.0,0.0,
4926,508214,Riismaa Joonas,726,7914,8.166666666666666,0.0,0.0,0.0,0.0,
4927,508214,S. Aromando,726,7914,8.8,7.0,1.0,0.0,2.0,
4929,508214,S. Longo,726,7914,3.066666666666667,0.0,1.0,1.0,0.0,
4956,508215,A. Ferrari,5007,7461,5.166666666666667,2.0,1.0,2.0,0.0,
4958,508215,C. Costi,5007,7461,5.416666666666667,0.0,1.0,0.0,0.0,
4945,508215,D. Hogue,7461,5007,4.566666666666666,2.0,0.0,0.0,0.0,
4952,508215,F. Bottelli,5007,7461,6.116666666666666,2.0,0.0,0.0,0.0,
4955,508215,I. Moibo,5007,7461,2.8333333333333335,2.0,0.0,0.0,0.0,
4944,508215,J. Johnson,7461,5007,9.733333333333333,6.0,3.0,1.0,0.0,
4951,508215,L. Redivo,5007,7461,6.9,3.0,2.0,1.0,1.0,
4947,508215,L. Valesin,7461,5007,3.6166666666666667,0.0,0.0,0.0,0.0,
4954,508215,M. Berti,5007,7461,4.316666666666666,4.0,2.0,0.0,0.0,
4941,508215,M. Bogliardi,7461,5007,8.183333333333334,6.0,2.0,0.0,2.0,
4946,508215,M. F. Mbacke,7461,5007,2.6333333333333333,0.0,0.0,0.0,0.0,
4949,508215,P. Lumena,7461,5007,5.016666666666667,0.0,0.0,0.0,0.0,
4943,508215,R. Chinellato,7461,5007,7.1,2.0,2.0,1.0,0.0,
4953,508215,S. Knight,5007,7461,4.066666666666666,4.0,1.0,0.0,0.0,
4948,508215,T. Reale,7461,5007,1.65,0.0,0.0,0.0,0.0,
4950,508215,T. W. Tio,5007,7461,4.566666666666666,0.0,1.0,0.0,0.0,
4942,508215,V. Guaiana,7461,5007,6.166666666666667,3.0,2.0,1.0,1.0,
4957,508215,Vecchiola Thomas,5007,7461,3.6166666666666667,0.0,0.0,0.0,0.0,
4962,508216,A. Josovic,706,5981,8.9,2.0,4.0,0.0,0.0,
4976,508216,A. Piccirilli,5981,706,3.75,0.0,0.0,0.0,0.0,
4971,508216,Conti Luca,5981,706,16.25,0.0,0.0,0.0,0.0,
4967,508216,D. Marcantoni,706,5981,0.0,0.0,0.0,0.0,0.0,
4968,508216,D. Pascolo,706,5981,4.516666666666667,0.0,8.0,0.0,0.0,
4959,508216,F. Mian,706,5981,12.233333333333333,12.0,2.0,0.0,2.0,
4973,508216,G. Tarallo,5981,706,6.583333333333333,0.0,2.0,0.0,0.0,
4961,508216,G. Zanetti,706,5981,8.933333333333334,10.0,2.0,0.0,0.0,
4963,508216,M. Ceccato,706,5981,8.4,3.0,1.0,3.0,1.0,
4977,508216,M. Montano,5981,706,5.483333333333333,0.0,3.0,0.0,0.0,
4972,508216,M. Munari,5981,706,7.9,12.0,2.0,0.0,2.0,
4965,508216,M. Santos-Silva,706,5981,11.066666666666666,12.0,5.0,0.0,0.0,
4964,508216,N. Berdini,706,5981,14.383333333333333,14.0,6.0,7.0,0.0,
4960,508216,Perkovic Toni,706,5981,8.35,15.0,1.0,0.0,5.0,
4966,508216,R. Gaspardo,706,5981,14.35,1.0,2.0,0.0,0.0,
4978,508216,S. Davis,5981,706,18.366666666666667,10.0,5.0,2.0,0.0,
4979,508216,S. Moretti,5981,706,12.783333333333333,6.0,2.0,1.0,0.0,
4969,508216,T. Pinza,706,5981,8.866666666666667,0.0,0.0,3.0,0.0,
4970,508216,Tanfoglio Nicolas,5981,706,11.2,5.0,1.0,0.0,1.0,
4975,508216,Woodson Avery,5981,706,15.416666666666666,27.0,1.0,1.0,3.0,
4974,508216,Y. Giombini,5981,706,2.2666666666666666,0.0,0.0,0.0,0.0,
4988,508217,A. Filloy,724,691,3.7666666666666666,0.0,0.0,2.0,0.0,
4983,508217,Ajayi Josh,724,691,7.85,4.0,2.0,0.0,0.0,
4990,508217,Allen Terry,691,724,9.6,22.0,4.0,2.0,6.0,
4997,508217,Del Chiaro Angelo,691,724,3.6333333333333333,0.0,2.0,0.0,0.0,
4991,508217,F. Massone,691,724,5.633333333333333,4.0,2.0,6.0,0.0,
4986,508217,G. Benetti,724,691,3.7666666666666666,8.0,0.0,0.0,0.0,
4980,508217,L. Bettiol,724,691,7.85,2.0,2.0,0.0,0.0,
4984,508217,L. Pollone,724,691,5.233333333333333,0.0,0.0,0.0,0.0,
4994,508217,M. Ghirlanda,691,724,6.666666666666667,6.0,2.0,0.0,2.0,
4982,508217,M. Schina,724,691,8.133333333333333,10.0,0.0,0.0,0.0,
4985,508217,Mouaha Aristide,724,691,6.383333333333334,10.0,2.0,0.0,2.0,
4996,508217,S. Faloppa,691,724,3.7666666666666666,4.0,0.0,2.0,0.0,
4995,508217,S. Pepe,691,724,9.183333333333334,6.0,4.0,6.0,2.0,
4987,508217,Saccaggi Lorenzo,724,691,3.4833333333333334,0.0,0.0,0.0,0.0,
4992,508217,Scandiuzzi Francesco,691,724,6.233333333333333,8.0,0.0,0.0,0.0,
4998,508217,T. Villar,691,724,5.233333333333333,0.0,0.0,2.0,0.0,
4981,508217,Walker Caleb,724,691,7.85,6.0,0.0,2.0,2.0,
4993,508217,Z. Harvey,691,724,8.133333333333333,10.0,2.0,2.0,2.0,
4989,508217,Zanotti Simone,724,691,3.7666666666666666,0.0,0.0,0.0,0.0,
5012,508218,A. Cicchetti,5008,723,7.233333333333333,4.0,4.0,0.0,0.0,
5009,508218,A. Conti,5008,723,5.05,0.0,2.0,0.0,0.0,
5010,508218,D. Bruttini,5008,723,4.083333333333333,0.0,0.0,0.0,0.0,
5008,508218,E. Reed,5008,723,10.766666666666667,8.0,2.0,4.0,2.0,
4999,508218,G. Stefanini,723,5008,10.15,5.0,0.0,0.0,1.0,
5013,508218,L. Maspero,5008,723,8.866666666666667,0.0,0.0,2.0,0.0,
5003,508218,M. Accorsi,723,5008,8.683333333333334,16.0,2.0,0.0,2.0,
5007,508218,M. Anumba,5008,723,5.566666666666666,4.0,0.0,0.0,0.0,
5011,508218,M. Restelli,5008,723,5.733333333333333,10.0,0.0,0.0,4.0,
5001,508218,Miniotas Regimantas,723,5008,10.05,6.0,2.0,4.0,0.0,
5000,508218,N. De Vico,723,5008,7.216666666666667,4.0,2.0,0.0,0.0,
5005,508218,P. Reginato,723,5008,0.13333333333333333,0.0,0.0,0.0,0.0,
5004,508218,R. Leonardi,723,5008,0.13333333333333333,0.0,0.0,0.0,0.0,
5014,508218,S. Barbante,5008,723,6.533333333333333,4.0,2.0,2.0,0.0,
5002,508218,S. Trucchetti,723,5008,4.916666666666667,0.0,2.0,2.0,0.0,
5015,508218,U. D’Almeida,5008,723,5.6,0.0,2.0,0.0,0.0,
5006,508218,Y. Sissoko,723,5008,4.083333333333333,0.0,4.0,0.0,0.0,
5024,508219,A. Kazadi,7460,6500,2.3833333333333333,0.0,0.0,0.0,0.0,
5022,508219,C. Bechi,7460,6500,16.766666666666666,8.0,2.0,0.0,0.0,
5023,508219,C. Favalessa,7460,6500,,0.0,0.0,0.0,0.0,
5033,508219,Cournooh David Reginald,6500,7460,7.666666666666667,8.0,0.0,0.0,2.0,
5031,508219,F. Gaeta,6500,7460,,0.0,0.0,0.0,0.0,
5029,508219,F. Valentini,6500,7460,9.733333333333333,0.0,1.0,2.0,0.0,
5030,508219,G. Vildera,6500,7460,11.566666666666666,6.0,3.0,0.0,0.0,
5026,508219,Graves Jayvon,6500,7460,15.166666666666666,22.0,10.0,2.0,2.0,
5016,508219,K. Curry,7460,6500,17.966666666666665,13.0,5.0,0.0,1.0,
5019,508219,L. Calbini,7460,6500,12.816666666666666,2.0,2.0,0.0,0.0,
5018,508219,L. Galmarini,7460,6500,18.0,2.0,3.0,0.0,0.0,
5032,508219,L. Penna,6500,7460,21.733333333333334,0.0,6.0,4.0,0.0,
5034,508219,L. Possamai,6500,7460,4.166666666666667,4.0,5.0,0.0,0.0,
5035,508219,L. Tozzi,6500,7460,13.6,10.0,3.0,0.0,0.0,
5020,508219,M. Gherardini,7460,6500,13.883333333333333,2.0,1.0,0.0,0.0,
5027,508219,M. Tiby,6500,7460,10.666666666666666,11.0,3.0,0.0,0.0,
5036,508219,N. Filoni,6500,7460,3.1166666666666667,2.0,0.0,0.0,0.0,
5028,508219,Piccoli Matteo,6500,7460,23.183333333333334,0.0,6.0,1.0,0.0,
5025,508219,R. Salvioni,7460,6500,24.35,0.0,0.0,1.0,0.0,
5017,508219,S. Valsecchi,7460,6500,25.35,0.0,0.0,0.0,0.0,
5021,508219,Varence Hasan,7460,6500,9.95,4.0,7.0,1.0,0.0,
5054,508221,A. Morgillo,715,718,1.6,0.0,0.0,0.0,0.0,
5039,508221,Cinciarini Andrea,718,715,5.8,4.0,1.0,1.0,0.0,
5045,508221,E. Del Cadia,718,715,4.433333333333334,0.0,0.0,1.0,0.0,
5037,508221,E. Esposito,718,715,7.583333333333333,2.0,3.0,0.0,0.0,
5046,508221,G. Miani,718,715,2.4166666666666665,2.0,0.0,0.0,0.0,
5050,508221,Galli Filippo,715,718,6.533333333333333,8.0,4.0,0.0,0.0,
5049,508221,Gentile Alessandro,715,718,10.0,12.0,3.0,2.0,0.0,
5053,508221,Gentile Stefano,715,718,1.0833333333333333,0.0,0.0,0.0,0.0,
5040,508221,L. Caroti,718,715,4.2,3.0,0.0,3.0,1.0,
5041,508221,M. Mastellari,718,715,4.9,12.0,0.0,0.0,2.0,
5048,508221,Morse Anthony,715,718,8.4,3.0,2.0,0.0,0.0,
5051,508221,N. Italiano,715,718,3.466666666666667,12.0,0.0,0.0,1.0,
5044,508221,R. Bolpin,718,715,3.466666666666667,3.0,0.0,0.0,1.0,
5042,508221,Ray Kendrick,718,715,6.533333333333333,5.0,2.0,0.0,1.0,
5052,508221,S. Saccoccia,715,718,2.6333333333333333,0.0,1.0,1.0,0.0,
5043,508221,T. Fantoma,718,715,5.1,0.0,0.0,0.0,0.0,
5047,508221,T. Scott,715,718,8.916666666666666,2.0,0.0,1.0,0.0,
5038,508221,Williams JaCorey,718,715,5.1,4.0,2.0,0.0,0.0,
5062,508612,Ayayi Joel,108,26,16.416666666666668,8.0,2.0,3.0,2.0,
5071,508612,Besson Hugo,26,108,27.616666666666667,16.0,6.0,3.0,2.0,
5069,508612,Bolomboy Joel,26,108,16.25,3.0,5.0,0.0,0.0,
5060,508612,Cavaliere Leopold,108,26,15.066666666666666,4.0,3.0,1.0,0.0,
5068,508612,Crowder Jae,26,108,29.6,11.0,5.0,5.0,1.0,
5066,508612,D. Hommes,108,26,6.216666666666667,0.0,2.0,0.0,0.0,
5063,508612,Dokossi Allan,108,26,21.1,0.0,9.0,3.0,0.0,
5057,508612,Faye Mouhamed,108,26,14.183333333333334,9.0,6.0,0.0,0.0,
5067,508612,Gach Both,26,108,26.3,17.0,5.0,6.0,3.0,
5058,508612,Herrera Sebastian,108,26,16.816666666666666,6.0,1.0,2.0,2.0,
5065,508612,Johnson Alize,108,26,8.0,3.0,2.0,0.0,0.0,
5075,508612,Lighty David,26,108,9.65,2.0,1.0,1.0,0.0,
5072,508612,M. O. Dada Fodzo,26,108,10.133333333333333,0.0,1.0,3.0,0.0,
5074,508612,Massa Bodian,26,108,16.8,4.0,4.0,0.0,0.0,
5073,508612,Mills Patty,26,108,22.633333333333333,21.0,1.0,4.0,3.0,
5064,508612,Morgan Jeremy,108,26,16.133333333333333,0.0,0.0,0.0,0.0,
5056,508612,N. Hifi,108,26,24.666666666666668,30.0,3.0,2.0,4.0,
5076,508612,Pons Yves,26,108,4.783333333333333,0.0,1.0,0.0,0.0,
5077,508612,Sestina Nate,26,108,12.566666666666666,5.0,3.0,1.0,1.0,
5061,508612,T. Etienne,108,26,23.25,27.0,0.0,1.0,6.0,
5059,508612,Tarpey Terry,108,26,16.5,0.0,0.0,1.0,0.0,
5055,508612,Warren TJ,108,26,21.65,9.0,2.0,3.0,1.0,
5070,508612,Waters Tremont,26,108,23.666666666666668,19.0,2.0,3.0,4.0,
5084,508613,A. Bacot,687,722,14.3,5.0,1.0,0.0,1.0,
5097,508613,Bolmaro Leandro,722,687,23.133333333333333,4.0,6.0,3.0,0.0,
5099,508613,Booker Devin,722,687,13.05,7.0,4.0,0.0,0.0,
5078,508613,Brissett Oshae,687,722,24.016666666666666,6.0,3.0,2.0,1.0,
5095,508613,Burnell Jason,722,687,13.083333333333334,6.0,2.0,1.0,2.0,
5096,508613,Cole R.J.,722,687,21.066666666666666,8.0,2.0,1.0,0.0,
5089,508613,Colson Bonzie,687,722,17.216666666666665,13.0,4.0,0.0,1.0,
5098,508613,Guduric Marko,722,687,17.333333333333332,5.0,1.0,2.0,1.0,
5090,508613,Hall Devon,722,687,24.783333333333335,4.0,4.0,9.0,1.0,
5079,508613,Hoard Jaylen,687,722,27.566666666666666,13.0,4.0,4.0,0.0,
5083,508613,J. Clark,687,722,17.733333333333334,9.0,2.0,4.0,1.0,
5086,508613,K. Wallace,687,722,13.616666666666667,6.0,2.0,1.0,0.0,
5087,508613,Leaf T.J.,687,722,5.716666666666667,0.0,1.0,1.0,0.0,
5082,508613,Lundberg Gabriel,687,722,25.633333333333333,8.0,2.0,4.0,2.0,
5081,508613,Madar Yam,687,722,23.016666666666666,17.0,2.0,4.0,2.0,
5094,508613,Mathews Garrison,722,687,18.65,8.0,3.0,2.0,1.0,
5091,508613,Peters Alec,722,687,26.916666666666668,12.0,2.0,2.0,2.0,
5085,508613,Rayman William,687,722,5.483333333333333,0.0,0.0,0.0,0.0,
5080,508613,Sorkin Roman,687,722,11.283333333333333,12.0,1.0,0.0,1.0,
5088,508613,Theis Daniel,687,722,14.416666666666666,8.0,3.0,2.0,0.0,
5093,508613,Thompson Darius,722,687,15.033333333333333,2.0,0.0,2.0,0.0,
5092,508613,Wright Moses,722,687,26.95,23.0,8.0,1.0,0.0,
5106,508614,Badio Brancou,614,1270,19.783333333333335,7.0,2.0,2.0,1.0,
5117,508614,Baldwin Wade,1270,614,25.683333333333334,9.0,3.0,5.0,0.0,
5110,508614,Bonga Isaac,614,1270,21.566666666666666,0.0,1.0,1.0,0.0,
5122,508614,C. Silva,1270,614,6.616666666666667,2.0,3.0,0.0,0.0,
5121,508614,Clyburn Will,1270,614,20.15,6.0,2.0,3.0,2.0,
5111,508614,Fall Moustapha,614,1270,1.5333333333333332,2.0,1.0,0.0,0.0,
5115,508614,Forrest Trent,1270,614,15.5,2.0,2.0,2.0,0.0,
5105,508614,Francisco Sylvain,614,1270,25.783333333333335,17.0,3.0,7.0,2.0,
5104,508614,Grant Jerian,614,1270,11.35,0.0,1.0,4.0,0.0,
5107,508614,Hayes Nigel,614,1270,26.266666666666666,19.0,4.0,0.0,2.0,
5116,508614,Horton-Tucker Talen,1270,614,20.95,9.0,3.0,2.0,0.0,
5120,508614,Juzang Johnny,1270,614,8.466666666666667,10.0,2.0,0.0,2.0,
5103,508614,Kalaitzakis Panagiotis,614,1270,13.016666666666667,0.0,0.0,3.0,0.0,
5113,508614,Key Braxton,1270,614,28.716666666666665,13.0,7.0,2.0,1.0,
5109,508614,Lessort Mathias,614,1270,23.133333333333333,19.0,8.0,1.0,0.0,
5114,508614,M. Bingham,1270,614,16.283333333333335,5.0,2.0,0.0,1.0,
5101,508614,Mantzoukas Lefteris,614,1270,11.316666666666666,2.0,0.0,1.0,0.0,
5118,508614,Melli Nicolo,1270,614,13.25,9.0,2.0,0.0,2.0,
5102,508614,Mitoglou Konstantinos,614,1270,14.716666666666667,8.0,5.0,0.0,0.0,
5108,508614,N. Rogkavopoulos,614,1270,9.733333333333333,10.0,2.0,0.0,1.0,
5119,508614,Sanli Sertac,1270,614,10.25,0.0,2.0,0.0,0.0,
5123,508614,Sargiunas Ignas,1270,614,5.933333333333334,3.0,1.0,1.0,1.0,
5112,508614,Shields Shavon,1270,614,28.2,6.0,4.0,1.0,0.0,
5100,508614,Yabusele Guerschon,614,1270,21.8,8.0,7.0,1.0,1.0,
5146,508615,A. Diarra,732,522,17.116666666666667,6.0,8.0,0.0,0.0,
5138,508615,Alston Jr. Derrick,732,522,21.633333333333333,11.0,2.0,1.0,1.0,
5144,508615,Baldasso Tommaso,732,522,10.583333333333334,5.0,2.0,3.0,1.0,
5130,508615,Beauchamp MarJon,522,732,27.783333333333335,15.0,9.0,3.0,2.0,
5140,508615,Carr Marcus,732,522,23.783333333333335,13.0,1.0,3.0,1.0,
5136,508615,D. Mouhamet,732,522,13.566666666666666,5.0,3.0,1.0,0.0,
5129,508615,Da Silva Oscar,522,732,26.033333333333335,18.0,3.0,0.0,1.0,
5137,508615,Edwards Kessler,732,522,17.966666666666665,5.0,2.0,0.0,1.0,
5142,508615,Frazier Trent,732,522,17.783333333333335,10.0,0.0,2.0,2.0,
5132,508615,Giffey Niels,522,732,5.533333333333333,0.0,0.0,1.0,0.0,
5145,508615,Hackett Daniel,732,522,9.766666666666667,0.0,0.0,0.0,0.0,
5128,508615,Hollatz Justus,522,732,12.35,3.0,0.0,1.0,1.0,
5134,508615,Jessup Justinian,522,732,9.616666666666667,2.0,5.0,1.0,0.0,
5135,508615,Jokubaitis Rokas,522,732,13.616666666666667,8.0,1.0,1.0,2.0,
5147,508615,Klintman Bobi,732,522,23.116666666666667,15.0,2.0,2.0,3.0,
5143,508615,Kokila Kevin,732,522,7.4,0.0,2.0,1.0,0.0,
5124,508615,Lucic Vladimir,522,732,10.866666666666667,0.0,0.0,0.0,0.0,
5139,508615,Moore Wendell,732,522,24.416666666666668,20.0,9.0,0.0,2.0,
5127,508615,Obst Andreas,522,732,26.166666666666668,9.0,2.0,1.0,3.0,
5141,508615,R. Bello,732,522,12.866666666666667,4.0,2.0,2.0,0.0,
5125,508615,Thiemann Johannes,522,732,23.916666666666668,6.0,7.0,2.0,0.0,
5133,508615,Voigtmann Johannes,522,732,2.95,2.0,1.0,0.0,0.0,
5131,508615,Washington Duane,522,732,25.516666666666666,18.0,0.0,5.0,3.0,
5126,508615,Wiley Austin,522,732,15.65,6.0,5.0,2.0,0.0,
5155,508616,A. Cardenas,2341,682,4.483333333333333,0.0,1.0,1.0,0.0,
5167,508616,Blakeney Antonio,682,2341,30.3,30.0,2.0,2.0,8.0,
5152,508616,Brooks Armoni,2341,682,20.483333333333334,9.0,2.0,1.0,1.0,
5161,508616,Bryant Elijah,682,2341,31.45,12.0,9.0,3.0,1.0,
5170,508616,Caboclo Bruno,682,2341,6.416666666666667,0.0,1.0,0.0,0.0,
5157,508616,Corbalan Gonzala,2341,682,13.083333333333334,0.0,2.0,1.0,0.0,
5166,508616,German Eugene,682,2341,3.6333333333333333,0.0,0.0,0.0,0.0,
5163,508616,LeDay Zach,682,2341,17.466666666666665,7.0,5.0,0.0,0.0,
5160,508616,Micic Vasilije,682,2341,19.016666666666666,4.0,0.0,3.0,1.0,
5158,508616,Mirotic Nikola,2341,682,18.466666666666665,9.0,5.0,1.0,0.0,
5156,508616,O. Moore,2341,682,17.85,4.0,4.0,2.0,0.0,
5169,508616,Odiase Tai,682,2341,13.016666666666667,8.0,3.0,0.0,0.0,
5149,508616,Osetkowski Dylan,2341,682,19.916666666666668,10.0,3.0,1.0,3.0,
5162,508616,Oturu Daniel,682,2341,20.566666666666666,6.0,8.0,1.0,0.0,
5153,508616,Puerto Josep,2341,682,13.916666666666666,11.0,2.0,1.0,3.0,
5154,508616,Reuvers Nathan,2341,682,14.7,6.0,3.0,1.0,1.0,
5159,508616,Rivero Jasiel,2341,682,12.766666666666667,10.0,2.0,0.0,0.0,
5150,508616,Sako Neal,2341,682,14.15,2.0,6.0,0.0,0.0,
5164,508616,Satoransky Tomas,682,2341,22.733333333333334,4.0,4.0,9.0,0.0,
5151,508616,Shorts T.J.,2341,682,23.316666666666666,15.0,0.0,7.0,1.0,
5148,508616,Taylor Kameron,2341,682,26.866666666666667,17.0,5.0,1.0,3.0,
5165,508616,Toppin Jacob,682,2341,15.266666666666667,5.0,4.0,1.0,0.0,
5168,508616,Wainright Ishmail,682,2341,20.133333333333333,6.0,2.0,0.0,2.0,
5171,508617,Abalde Alberto,2338,1068,19.933333333333334,5.0,6.0,0.0,1.0,
5187,508617,Allman Kyle,1068,2338,20.133333333333333,6.0,0.0,4.0,1.0,
5178,508617,Campazzo Facundo,2338,1068,19.95,12.0,0.0,3.0,2.0,
5182,508617,E. Thompson,1068,2338,26.55,14.0,8.0,3.0,1.0,
5180,508617,Feliz Andres,2338,1068,18.55,9.0,5.0,3.0,1.0,
5184,508617,Hayes Kevarrius,1068,2338,16.383333333333333,5.0,3.0,0.0,0.0,
5179,508617,Jantunen Mikael,2338,1068,14.333333333333334,2.0,2.0,0.0,0.0,
5191,508617,Jekiri Tonye,1068,2338,20.233333333333334,11.0,2.0,0.0,0.0,
5185,508617,Jones Carlik,1068,2338,29.15,19.0,4.0,5.0,1.0,
5181,508617,Jones Damian,2338,1068,14.583333333333334,7.0,2.0,1.0,1.0,
5190,508617,Lakic Arijan,1068,2338,16.666666666666668,4.0,4.0,0.0,0.0,
5192,508617,Lauvergne Joffrey,1068,2338,3.3833333333333333,2.0,1.0,0.0,0.0,
5176,508617,Luwawu-Cabarrot Timothe,2338,1068,20.066666666666666,7.0,6.0,1.0,1.0,
5174,508617,Maledon Theo,2338,1068,21.733333333333334,13.0,2.0,4.0,0.0,
5189,508617,Nakic Mario,1068,2338,6.1,0.0,0.0,0.0,0.0,
5172,508617,Okeke Chuma,2338,1068,11.883333333333333,6.0,0.0,0.0,2.0,
5186,508617,Pajola Alessandro,1068,2338,19.716666666666665,5.0,7.0,5.0,0.0,
5177,508617,Pradilla Jaime,2338,1068,18.033333333333335,8.0,4.0,1.0,0.0,
5175,508617,Smith Nick,2338,1068,19.766666666666666,9.0,3.0,1.0,1.0,
5193,508617,Sy Bandja,1068,2338,4.65,0.0,0.0,0.0,0.0,
5183,508617,Tanaskovic Nikola,1068,2338,18.683333333333334,8.0,4.0,0.0,0.0,
5173,508617,Tavares Edy,2338,1068,21.166666666666668,8.0,8.0,1.0,0.0,
5188,508617,Vildoza Luca,1068,2338,18.35,2.0,1.0,2.0,0.0,
5194,508618,Bacon Dwayne,6496,1065,30.85,13.0,3.0,4.0,0.0,
5214,508618,Baldwin Patrick,1065,6496,9.65,3.0,2.0,0.0,0.0,
5195,508618,Blossomgame Jaron,6496,1065,17.783333333333335,7.0,4.0,0.0,1.0,
5211,508618,Butler Jared,1065,6496,21.05,11.0,1.0,2.0,2.0,
5208,508618,Carter Tyson,1065,6496,16.883333333333333,4.0,1.0,2.0,0.0,
5200,508618,D. Mintz,6496,1065,9.766666666666667,0.0,1.0,0.0,0.0,
5199,508618,Dangubic Nemanja,6496,1065,5.466666666666667,0.0,0.0,0.0,0.0,
5212,508618,Davidovac Dejan,1065,6496,14.933333333333334,3.0,5.0,0.0,0.0,
5202,508618,Diakite Mamadi,6496,1065,16.483333333333334,7.0,8.0,0.0,1.0,
5213,508618,Dobric Ognjen,1065,6496,5.316666666666666,0.0,2.0,1.0,0.0,
5207,508618,Izundu Ebuka,1065,6496,18.233333333333334,8.0,3.0,0.0,0.0,
5210,508618,Jones Chris,1065,6496,23.1,9.0,4.0,4.0,1.0,
5196,508618,Kabengele Mfiondu,6496,1065,24.883333333333333,8.0,3.0,1.0,0.0,
5201,508618,Kondic Kosta,6496,1065,9.733333333333333,1.0,3.0,0.0,0.0,
5216,508618,Kramer David,1065,6496,11.466666666666667,0.0,2.0,1.0,0.0,
5206,508618,Moneke Chima,1065,6496,15.416666666666666,5.0,3.0,1.0,1.0,
5205,508618,Nwora Jordan,1065,6496,23.216666666666665,20.0,6.0,0.0,3.0,
5215,508618,Ojeleye Semi,1065,6496,21.766666666666666,12.0,7.0,1.0,1.0,
5198,508618,Okobo Elie,6496,1065,28.733333333333334,10.0,3.0,2.0,2.0,
5203,508618,Shengelia Tornike,6496,1065,22.216666666666665,12.0,4.0,0.0,1.0,
5204,508618,Walkup Thomas,6496,1065,14.7,0.0,2.0,3.0,0.0,
5209,508618,Weiler-Babb Nick,1065,6496,18.966666666666665,2.0,2.0,6.0,0.0,
5197,508618,Wright McKinley,6496,1065,19.383333333333333,0.0,1.0,1.0,0.0,
5227,508968,A. Falkowska,7474,1789,40.0,11.0,5.0,1.0,0.0,
5224,508968,A. Glabikowska,1789,7474,14.6,2.0,1.0,0.0,0.0,
5220,508968,A. Krawiec,1789,7474,30.116666666666667,8.0,13.0,3.0,0.0,
5232,508968,A. Prokop,7474,1789,17.016666666666666,6.0,1.0,0.0,2.0,
5217,508968,A. Zmierczak,1789,7474,24.65,11.0,2.0,1.0,1.0,
5233,508968,B. Warsinska,7474,1789,16.65,2.0,3.0,0.0,0.0,
5229,508968,C. Taylor,7474,1789,9.7,10.0,3.0,0.0,0.0,
5221,508968,Furman Wanesa,1789,7474,31.95,19.0,4.0,7.0,2.0,
5226,508968,I. Tripkovic,7474,1789,40.0,24.0,2.0,9.0,2.0,
5231,508968,J. Pawlukiewicz,7474,1789,31.516666666666666,8.0,2.0,1.0,0.0,
5218,508968,K. Bukraba,1789,7474,25.9,17.0,5.0,0.0,0.0,
5230,508968,K. Pilichowska,7474,1789,27.316666666666666,9.0,2.0,1.0,1.0,
5222,508968,K. Zaborska,1789,7474,20.933333333333334,9.0,6.0,3.0,0.0,
5219,508968,M. Wieczynska,1789,7474,23.383333333333333,9.0,2.0,2.0,0.0,
5223,508968,O. Trzymkowska,1789,7474,14.383333333333333,6.0,4.0,1.0,0.0,
5228,508968,P. Domka,7474,1789,16.283333333333335,2.0,6.0,1.0,0.0,
5225,508968,W. Kaczmarek,1789,7474,4.6,0.0,1.0,0.0,0.0,
5234,508968,Z. Stolarz,7474,1789,1.5166666666666666,0.0,0.0,0.0,0.0,
5240,508969,A. Bykowska,928,1640,8.816666666666666,0.0,0.0,0.0,0.0,
5255,508969,A. Morawiec,1640,928,15.85,2.0,0.0,1.0,0.0,
5252,508969,Adamczuk Justyna,1640,928,26.566666666666666,7.0,6.0,3.0,0.0,
5238,508969,E. Jackowska,928,1640,27.933333333333334,0.0,3.0,2.0,0.0,
5236,508969,J. Animam,928,1640,36.21666666666667,15.0,20.0,2.0,0.0,
5250,508969,J. Rice,1640,928,11.75,5.0,6.0,0.0,1.0,
5249,508969,J. Walker,1640,928,22.666666666666668,2.0,1.0,2.0,0.0,
5254,508969,J. Wojtysiak,1640,928,5.2,3.0,0.0,0.0,0.0,
5253,508969,K. Maj,1640,928,2.25,0.0,0.0,0.0,0.0,
5239,508969,L. Grzadziela,928,1640,30.766666666666666,8.0,5.0,3.0,0.0,
5242,508969,M. Olszewska,928,1640,1.1833333333333333,0.0,0.0,0.0,0.0,
5245,508969,M. Zakrzewska,928,1640,2.95,0.0,0.0,1.0,0.0,
5248,508969,Meresz Beatrix,1640,928,28.116666666666667,12.0,6.0,2.0,0.0,
5247,508969,N. Klobukowska,1640,928,25.633333333333333,11.0,2.0,5.0,1.0,
5256,508969,N. Micek,1640,928,5.95,2.0,0.0,0.0,0.0,
5235,508969,Pinzan Elisa,928,1640,37.78333333333333,19.0,3.0,5.0,3.0,
5244,508969,R. Makowska,928,1640,2.216666666666667,0.0,0.0,0.0,0.0,
5241,508969,Smialek Ewelina,928,1640,11.716666666666667,2.0,4.0,0.0,0.0,
5237,508969,T. Scott,928,1640,38.2,29.0,3.0,1.0,3.0,
5251,508969,Vargas Marta,1640,928,25.0,12.0,0.0,1.0,2.0,
5243,508969,Z. Konstanty,928,1640,2.216666666666667,3.0,0.0,0.0,0.0,
5246,508969,Ziemborska Aleksandra,1640,928,31.016666666666666,5.0,2.0,3.0,1.0,
5259,508970,A. Alston,927,3216,19.283333333333335,9.0,3.0,0.0,2.0,
5279,508970,A. Cowels,3216,927,10.283333333333333,2.0,0.0,1.0,0.0,
5278,508970,A. Malawy,3216,927,19.866666666666667,1.0,1.0,0.0,0.0,
5274,508970,A. Pawlikowska,3216,927,9.283333333333333,2.0,1.0,0.0,0.0,
5276,508970,A. Witkowska,3216,927,6.15,3.0,0.0,0.0,0.0,
5258,508970,D. Gaston,927,3216,16.116666666666667,8.0,7.0,0.0,0.0,
5257,508970,Gajda Weronika,927,3216,17.216666666666665,11.0,2.0,2.0,3.0,
5264,508970,I. Jasik,927,3216,7.8,0.0,2.0,0.0,0.0,
5277,508970,J. Zielinska-Obarek,3216,927,11.283333333333333,2.0,1.0,0.0,0.0,
5266,508970,Jeziorna Julia,927,3216,21.3,6.0,2.0,2.0,1.0,
5271,508970,K. Michalek,3216,927,24.283333333333335,1.0,1.0,0.0,0.0,
5269,508970,K. Ozola,3216,927,27.833333333333332,3.0,3.0,0.0,1.0,
5265,508970,Kulinska Zuzanna,927,3216,20.883333333333333,11.0,3.0,3.0,1.0,
5267,508970,M. Gultekin,927,3216,12.233333333333333,7.0,1.0,6.0,1.0,
5268,508970,M. Moore,3216,927,19.35,0.0,2.0,0.0,0.0,
5261,508970,Mielnicka Aleksandra,927,3216,22.066666666666666,8.0,10.0,2.0,0.0,
5270,508970,Moore Kristina,3216,927,19.85,8.0,1.0,0.0,0.0,
5260,508970,N. Rutkowska,927,3216,22.1,13.0,2.0,0.0,0.0,
5263,508970,Strautmane Digna,927,3216,17.116666666666667,1.0,4.0,2.0,0.0,
5273,508970,W. Sobiech,3216,927,19.516666666666666,0.0,1.0,1.0,0.0,
5272,508970,Z. Marczynska,3216,927,27.766666666666666,8.0,10.0,1.0,0.0,
5262,508970,Z. Puc,927,3216,23.883333333333333,9.0,14.0,0.0,0.0,
5275,508970,Z. Szymkiewicz,3216,927,4.533333333333333,0.0,0.0,0.0,0.0,
5284,508971,A. Burzynska,2494,930,20.216666666666665,6.0,2.0,0.0,0.0,
5281,508971,Burse Martha,2494,930,33.6,21.0,3.0,4.0,1.0,
5280,508971,E. Davenport,2494,930,31.55,16.0,12.0,0.0,0.0,
5293,508971,I. Beh,930,2494,33.1,13.0,13.0,0.0,0.0,
5298,508971,J. Wysocka,930,2494,13.7,12.0,1.0,3.0,0.0,
5283,508971,M. Kusiak,2494,930,33.21666666666667,15.0,5.0,5.0,2.0,
5295,508971,M. Stawicka,930,2494,21.466666666666665,4.0,7.0,1.0,0.0,
5289,508971,M. Stepinska,2494,930,5.966666666666667,0.0,0.0,0.0,0.0,
5294,508971,N. Chalupa,930,2494,29.5,5.0,5.0,1.0,0.0,
5287,508971,P. Tomaszkiewicz,2494,930,10.816666666666666,0.0,3.0,2.0,0.0,
5291,508971,Pawlowska Anna,930,2494,30.966666666666665,21.0,5.0,5.0,1.0,
5286,508971,Sosnowska Klaudia,2494,930,14.0,9.0,4.0,0.0,0.0,
5296,508971,Stefanczyk Karolina,930,2494,14.05,6.0,2.0,2.0,0.0,
5292,508971,Svatonova Lucie,930,2494,25.95,4.0,3.0,2.0,0.0,
5282,508971,Vitulova Tereza,2494,930,30.766666666666666,7.0,4.0,4.0,1.0,
5285,508971,W. Weselowska,2494,930,13.016666666666667,6.0,2.0,1.0,0.0,
5288,508971,W. Wiklak,2494,930,6.866666666666667,0.0,2.0,0.0,0.0,
5297,508971,W. Zalewska,930,2494,6.9,0.0,1.0,0.0,0.0,
5290,508971,Zytkowska Alicja,930,2494,24.366666666666667,4.0,4.0,1.0,0.0,
5299,508972,A. Peoples,7473,924,34.9,30.0,5.0,4.0,2.0,
5314,508972,A. Stepien,924,7473,3.7333333333333334,0.0,0.0,0.0,0.0,
5313,508972,A. Wojtala,924,7473,17.65,7.0,8.0,0.0,1.0,
5302,508972,B. Jones,7473,924,33.766666666666666,19.0,3.0,3.0,2.0,
5309,508972,B. Williams,924,7473,30.4,20.0,6.0,4.0,2.0,
5311,508972,C. Reese,924,7473,17.8,20.0,6.0,0.0,0.0,
5301,508972,J. Kosalewicz,7473,924,24.8,8.0,8.0,1.0,0.0,
5303,508972,K. Dzochowska,7473,924,33.4,16.0,2.0,2.0,4.0,
5312,508972,K. Ignerska,924,7473,29.583333333333332,0.0,4.0,2.0,0.0,
5300,508972,L. Stockton,7473,924,35.28333333333333,13.0,6.0,8.0,2.0,
5316,508972,L. Weber,924,7473,10.416666666666666,0.0,4.0,2.0,0.0,
5305,508972,M. Marcinkowska,7473,924,18.333333333333332,10.0,5.0,1.0,1.0,
5304,508972,Puter Bozena,7473,924,12.716666666666667,4.0,0.0,0.0,0.0,
5310,508972,Rembiszewska Amalia,924,7473,29.766666666666666,9.0,4.0,3.0,3.0,
5308,508972,Tadic Matea,924,7473,33.666666666666664,18.0,3.0,8.0,0.0,
5315,508972,Treffers Kourtney,924,7473,26.966666666666665,17.0,8.0,0.0,1.0,
5307,508972,W. Zajac,7473,924,6.6,0.0,0.0,0.0,0.0,
5306,508972,Z. Winkel,7473,924,0.2,0.0,0.0,0.0,0.0,
5333,508973,A. Gilmajster,7550,920,22.933333333333334,4.0,3.0,1.0,0.0,
5330,508973,Batura Nicola,7550,920,20.816666666666666,4.0,2.0,0.0,0.0,
5324,508973,D. Puzio,920,7550,12.133333333333333,3.0,1.0,0.0,1.0,
5317,508973,F. Fitzgerald,920,7550,32.3,10.0,2.0,7.0,0.0,
5322,508973,G. Davis,920,7550,24.05,8.0,16.0,1.0,0.0,
5326,508973,Horvat Chantel,7550,920,39.36666666666667,22.0,9.0,5.0,3.0,
5320,508973,J. Popovic,920,7550,33.766666666666666,20.0,2.0,1.0,3.0,
5323,508973,Jakubiuk Anna,920,7550,28.633333333333333,7.0,2.0,1.0,0.0,
5331,508973,Kuczynska Aleksandra,7550,920,21.116666666666667,3.0,0.0,2.0,1.0,
5332,508973,L. Erikstrup,7550,920,13.666666666666666,8.0,1.0,1.0,2.0,
5321,508973,M. Piasecka,920,7550,19.45,4.0,1.0,2.0,0.0,
5319,508973,Miskiniene Laura,920,7550,21.7,13.0,6.0,2.0,0.0,
5318,508973,Pszczolarska Aleksandra,920,7550,14.516666666666667,3.0,2.0,1.0,1.0,
5329,508973,T. Williams,7550,920,35.483333333333334,21.0,18.0,7.0,0.0,
5328,508973,Turner Yvonne,7550,920,21.916666666666668,2.0,0.0,1.0,0.0,
5325,508973,W. Haegenbarth,920,7550,13.45,3.0,5.0,0.0,0.0,
5327,508973,Zietara Magdalena,7550,920,24.7,5.0,1.0,3.0,1.0,
5343,508974,A. Malawy,3216,920,18.75,3.0,3.0,0.0,1.0,
5339,508974,A. Pawlikowska,3216,920,19.616666666666667,2.0,2.0,1.0,0.0,
5341,508974,A. Witkowska,3216,920,5.283333333333333,4.0,2.0,0.0,0.0,
5351,508974,D. Puzio,920,3216,20.916666666666668,6.0,1.0,2.0,1.0,
5345,508974,F. Fitzgerald,920,3216,20.65,4.0,3.0,4.0,0.0,
5346,508974,G. Davis,920,3216,18.066666666666666,15.0,6.0,2.0,0.0,
5353,508974,I. Wozna,920,3216,7.883333333333333,0.0,0.0,0.0,0.0,
5348,508974,J. Popovic,920,3216,20.133333333333333,3.0,4.0,0.0,1.0,
5342,508974,J. Zielinska-Obarek,3216,920,8.95,0.0,1.0,0.0,0.0,
5356,508974,Jakubiuk Anna,920,3216,16.383333333333333,4.0,3.0,0.0,0.0,
5337,508974,K. Michalek,3216,920,25.933333333333334,3.0,2.0,1.0,1.0,
5334,508974,K. Ozola,3216,920,24.166666666666668,6.0,1.0,0.0,1.0,
5355,508974,M. Glowczak,920,3216,15.983333333333333,3.0,1.0,1.0,0.0,
5335,508974,M. Moore,3216,920,15.0,6.0,2.0,3.0,1.0,
5352,508974,M. Piasecka,920,3216,21.333333333333332,5.0,3.0,2.0,1.0,
5354,508974,M. Troszka,920,3216,5.716666666666667,0.0,1.0,0.0,0.0,
5350,508974,Miskiniene Laura,920,3216,13.366666666666667,10.0,7.0,3.0,0.0,
5336,508974,Moore Kristina,3216,920,25.616666666666667,3.0,3.0,2.0,1.0,
5347,508974,Pszczolarska Aleksandra,920,3216,18.116666666666667,7.0,2.0,0.0,1.0,
5349,508974,W. Haegenbarth,920,3216,21.45,10.0,9.0,1.0,0.0,
5344,508974,W. Sobiech,3216,920,25.133333333333333,8.0,2.0,2.0,2.0,
5338,508974,Z. Marczynska,3216,920,31.016666666666666,2.0,8.0,1.0,0.0,
5340,508974,Z. Szymkiewicz,3216,920,,0.0,0.0,0.0,0.0,
5370,508975,A. Falkowska,7474,7473,25.933333333333334,10.0,7.0,0.0,0.0,
5364,508975,A. Golas,7473,7474,4.683333333333334,0.0,0.0,1.0,0.0,
5357,508975,A. Peoples,7473,7474,27.15,17.0,6.0,3.0,1.0,
5369,508975,A. Prokop,7474,7473,7.116666666666666,0.0,2.0,0.0,0.0,
5360,508975,B. Jones,7473,7474,27.416666666666668,16.0,3.0,6.0,4.0,
5374,508975,B. Warsinska,7474,7473,16.633333333333333,7.0,1.0,1.0,1.0,
5371,508975,C. Taylor,7474,7473,34.1,24.0,13.0,0.0,1.0,
5368,508975,I. Tripkovic,7474,7473,36.56666666666667,11.0,2.0,8.0,3.0,
5359,508975,J. Kosalewicz,7473,7474,25.316666666666666,13.0,13.0,3.0,0.0,
5373,508975,J. Pawlukiewicz,7474,7473,17.4,0.0,0.0,0.0,0.0,
5361,508975,K. Dzochowska,7473,7474,18.383333333333333,19.0,5.0,2.0,3.0,
5377,508975,K. Kalawaj,7474,7473,3.966666666666667,0.0,0.0,0.0,0.0,
5372,508975,K. Pilichowska,7474,7473,20.283333333333335,6.0,1.0,1.0,1.0,
5358,508975,L. Stockton,7473,7474,22.766666666666666,12.0,6.0,5.0,0.0,
5362,508975,M. Marcinkowska,7473,7474,22.9,20.0,6.0,2.0,2.0,
5363,508975,N. Litkowycz,7473,7474,6.35,2.0,1.0,1.0,0.0,
5375,508975,P. Domka,7474,7473,32.88333333333333,11.0,4.0,1.0,2.0,
5367,508975,Puter Bozena,7473,7474,28.033333333333335,9.0,9.0,2.0,0.0,
5366,508975,W. Zajac,7473,7474,5.4,0.0,4.0,0.0,0.0,
5376,508975,Z. Stolarz,7474,7473,5.133333333333334,0.0,2.0,0.0,0.0,
5365,508975,Z. Winkel,7473,7474,11.583333333333334,3.0,0.0,0.0,1.0,
5396,508976,A. Bykowska,928,924,4.533333333333333,3.0,0.0,0.0,1.0,
5379,508976,A. Stepien,924,928,15.616666666666667,5.0,2.0,0.0,1.0,
5384,508976,A. Wojtala,924,928,23.85,2.0,1.0,2.0,0.0,
5381,508976,C. Reese,924,928,23.933333333333334,14.0,8.0,3.0,0.0,
5388,508976,D. Hanczaruk,924,928,0.016666666666666666,0.0,0.0,0.0,0.0,
5392,508976,E. Jackowska,928,924,28.816666666666666,5.0,3.0,2.0,1.0,
5391,508976,J. Animam,928,924,32.85,9.0,20.0,1.0,0.0,
5382,508976,K. Ignerska,924,928,24.766666666666666,3.0,0.0,1.0,1.0,
5394,508976,L. Grzadziela,928,924,40.0,13.0,7.0,2.0,3.0,
5386,508976,L. Weber,924,928,14.716666666666667,0.0,3.0,0.0,0.0,
5399,508976,M. Zakrzewska,928,924,0.016666666666666666,0.0,0.0,0.0,0.0,
5387,508976,N. Pogorzelska,924,928,0.016666666666666666,0.0,0.0,0.0,0.0,
5390,508976,Pinzan Elisa,928,924,38.93333333333333,10.0,3.0,4.0,1.0,
5398,508976,R. Makowska,928,924,1.0666666666666667,0.0,0.0,0.0,0.0,
5380,508976,Rembiszewska Amalia,924,928,29.616666666666667,14.0,2.0,3.0,3.0,
5383,508976,S. Sellers,924,928,17.733333333333334,6.0,4.0,2.0,0.0,
5395,508976,Smialek Ewelina,928,924,13.316666666666666,0.0,1.0,0.0,0.0,
5393,508976,T. Scott,928,924,39.5,14.0,1.0,3.0,1.0,
5378,508976,Tadic Matea,924,928,24.966666666666665,9.0,2.0,11.0,1.0,
5385,508976,Treffers Kourtney,924,928,23.266666666666666,16.0,11.0,0.0,0.0,
5389,508976,W. Marczak,924,928,0.016666666666666666,0.0,0.0,0.0,0.0,
5397,508976,Z. Konstanty,928,924,0.016666666666666666,0.0,0.0,0.0,0.0,
5405,508977,A. Morawiec,1640,927,22.283333333333335,6.0,5.0,1.0,0.0,
5406,508977,Adamczuk Justyna,1640,927,24.85,5.0,4.0,4.0,0.0,
5412,508977,Alston Ameryst,927,1640,33.88333333333333,14.0,2.0,4.0,2.0,
5410,508977,D. Gaston,927,1640,35.266666666666666,19.0,9.0,1.0,0.0,
5411,508977,Gajda Weronika,927,1640,22.6,4.0,1.0,4.0,1.0,
5403,508977,J. Rice,1640,927,15.15,2.0,4.0,0.0,0.0,
5402,508977,J. Walker,1640,927,33.06666666666667,16.0,2.0,3.0,0.0,
5407,508977,J. Wojtysiak,1640,927,0.18333333333333332,0.0,0.0,0.0,0.0,
5418,508977,Jeziorna Julia,927,1640,7.516666666666667,0.0,2.0,0.0,0.0,
5417,508977,Kulinska Zuzanna,927,1640,29.366666666666667,10.0,5.0,2.0,0.0,
5401,508977,Meresz Beatrix,1640,927,21.75,14.0,6.0,3.0,1.0,
5414,508977,Mielnicka Aleksandra,927,1640,26.633333333333333,14.0,6.0,4.0,0.0,
5404,508977,N. Klobukowska,1640,927,19.25,9.0,3.0,1.0,2.0,
5409,508977,N. Micek,1640,927,6.933333333333334,3.0,1.0,0.0,0.0,
5413,508977,N. Rutkowska,927,1640,21.833333333333332,9.0,4.0,1.0,0.0,
5416,508977,Strautmane Digna,927,1640,13.9,2.0,4.0,0.0,0.0,
5408,508977,Vargas Marta,1640,927,20.75,0.0,3.0,1.0,0.0,
5415,508977,Z. Puc,927,1640,9.0,0.0,3.0,2.0,0.0,
5400,508977,Ziemborska Aleksandra,1640,927,35.78333333333333,21.0,2.0,0.0,4.0,
5436,508978,A. Glabikowska,1789,930,14.35,4.0,3.0,0.0,1.0,
5432,508978,A. Krawiec,1789,930,29.916666666666668,14.0,5.0,4.0,0.0,
5421,508978,C. Swartz,930,1789,24.583333333333332,17.0,1.0,0.0,2.0,
5433,508978,Furman Wanesa,1789,930,32.2,20.0,4.0,1.0,3.0,
5422,508978,I. Beh,930,1789,23.916666666666668,16.0,9.0,2.0,2.0,
5428,508978,J. Wysocka,930,1789,21.116666666666667,12.0,6.0,8.0,0.0,
5429,508978,K. Bukraba,1789,930,23.316666666666666,10.0,2.0,3.0,0.0,
5431,508978,K. Zaborska,1789,930,23.75,5.0,4.0,2.0,0.0,
5424,508978,M. Stawicka,930,1789,11.366666666666667,2.0,1.0,1.0,0.0,
5430,508978,M. Wieczynska,1789,930,31.166666666666668,8.0,7.0,0.0,0.0,
5423,508978,N. Chalupa,930,1789,20.516666666666666,5.0,1.0,2.0,0.0,
5435,508978,N. Kobza,1789,930,1.7666666666666666,0.0,0.0,0.0,0.0,
5434,508978,O. Trzymkowska,1789,930,23.633333333333333,2.0,7.0,3.0,0.0,
5419,508978,Pawlowska Anna,930,1789,18.883333333333333,6.0,2.0,6.0,0.0,
5425,508978,Stefanczyk Karolina,930,1789,20.65,11.0,6.0,3.0,3.0,
5420,508978,Svatonova Lucie,930,1789,19.35,9.0,4.0,5.0,1.0,
5437,508978,W. Kaczmarek,1789,930,19.9,0.0,1.0,0.0,0.0,
5427,508978,W. Zalewska,930,1789,16.083333333333332,6.0,3.0,2.0,0.0,
5426,508978,Zytkowska Alicja,930,1789,23.533333333333335,15.0,3.0,2.0,3.0,
5444,508979,A. Gilmajster,7550,923,21.45,8.0,1.0,1.0,2.0,
5442,508979,Batura Nicola,7550,923,12.35,3.0,0.0,0.0,1.0,
5450,508979,C. Hurt,923,7550,27.4,14.0,7.0,2.0,0.0,
5448,508979,E. Ladine,923,7550,21.683333333333334,12.0,8.0,3.0,2.0,
5453,508979,Gertchen Klaudia,923,7550,18.316666666666666,2.0,2.0,3.0,0.0,
5438,508979,Horvat Chantel,7550,923,35.916666666666664,9.0,11.0,0.0,0.0,
5457,508979,Jones Stephanie,923,7550,23.8,10.0,10.0,0.0,0.0,
5443,508979,Kuczynska Aleksandra,7550,923,18.816666666666666,4.0,0.0,1.0,0.0,
5454,508979,Kuczynska Wiktoria Monika,923,7550,1.4833333333333334,0.0,0.0,0.0,0.0,
5446,508979,L. Erikstrup,7550,923,22.716666666666665,7.0,6.0,0.0,1.0,
5455,508979,M. Kloska,923,7550,12.483333333333333,0.0,1.0,1.0,0.0,
5451,508979,Stasiak Wiktoria,923,7550,26.033333333333335,11.0,5.0,3.0,2.0,
5456,508979,Steblecka Weronika,923,7550,1.9166666666666665,0.0,0.0,0.0,0.0,
5452,508979,Szymkiewicz Magdalena,923,7550,15.433333333333334,7.0,2.0,2.0,1.0,
5447,508979,T. Mair,923,7550,24.566666666666666,11.0,2.0,9.0,3.0,
5441,508979,T. Williams,7550,923,32.75,14.0,12.0,2.0,0.0,
5449,508979,Telenga Weronika,923,7550,26.883333333333333,10.0,6.0,1.0,0.0,
5440,508979,Turner Yvonne,7550,923,28.616666666666667,9.0,7.0,2.0,0.0,
5445,508979,W. Gbiorczyk,7550,923,6.2,0.0,2.0,0.0,0.0,
5439,508979,Zietara Magdalena,7550,923,21.183333333333334,3.0,3.0,1.0,0.0,
5473,509307,Amaize Robin,561,529,14.483333333333333,10.0,3.0,0.0,1.0,
5477,509307,B. Leuchten,561,529,10.9,4.0,5.0,0.0,0.0,
5460,509307,Breunig Martin,529,561,22.716666666666665,7.0,6.0,1.0,0.0,
5470,509307,Copeland Zach,561,529,20.45,16.0,7.0,6.0,1.0,
5468,509307,Crockett Taronte,561,529,28.916666666666668,12.0,5.0,2.0,0.0,
5463,509307,Kangudia Mathys,529,561,22.266666666666666,14.0,0.0,4.0,2.0,
5472,509307,Klassen Owen James,561,529,28.516666666666666,11.0,9.0,3.0,0.0,
5469,509307,Konontsuk Artur,561,529,19.733333333333334,10.0,3.0,1.0,2.0,
5474,509307,Lansdowne DeAndre,561,529,19.083333333333332,7.0,5.0,1.0,1.0,
5471,509307,Lockhart Dominic,561,529,11.633333333333333,2.0,3.0,1.0,0.0,
5458,509307,Muenkat David,529,561,29.433333333333334,8.0,11.0,1.0,1.0,
5465,509307,N. Pavrette,529,561,11.216666666666667,5.0,2.0,0.0,0.0,
5467,509307,N. Thomasson,529,561,19.05,3.0,1.0,1.0,0.0,
5459,509307,Ogbe Kenneth,529,561,28.483333333333334,16.0,3.0,1.0,3.0,
5462,509307,Rich Osaro,529,561,25.45,9.0,2.0,1.0,3.0,
5466,509307,S. Theis,529,561,7.533333333333333,8.0,1.0,0.0,2.0,
5475,509307,Stove Jonathan,561,529,27.866666666666667,15.0,6.0,3.0,2.0,
5464,509307,Wade Trey,529,561,11.883333333333333,2.0,2.0,0.0,0.0,
5476,509307,Withers Todd,561,529,18.416666666666668,4.0,2.0,1.0,0.0,
5461,509307,Z. Zeigler,529,561,21.55,12.0,1.0,6.0,1.0,
5479,509308,B. Angel,519,520,25.15,15.0,3.0,0.0,1.0,
5494,509308,B. Terry,520,519,2.4333333333333336,2.0,1.0,0.0,0.0,
5493,509308,Bahre Jonathan,520,519,14.366666666666667,4.0,4.0,0.0,0.0,
5497,509308,Balint Richard,520,519,19.95,14.0,3.0,3.0,4.0,
5486,509308,Bean Justin,519,520,25.566666666666666,5.0,4.0,1.0,1.0,
5485,509308,Bennefeld Nevio,519,520,12.966666666666667,8.0,4.0,0.0,0.0,
5487,509308,Bohmer Julius,519,520,7.233333333333333,2.0,0.0,2.0,0.0,
5483,509308,Delow Malte,519,520,23.933333333333334,9.0,4.0,3.0,3.0,
5484,509308,Ford Jordan,519,520,18.766666666666666,10.0,0.0,4.0,1.0,
5478,509308,Griesel Sam,519,520,14.183333333333334,2.0,2.0,2.0,0.0,
5491,509308,H. Ward,520,519,8.616666666666667,0.0,2.0,0.0,0.0,
5498,509308,J. Obiesie,520,519,13.583333333333334,5.0,3.0,1.0,1.0,
5480,509308,J. Wieskamp,519,520,28.233333333333334,16.0,2.0,0.0,3.0,
5489,509308,J. Wright,520,519,25.85,23.0,7.0,2.0,5.0,
5481,509308,Kayil Jack,519,520,26.3,16.0,3.0,3.0,2.0,
5496,509308,Keppeler Daniel,520,519,25.55,11.0,5.0,1.0,0.0,
5490,509308,L. Jones,520,519,22.183333333333334,7.0,1.0,3.0,0.0,
5495,509308,M. Wilson,520,519,21.9,10.0,4.0,5.0,0.0,
5482,509308,Mattisseck Jonas,519,520,17.666666666666668,0.0,2.0,4.0,0.0,
5488,509308,T. Scott,520,519,29.033333333333335,16.0,4.0,4.0,2.0,
5492,509308,Y. Hochstader,520,519,16.533333333333335,6.0,2.0,0.0,2.0,
5514,509309,A. Atamna,533,2263,25.233333333333334,12.0,4.0,1.0,2.0,
5518,509309,A. Traore,533,2263,26.433333333333334,10.0,7.0,3.0,0.0,
5501,509309,B. Simanic,2263,533,25.116666666666667,5.0,7.0,3.0,1.0,
5504,509309,Clyburn Kris,2263,533,13.033333333333333,3.0,5.0,0.0,0.0,
5503,509309,D. Hunt,2263,533,31.45,15.0,1.0,6.0,1.0,
5509,509309,G. De Oliveira,2263,533,5.883333333333333,3.0,1.0,0.0,0.0,
5502,509309,Gaines Anthony,2263,533,28.633333333333333,10.0,9.0,2.0,0.0,
5515,509309,Heckel Marvin,533,2263,8.083333333333334,0.0,0.0,1.0,0.0,
5513,509309,I. Watson-Boye,533,2263,33.06666666666667,7.0,2.0,2.0,1.0,
5511,509309,J. Sims,533,2263,19.683333333333334,15.0,2.0,1.0,1.0,
5516,509309,M. Faye,533,2263,23.033333333333335,8.0,2.0,3.0,1.0,
5505,509309,M. Kostja,2263,533,13.566666666666666,1.0,1.0,4.0,0.0,
5512,509309,M. Rataj,533,2263,25.916666666666668,15.0,7.0,0.0,0.0,
5506,509309,Nikic Kresimir,2263,533,2.8166666666666664,0.0,0.0,0.0,0.0,
5510,509309,O. Shittu,533,2263,20.283333333333335,2.0,4.0,0.0,0.0,
5499,509309,Planinic Jure,2263,533,29.55,16.0,11.0,2.0,0.0,
5507,509309,Radojicic Vuk,2263,533,7.85,3.0,0.0,2.0,1.0,
5500,509309,Reaves Spencer,2263,533,24.933333333333334,19.0,3.0,4.0,5.0,
5517,509309,Schmidt Devin,533,2263,14.65,3.0,0.0,1.0,1.0,
5508,509309,Welp Collin,2263,533,16.633333333333333,14.0,4.0,1.0,4.0,
5524,509310,Baldwin Kamar,522,532,12.65,2.0,3.0,3.0,0.0,
5523,509310,Da Silva Oscar,522,532,25.9,17.0,7.0,2.0,0.0,
5534,509310,Ensminger Zachary,532,522,31.783333333333335,16.0,3.0,2.0,4.0,
5530,509310,Giffey Niels,522,532,22.033333333333335,10.0,0.0,0.0,2.0,
5536,509310,Hinrichs Seth,532,522,16.2,5.0,3.0,2.0,1.0,
5520,509310,Hollatz Justus,522,532,16.266666666666666,5.0,1.0,3.0,0.0,
5533,509310,J. Roach,532,522,31.333333333333332,13.0,0.0,2.0,1.0,
5528,509310,Jensen Tobias Brahe,522,532,14.733333333333333,6.0,2.0,3.0,0.0,
5527,509310,Jessup Justinian,522,532,18.433333333333334,10.0,3.0,3.0,2.0,
5525,509310,Jokubaitis Rokas,522,532,15.466666666666667,10.0,1.0,3.0,1.0,
5537,509310,Kessen Marcel,532,522,19.266666666666666,4.0,7.0,1.0,0.0,
5521,509310,Lucic Vladimir,522,532,14.2,7.0,2.0,3.0,1.0,
5538,509310,Momirov Stefan,532,522,26.6,2.0,1.0,0.0,0.0,
5531,509310,N. Tischler,532,522,30.283333333333335,8.0,5.0,1.0,1.0,
5526,509310,Obst Andreas,522,532,17.683333333333334,5.0,1.0,3.0,1.0,
5532,509310,T. Pope,532,522,23.8,2.0,2.0,0.0,0.0,
5519,509310,Thiemann Johannes,522,532,13.083333333333334,15.0,4.0,3.0,0.0,
5529,509310,Voigtmann Johannes,522,532,14.1,7.0,9.0,2.0,0.0,
5522,509310,Washington Duane,522,532,15.45,19.0,3.0,1.0,4.0,
5535,509310,Wiggins Demajeo,532,522,20.733333333333334,10.0,6.0,1.0,0.0,
5548,509311,A. Kunkel,560,526,27.116666666666667,10.0,4.0,2.0,1.0,
5555,509311,Bedime Roman,526,560,14.35,2.0,0.0,3.0,0.0,
5546,509311,Bleck Fabian,560,526,11.533333333333333,0.0,3.0,0.0,0.0,
5549,509311,Christmas William,526,560,23.183333333333334,6.0,3.0,0.0,0.0,
5559,509311,Edoka Jamie,526,560,1.6166666666666667,0.0,0.0,0.0,0.0,
5541,509311,Garino Patricio,560,526,23.416666666666668,11.0,2.0,3.0,1.0,
5558,509311,I. Swope,526,560,21.85,12.0,2.0,5.0,1.0,
5550,509311,J. Mintz,526,560,23.483333333333334,20.0,4.0,4.0,0.0,
5547,509311,J. Razdevsek,560,526,2.2333333333333334,3.0,1.0,0.0,1.0,
5552,509311,Klepeisz Thomas,526,560,19.0,6.0,2.0,3.0,2.0,
5554,509311,Knauf Jacob,526,560,14.65,0.0,2.0,0.0,0.0,
5539,509311,Kraushaar Bjarne,560,526,24.116666666666667,8.0,3.0,3.0,0.0,
5542,509311,Krutwig Cameron,560,526,29.85,5.0,4.0,10.0,0.0,
5557,509311,N. Alleyne,526,560,17.7,12.0,3.0,1.0,1.0,
5545,509311,Omuvwie Marvin,560,526,16.783333333333335,7.0,6.0,0.0,0.0,
5553,509311,Pape Till,526,560,25.583333333333332,11.0,3.0,0.0,1.0,
5556,509311,R. Arcidiacono,526,560,13.166666666666666,5.0,2.0,2.0,1.0,
5551,509311,R. Caisin,526,560,25.416666666666668,19.0,2.0,0.0,3.0,
5540,509311,T. Gibson,560,526,30.45,22.0,4.0,2.0,2.0,
5543,509311,T. Polley,560,526,12.566666666666666,5.0,1.0,0.0,1.0,
5544,509311,Uhlemann Tim,560,526,21.933333333333334,17.0,1.0,1.0,3.0,
5576,509312,Atkins Darion,550,553,18.25,2.0,4.0,1.0,0.0,
5568,509312,B. Burnham,550,553,24.683333333333334,14.0,4.0,0.0,2.0,
5565,509312,Bank Lorenz,553,550,17.516666666666666,4.0,2.0,1.0,0.0,
5570,509312,E. Rodl,550,553,13.65,0.0,0.0,0.0,0.0,
5567,509312,Falkenthal Raphael,553,550,21.733333333333334,7.0,2.0,2.0,0.0,
5572,509312,Fleming Jr. Phlandrous,550,553,33.416666666666664,14.0,3.0,10.0,3.0,
5560,509312,Herrera Alexander,553,550,20.05,4.0,6.0,0.0,0.0,
5562,509312,I. Moses,553,550,18.266666666666666,8.0,2.0,5.0,2.0,
5566,509312,J. J. Baker,553,550,26.35,22.0,3.0,1.0,3.0,
5561,509312,Krause Kristofer,553,550,19.683333333333334,9.0,5.0,0.0,3.0,
5564,509312,Lee Ira,553,550,19.95,10.0,7.0,2.0,0.0,
5569,509312,N. Ceaser,550,553,25.633333333333333,16.0,9.0,2.0,0.0,
5571,509312,S. Smith,550,553,26.35,12.0,2.0,5.0,2.0,
5574,509312,Seric Mateo,550,553,24.283333333333335,7.0,1.0,0.0,1.0,
5563,509312,T. Edwards,553,550,23.333333333333332,12.0,3.0,2.0,0.0,
5575,509312,U. King,550,553,22.3,7.0,4.0,0.0,1.0,
5573,509312,von Seckendorff Jannis,550,553,11.433333333333334,4.0,3.0,0.0,0.0,
5598,509313,A. Crowley,563,530,15.833333333333334,6.0,1.0,1.0,0.0,
5578,509313,Bartolo Yorman,530,563,10.75,0.0,2.0,1.0,0.0,
5581,509313,D. Joplin,530,563,30.133333333333333,22.0,10.0,0.0,4.0,
5582,509313,Dongmo Maxwell,530,563,2.0166666666666666,2.0,2.0,0.0,0.0,
5590,509313,E. Brooks,563,530,28.2,21.0,5.0,8.0,1.0,
5587,509313,E. Hughes,530,563,20.366666666666667,0.0,3.0,1.0,0.0,
5596,509313,Hollersbacher Marco,563,530,17.766666666666666,10.0,7.0,0.0,2.0,
5580,509313,I. Leggett,530,563,30.4,13.0,5.0,1.0,0.0,
5584,509313,J. Baumer,530,563,4.7,0.0,1.0,0.0,0.0,
5589,509313,J. J. Roland,563,530,28.216666666666665,20.0,2.0,3.0,5.0,
5579,509313,J. Kier,530,563,27.916666666666668,13.0,2.0,4.0,0.0,
5591,509313,Krimmer Moritz,563,530,23.133333333333333,8.0,3.0,1.0,2.0,
5595,509313,Linssen Marten,563,530,13.816666666666666,5.0,3.0,1.0,0.0,
5588,509313,Onu Ej,563,530,21.3,11.0,2.0,1.0,0.0,
5585,509313,P. Cartier,530,563,25.966666666666665,13.0,3.0,1.0,3.0,
5586,509313,Perry Darius,530,563,29.766666666666666,15.0,3.0,5.0,2.0,
5594,509313,Rapieque Evans,563,530,3.5166666666666666,0.0,0.0,0.0,0.0,
5577,509313,Rutherford Thomas,530,563,14.05,2.0,4.0,0.0,0.0,
5592,509313,Simon Justin,563,530,27.383333333333333,9.0,9.0,4.0,1.0,
5583,509313,Wohlfarth-Bottermann Jonas,530,563,3.9333333333333336,0.0,1.0,0.0,0.0,
5597,509313,Yakhchali Behnam,563,530,16.85,0.0,3.0,1.0,0.0,
5593,509313,Zirbes Maik,563,530,3.9833333333333334,4.0,3.0,0.0,0.0,
5609,509314,A. Franklin,534,521,27.516666666666666,15.0,1.0,1.0,1.0,
5619,509314,Aydinoglu Gian,521,534,9.466666666666667,2.0,0.0,1.0,0.0,
5614,509314,B. Schroder,521,534,18.816666666666666,7.0,6.0,0.0,1.0,
5613,509314,D. Askew,521,534,25.466666666666665,12.0,1.0,5.0,0.0,
5620,509314,D. Reaves,521,534,20.7,10.0,1.0,2.0,0.0,
5602,509314,Edler-Davis Justin,534,521,26.2,10.0,5.0,5.0,2.0,
5616,509314,Flanigan Chavares,521,534,17.1,7.0,2.0,3.0,0.0,
5611,509314,Green Tajh,521,534,22.966666666666665,15.0,4.0,1.0,2.0,
5617,509314,Haase Felipe,521,534,16.983333333333334,6.0,4.0,1.0,2.0,
5608,509314,Hemschemeier Peter,534,521,8.166666666666666,1.0,1.0,1.0,0.0,
5607,509314,Herkenhoff Philipp,534,521,8.9,5.0,2.0,1.0,1.0,
5605,509314,L. Thiemann,534,521,11.866666666666667,2.0,7.0,0.0,0.0,
5604,509314,Lanmuller Timo,534,521,1.6333333333333333,0.0,0.0,0.0,0.0,
5601,509314,Lewis Matt,534,521,19.75,2.0,2.0,2.0,0.0,
5603,509314,Pandi Lloyd,534,521,28.7,19.0,6.0,2.0,0.0,
5600,509314,Pleiss Tibor,534,521,28.133333333333333,16.0,10.0,2.0,2.0,
5618,509314,S. Edwards,521,534,18.633333333333333,16.0,4.0,1.0,4.0,
5606,509314,Trettin Linus,534,521,4.9,2.0,1.0,0.0,0.0,
5610,509314,Trice D&apos;Mitrik,534,521,13.733333333333333,10.0,0.0,2.0,2.0,
5599,509314,Weidemann Nelson,534,521,20.5,5.0,4.0,5.0,1.0,
5615,509314,Z. Bangala,521,534,23.016666666666666,7.0,8.0,1.0,0.0,
5612,509314,Zylka Ferdinand,521,534,26.85,11.0,3.0,5.0,3.0,
5622,509590,A. Bertini,727,728,21.0,6.0,5.0,0.0,2.0,
5625,509590,Bayehe Jordan,727,728,25.0,4.0,8.0,0.0,0.0,
5626,509590,Brown Charlie,727,728,22.0,5.0,5.0,4.0,0.0,
5631,509590,C. Carter,728,727,27.0,9.0,3.0,1.0,1.0,
5636,509590,Cappelletti Alessandro,728,727,27.0,17.0,6.0,4.0,1.0,
5632,509590,Chapman Brekkott,728,727,27.0,6.0,6.0,2.0,0.0,
5639,509590,Chery Valentin,728,727,23.0,8.0,6.0,0.0,0.0,
5638,509590,Chillo Matteo,728,727,15.0,0.0,0.0,1.0,0.0,
5621,509590,D. Brown,727,728,29.0,14.0,6.0,8.0,1.0,
5637,509590,F. Miaschi,728,727,9.0,3.0,2.0,0.0,1.0,
5628,509590,Forray Andres,727,728,7.0,3.0,0.0,1.0,1.0,
5634,509590,I. Anigbogu,728,727,15.0,6.0,4.0,1.0,0.0,
5629,509590,I. Bigelow,727,728,19.0,15.0,4.0,1.0,2.0,
5630,509590,J. Medina Bouza,727,728,14.0,5.0,1.0,0.0,1.0,
5635,509590,J. P. Macura,728,727,29.0,20.0,3.0,0.0,1.0,
5624,509590,Mawugbe Selom,727,728,15.0,7.0,6.0,2.0,0.0,
5627,509590,P. Cheickh Niang,727,728,21.0,12.0,5.0,0.0,2.0,
5623,509590,Q. Olivari,727,728,27.0,19.0,1.0,4.0,5.0,
5633,509590,Russell DeWayne,728,727,28.0,24.0,8.0,2.0,2.0,
5650,509591,A. Diarra,732,7904,16.0,10.0,0.0,0.0,0.0,
5648,509591,Baldasso Tommaso,732,7904,17.0,2.0,3.0,0.0,0.0,
5651,509591,Bilan Miro,7904,732,19.0,10.0,2.0,1.0,0.0,
5656,509591,Brown John,7904,732,30.0,12.0,11.0,3.0,0.0,
5660,509591,Camara Gora,7904,732,17.0,7.0,4.0,0.0,0.0,
5640,509591,Carr Marcus,732,7904,25.0,21.0,3.0,13.0,1.0,
5646,509591,Casarin Davide,732,7904,10.0,0.0,0.0,3.0,0.0,
5644,509591,D. Mouhamet,732,7904,16.0,8.0,7.0,0.0,0.0,
5647,509591,Edwards Kessler,732,7904,20.0,5.0,6.0,1.0,1.0,
5642,509591,F. Ferrari,732,7904,13.0,8.0,1.0,1.0,1.0,
5645,509591,Frazier Trent,732,7904,21.0,16.0,0.0,1.0,1.0,
5658,509591,G. Veronesi,7904,732,18.0,11.0,1.0,1.0,3.0,
5649,509591,Hackett Daniel,732,7904,15.0,5.0,4.0,3.0,1.0,
5652,509591,Holiday Aaron,7904,732,21.0,6.0,1.0,3.0,0.0,
5643,509591,Klintman Bobi,732,7904,27.0,15.0,7.0,1.0,1.0,
5653,509591,Lemar Brynton,7904,732,21.0,18.0,1.0,1.0,2.0,
5657,509591,M. Alibegovic,7904,732,22.0,8.0,2.0,1.0,2.0,
5659,509591,Moon Xavier,7904,732,28.0,13.0,4.0,8.0,1.0,
5641,509591,Moore Wendell,732,7904,20.0,8.0,5.0,4.0,1.0,
5655,509591,Ryan Matt,7904,732,10.0,2.0,1.0,0.0,0.0,
5654,509591,Wheatle Carl,7904,732,14.0,2.0,2.0,0.0,0.0,
5662,509592,A. Loro,716,722,31.0,9.0,10.0,2.0,1.0,
5664,509592,Andrews Andrew,716,722,27.0,7.0,4.0,4.0,2.0,
5678,509592,B. Chauveau,722,716,1.0,0.0,0.0,0.0,0.0,
5675,509592,Burnell Jason,722,716,13.0,0.0,1.0,0.0,0.0,
5676,509592,Diop Ousmane,722,716,14.0,7.0,4.0,0.0,0.0,
5666,509592,F. Poser,716,722,12.0,4.0,1.0,0.0,0.0,
5668,509592,F. Zampini,716,722,23.0,8.0,2.0,5.0,0.0,
5673,509592,Flaccadori Diego,722,716,16.0,6.0,2.0,3.0,0.0,
5680,509592,Guduric Marko,722,716,27.0,14.0,3.0,3.0,0.0,
5674,509592,Hall Devon,722,716,25.0,2.0,1.0,5.0,0.0,
5667,509592,L. Ambrosin,716,722,9.0,0.0,0.0,1.0,0.0,
5665,509592,Massinburg C.J.,716,722,29.0,12.0,5.0,3.0,3.0,
5670,509592,Mathews Garrison,722,716,20.0,11.0,4.0,0.0,2.0,
5672,509592,Peters Alec,722,716,22.0,8.0,4.0,1.0,2.0,
5669,509592,R. Melendez,716,722,23.0,14.0,3.0,0.0,1.0,
5679,509592,Ricci Giampaolo,722,716,15.0,6.0,4.0,0.0,2.0,
5661,509592,Samuels Jermaine,716,722,18.0,8.0,3.0,0.0,0.0,
5677,509592,Thompson Darius,722,716,21.0,8.0,2.0,3.0,0.0,
5663,509592,Tobey Mike,716,722,28.0,13.0,14.0,2.0,0.0,
5671,509592,Wright Moses,722,716,26.0,10.0,4.0,1.0,1.0,
5686,509593,A. Canka,729,731,6.0,0.0,0.0,0.0,0.0,
5696,509593,Bowman Ky,731,729,19.0,4.0,4.0,3.0,0.0,
5692,509593,Candi Leonardo,731,729,33.0,15.0,4.0,6.0,2.0,
5690,509593,D. Paiano,729,731,3.0,0.0,0.0,0.0,0.0,
5698,509593,De Nicolao Giovanni,731,729,4.0,0.0,0.0,0.0,0.0,
5699,509593,E. Boakye,731,729,7.0,0.0,2.0,0.0,0.0,
5689,509593,F. Candussi,729,731,22.0,13.0,4.0,0.0,3.0,
5682,509593,Galloway Langston,729,731,28.0,5.0,5.0,3.0,0.0,
5701,509593,Grant Sasha,731,729,20.0,10.0,3.0,1.0,0.0,
5700,509593,Green Erick,731,729,18.0,7.0,0.0,0.0,1.0,
5684,509593,J. Lajae,729,731,26.0,0.0,8.0,1.0,0.0,
5683,509593,L. Brajkovic,729,731,15.0,1.0,3.0,0.0,0.0,
5687,509593,L. Deangeli,729,731,20.0,9.0,6.0,1.0,1.0,
5688,509593,M. Ruzzier,729,731,21.0,8.0,2.0,4.0,0.0,
5697,509593,Maretto Octavio,731,729,11.0,2.0,2.0,0.0,0.0,
5685,509593,McDermott Sean,729,731,,12.0,4.0,0.0,2.0,
5693,509593,Olinde Louis,731,729,22.0,11.0,6.0,4.0,1.0,
5681,509593,Ross Colbey,729,731,27.0,18.0,4.0,4.0,2.0,
5691,509593,Tessitori Amedeo,731,729,18.0,8.0,4.0,1.0,0.0,
5694,509593,Watson Glynn,731,729,27.0,17.0,5.0,3.0,5.0,
5695,509593,Wiltjer Kyle,731,729,21.0,13.0,2.0,0.0,0.0,
5707,509594,A. Iannuzzi,699,730,11.0,0.0,2.0,0.0,0.0,
5712,509594,Alviti Davide,730,699,26.0,6.0,4.0,2.0,1.0,
5705,509594,C. Offurum,699,730,24.0,14.0,2.0,1.0,1.0,
5713,509594,Duke Jr. David,730,699,20.0,10.0,2.0,2.0,0.0,
5704,509594,G. Nevels,699,730,32.0,21.0,4.0,1.0,3.0,
5711,509594,Hale Hunter,730,699,28.0,25.0,2.0,6.0,3.0,
5719,509594,I. Ikangi,730,699,16.0,0.0,1.0,0.0,0.0,
5715,509594,Kamagate Ismael,730,699,17.0,10.0,3.0,1.0,0.0,
5722,509594,Ladurner Maximilian,730,699,1.0,0.0,0.0,0.0,0.0,
5702,509594,Lever Alessandro,699,730,24.0,5.0,3.0,2.0,1.0,
5716,509594,Librizzi Matteo,730,699,19.0,10.0,1.0,2.0,3.0,
5708,509594,M. Ceron,699,730,1.0,0.0,0.0,0.0,0.0,
5720,509594,M. Villa,730,699,9.0,2.0,0.0,0.0,0.0,
5710,509594,Mascolo Bruno,699,730,25.0,14.0,2.0,5.0,1.0,
5709,509594,McGruder Rodney,699,730,28.0,5.0,2.0,0.0,1.0,
5703,509594,Moore Charlie,699,730,33.0,12.0,4.0,4.0,1.0,
5721,509594,R. Kangur,730,699,1.0,0.0,0.0,0.0,0.0,
5717,509594,Renfro Nate,730,699,23.0,14.0,7.0,4.0,0.0,
5718,509594,Roby Isaiah,730,699,12.0,0.0,2.0,0.0,0.0,
5714,509594,S. Nikolic,730,699,28.0,8.0,8.0,1.0,0.0,
5706,509594,Z. Onyema,699,730,22.0,6.0,12.0,0.0,0.0,
5733,509595,Battle RaeQuan,714,719,35.0,24.0,3.0,0.0,4.0,
5725,509595,Brown Chad,719,714,17.0,5.0,5.0,0.0,0.0,
5740,509595,C. Andrea,714,719,26.0,7.0,1.0,7.0,0.0,
5726,509595,Christon Semaj,719,714,36.0,14.0,2.0,7.0,2.0,
5738,509595,E. Bendzius,714,719,19.0,4.0,1.0,0.0,0.0,
5723,509595,Flagg Savion,719,714,37.0,20.0,2.0,1.0,2.0,
5728,509595,Gravett Hassani,719,714,8.0,0.0,1.0,1.0,0.0,
5730,509595,Grazulis Andrejs,719,714,27.0,8.0,2.0,0.0,0.0,
5742,509595,L. Bucarelli,714,719,15.0,3.0,4.0,3.0,1.0,
5732,509595,L. Udom,719,714,4.0,0.0,1.0,0.0,0.0,
5741,509595,M. Cavallero,714,719,1.0,0.0,0.0,0.0,0.0,
5735,509595,Mcglynn Nick,714,719,21.0,10.0,10.0,2.0,0.0,
5724,509595,Miles Isaiah,719,714,24.0,9.0,6.0,1.0,1.0,
5727,509595,Moretti Davide,719,714,28.0,4.0,1.0,1.0,0.0,
5729,509595,Okeke Leonardo,719,714,20.0,7.0,7.0,1.0,0.0,
5731,509595,R. Moraschini,719,714,24.0,17.0,7.0,1.0,3.0,
5736,509595,Sisko Zan Mark,714,719,24.0,8.0,7.0,7.0,0.0,
5739,509595,Spencer Skylar,714,719,24.0,4.0,5.0,0.0,0.0,
5737,509595,Valentine Denzel,714,719,34.0,17.0,7.0,1.0,5.0,
5734,509595,Y. Mobio,714,719,26.0,8.0,2.0,1.0,1.0,
5764,509596,A. Durham,700,7903,15.0,7.0,3.0,1.0,0.0,
5761,509596,Alibegovic Amar,700,7903,20.0,4.0,3.0,1.0,0.0,
5752,509596,Ayayi Gerald,7903,700,22.0,7.0,1.0,2.0,0.0,
5762,509596,Bortolani Giordano,700,7903,13.0,4.0,1.0,0.0,0.0,
5758,509596,D. Maddox,700,7903,27.0,15.0,2.0,2.0,2.0,
5749,509596,Davis Jr. Corey,7903,700,17.0,13.0,1.0,6.0,1.0,
5744,509596,E. Stevenson,7903,700,26.0,19.0,3.0,4.0,5.0,
5750,509596,G. Emejuru,7903,700,16.0,4.0,3.0,0.0,0.0,
5763,509596,G. Gazzotti,700,7903,8.0,0.0,0.0,0.0,0.0,
5753,509596,G. Odzebe,7903,700,3.0,0.0,0.0,0.0,0.0,
5756,509596,Gorham Justin,700,7903,25.0,12.0,3.0,1.0,0.0,
5755,509596,Hubb Prentiss,700,7903,25.0,8.0,2.0,3.0,1.0,
5759,509596,Jallow Karim,700,7903,22.0,8.0,1.0,1.0,1.0,
5754,509596,M. Iuzzolino,7903,700,3.0,2.0,0.0,0.0,0.0,
5743,509596,Mannion Nico,7903,700,24.0,19.0,6.0,9.0,2.0,
5747,509596,Mezzanotte Andrea,7903,700,19.0,5.0,3.0,0.0,1.0,
5757,509596,Olejniczak Dominik,700,7903,26.0,9.0,2.0,2.0,0.0,
5748,509596,P. Watson,7903,700,18.0,13.0,2.0,1.0,2.0,
5760,509596,Pecchia Andrea,700,7903,19.0,3.0,2.0,2.0,1.0,
5746,509596,Simonovic Marko,7903,700,23.0,14.0,8.0,1.0,0.0,
5745,509596,Strautins Arturs,7903,700,28.0,12.0,6.0,3.0,1.0,
5751,509596,Tavernelli Riccardo,7903,700,1.0,0.0,1.0,1.0,0.0,
5765,509597,A. Jakimovski,690,725,29.0,17.0,10.0,2.0,2.0,
5766,509597,A. Sankare,690,725,10.0,0.0,0.0,0.0,0.0,
5780,509597,Barford Jaylen,725,690,26.0,12.0,2.0,4.0,2.0,
5773,509597,Brown Markel,690,725,22.0,15.0,4.0,1.0,2.0,
5774,509597,Caruso Guglielmo,690,725,24.0,15.0,2.0,0.0,0.0,
5768,509597,Dowtin Jeff,690,725,28.0,17.0,2.0,10.0,0.0,
5777,509597,Echenique Jaime,725,690,17.0,3.0,5.0,0.0,0.0,
5772,509597,Faggian Leonardo,690,725,17.0,8.0,2.0,1.0,2.0,
5783,509597,Ikumalo Ogbeide Derek,725,690,22.0,10.0,9.0,0.0,0.0,
5767,509597,K. Tarczewski,690,725,10.0,2.0,3.0,0.0,0.0,
5769,509597,Petrucelli John,690,725,17.0,6.0,1.0,0.0,0.0,
5775,509597,R. Edwards,725,690,32.0,12.0,4.0,4.0,2.0,
5779,509597,Rossato Riccardo,725,690,21.0,21.0,5.0,2.0,4.0,
5771,509597,Seljaas Zac,690,725,25.0,7.0,5.0,1.0,1.0,
5776,509597,Severini Luca,725,690,26.0,10.0,2.0,0.0,1.0,
5770,509597,Spissu Marco,690,725,18.0,12.0,0.0,3.0,3.0,
5781,509597,Thor JT,725,690,17.0,5.0,1.0,1.0,0.0,
5778,509597,Uglietti Lorenzo,725,690,22.0,12.0,2.0,3.0,2.0,
5782,509597,Visconti Riccardo,725,690,17.0,8.0,1.0,1.0,2.0,
5789,509831,A. Courbot,3658,7917,10.933333333333334,0.0,0.0,0.0,0.0,
5784,509831,A. Kerbaul,3658,7917,26.4,11.0,2.0,5.0,0.0,
5788,509831,A. Poole,3658,7917,35.71666666666667,10.0,10.0,2.0,0.0,
5786,509831,B. Aman,3658,7917,33.18333333333333,15.0,9.0,1.0,1.0,
5799,509831,C. Benestye,7917,3658,1.2833333333333332,3.0,1.0,0.0,1.0,
5802,509831,C. Hirigoyen,7917,3658,22.816666666666666,6.0,6.0,1.0,0.0,
5792,509831,C. Perdriau,3658,7917,3.5166666666666666,0.0,0.0,0.0,0.0,
5797,509831,C. Soghomonian,7917,3658,19.266666666666666,0.0,2.0,2.0,0.0,
5796,509831,D. Hinds,7917,3658,28.166666666666668,12.0,16.0,0.0,0.0,
5785,509831,E. Faillot,3658,7917,34.63333333333333,13.0,5.0,4.0,2.0,
5793,509831,H. Delaruelle,7917,3658,32.53333333333333,8.0,2.0,5.0,2.0,
5795,509831,K. Adonis,7917,3658,27.2,4.0,2.0,1.0,0.0,
5787,509831,K. Diouf,3658,7917,32.21666666666667,12.0,4.0,1.0,3.0,
5798,509831,L. Meilland,7917,3658,7.466666666666667,3.0,1.0,0.0,1.0,
5800,509831,N. Caille,7917,3658,9.75,4.0,2.0,1.0,0.0,
5791,509831,N. Marcin,3658,7917,4.833333333333333,0.0,0.0,0.0,0.0,
5790,509831,R. Clet,3658,7917,18.566666666666666,9.0,1.0,3.0,1.0,
5801,509831,S. Kessler,7917,3658,19.883333333333333,6.0,3.0,3.0,0.0,
5794,509831,Zdaneviciute Audrone,7917,3658,31.633333333333333,14.0,0.0,4.0,3.0,
5818,509832,C. Girod,6081,4930,17.35,10.0,3.0,2.0,1.0,
5803,509832,C. Mace,4930,6081,35.28333333333333,16.0,3.0,2.0,0.0,
5815,509832,D. Dibanzilua,6081,4930,23.3,4.0,6.0,1.0,1.0,
5804,509832,E. Poulain,4930,6081,27.016666666666666,1.0,5.0,1.0,0.0,
5807,509832,E. Raynaud,4930,6081,31.516666666666666,13.0,3.0,4.0,0.0,
5812,509832,Fofana Nabala,6081,4930,34.266666666666666,18.0,7.0,1.0,2.0,
5813,509832,I. Nezerwa,6081,4930,28.716666666666665,12.0,10.0,3.0,0.0,
5809,509832,L. Boulay,4930,6081,1.9333333333333333,0.0,1.0,0.0,0.0,
5814,509832,L. Preneau,6081,4930,30.166666666666668,18.0,7.0,3.0,0.0,
5811,509832,L. Vieira,6081,4930,32.63333333333333,1.0,2.0,5.0,0.0,
5806,509832,M. Effa,4930,6081,25.883333333333333,10.0,5.0,0.0,0.0,
5808,509832,M. Faurat,4930,6081,26.433333333333334,7.0,2.0,1.0,1.0,
5805,509832,Monasse Lena,4930,6081,17.333333333333332,0.0,0.0,0.0,0.0,
5817,509832,N. Mizgala,6081,4930,10.35,0.0,1.0,0.0,0.0,
5810,509832,R. Laure,4930,6081,34.6,8.0,6.0,3.0,1.0,
5816,509832,T. Polyte,6081,4930,1.1,0.0,0.0,0.0,0.0,
5819,509832,Y. Saulnier,6081,4930,22.116666666666667,7.0,3.0,4.0,1.0,
5830,509833,A. Gaye,1475,3660,22.616666666666667,2.0,3.0,4.0,0.0,
5824,509833,C. Sontia Zeutsop,3660,1475,24.783333333333335,12.0,12.0,0.0,0.0,
5823,509833,C. Vergiat,3660,1475,22.95,11.0,2.0,0.0,1.0,
5820,509833,D. Bourhani Ganguia,3660,1475,26.45,5.0,3.0,4.0,0.0,
5838,509833,D. Guirassy,1475,3660,6.9,4.0,1.0,0.0,0.0,
5833,509833,D. Nganfina,1475,3660,36.21666666666667,19.0,7.0,7.0,1.0,
5835,509833,D. Niang,1475,3660,14.233333333333333,4.0,2.0,0.0,0.0,
5836,509833,Diallo Aby,1475,3660,22.3,10.0,5.0,0.0,1.0,
5825,509833,J. Marson,3660,1475,13.75,3.0,3.0,1.0,1.0,
5826,509833,L. Bentoumi,3660,1475,22.383333333333333,4.0,3.0,1.0,0.0,
5822,509833,M. Batista,3660,1475,24.366666666666667,14.0,6.0,0.0,0.0,
5828,509833,M. Mukenge,3660,1475,20.266666666666666,8.0,0.0,4.0,2.0,
5832,509833,M. Olbrys,1475,3660,30.016666666666666,23.0,5.0,2.0,0.0,
5827,509833,N. Durand,3660,1475,14.833333333333334,0.0,0.0,0.0,0.0,
5831,509833,N. Szczokin,1475,3660,25.9,4.0,1.0,4.0,0.0,
5829,509833,O. Dabo,3660,1475,5.233333333333333,4.0,0.0,0.0,0.0,
5834,509833,P. Lanfant,1475,3660,27.266666666666666,2.0,4.0,1.0,0.0,
5837,509833,S. Boucaud,1475,3660,14.55,7.0,1.0,0.0,0.0,
5821,509833,Z. Velleyen,3660,1475,24.966666666666665,9.0,3.0,4.0,0.0,
5850,509834,A. Dreano-Trecant,7916,7918,31.383333333333333,9.0,2.0,4.0,2.0,
5857,509834,A. Mane,7916,7918,7.333333333333333,4.0,2.0,0.0,0.0,
5843,509834,A. Rio,7918,7916,26.95,8.0,4.0,0.0,0.0,
5848,509834,B. S. Beasley,7916,7918,16.916666666666668,0.0,0.0,2.0,0.0,
5855,509834,Djoko Lea,7916,7918,23.35,10.0,2.0,2.0,0.0,
5846,509834,E. Breton,7918,7916,1.9833333333333334,0.0,0.0,0.0,0.0,
5842,509834,E. Villas-Gomis,7918,7916,26.766666666666666,7.0,0.0,1.0,0.0,
5849,509834,I. Debroise,7916,7918,33.6,13.0,7.0,7.0,0.0,
5852,509834,I. Rahmanovic,7916,7918,36.43333333333333,21.0,8.0,2.0,0.0,
5845,509834,J. Bourgeois,7918,7916,19.983333333333334,6.0,1.0,1.0,0.0,
5840,509834,J. Kiaku,7918,7916,19.6,9.0,1.0,2.0,1.0,
5856,509834,J. Nold,7916,7918,23.9,2.0,1.0,1.0,0.0,
5839,509834,J. Soulard,7918,7916,29.233333333333334,14.0,4.0,2.0,4.0,
5844,509834,K. Demontoux,7918,7916,17.716666666666665,7.0,1.0,1.0,1.0,
5851,509834,L. Mahoukou Nquekoubouta,7916,7918,7.216666666666667,1.0,1.0,0.0,0.0,
5847,509834,M. Kane,7918,7916,26.216666666666665,4.0,6.0,3.0,0.0,
5841,509834,Muzet Johanna,7918,7916,31.55,7.0,7.0,7.0,0.0,
5854,509834,R. Le Vern,7916,7918,14.466666666666667,8.0,1.0,0.0,1.0,
5853,509834,Uriarte Zoe,7916,7918,5.416666666666667,2.0,0.0,0.0,0.0,
5871,509835,A. Mikorek,3654,131,30.583333333333332,18.0,0.0,6.0,1.0,
5865,509835,C. Pinel,131,3654,8.133333333333333,3.0,1.0,0.0,0.0,
5866,509835,E. Guennoc,3654,131,18.683333333333334,3.0,2.0,1.0,1.0,
5861,509835,E. Moise,131,3654,37.43333333333333,4.0,7.0,4.0,0.0,
5862,509835,G. Aguebor,131,3654,29.516666666666666,18.0,5.0,2.0,1.0,
5860,509835,H. Diakite,131,3654,36.983333333333334,11.0,5.0,2.0,0.0,
5872,509835,H. Koita,3654,131,16.766666666666666,9.0,5.0,0.0,0.0,
5868,509835,L. Foirest,3654,131,30.066666666666666,13.0,2.0,2.0,2.0,
5864,509835,L. Houdas-Vigneau,131,3654,2.2,0.0,0.0,0.0,0.0,
5867,509835,L. Thevenet,3654,131,35.03333333333333,11.0,6.0,4.0,0.0,
5863,509835,M. Gueye,131,3654,16.666666666666668,4.0,2.0,3.0,0.0,
5858,509835,M. Mulumba,131,3654,37.85,18.0,5.0,2.0,4.0,
5869,509835,M. Vanderklught,3654,131,34.583333333333336,12.0,8.0,3.0,0.0,
5870,509835,M. Yummy,3654,131,28.966666666666665,6.0,13.0,0.0,0.0,
5859,509835,P. Lithard,131,3654,31.216666666666665,10.0,5.0,4.0,1.0,
5873,509835,R. Fidelice,3654,131,3.1,0.0,0.0,0.0,0.0,
5874,509835,V. Asare,3654,131,2.216666666666667,0.0,1.0,0.0,0.0,
5891,510010,A. Dutat,1476,125,14.383333333333333,6.0,4.0,1.0,0.0,
5890,510010,C. Cardenal,1476,125,26.0,5.0,1.0,0.0,0.0,
5885,510010,D. Harris,1476,125,28.166666666666668,12.0,0.0,2.0,2.0,
5880,510010,E. Cariou,125,1476,0.18333333333333332,2.0,0.0,0.0,0.0,
5889,510010,E. Mahoutou,1476,125,35.9,4.0,3.0,2.0,0.0,
5882,510010,H. Komara,125,1476,23.033333333333335,9.0,4.0,0.0,0.0,
5878,510010,H. Turner,125,1476,34.25,15.0,1.0,2.0,0.0,
5877,510010,Heriaud Caroline,125,1476,35.43333333333333,5.0,3.0,3.0,1.0,
5881,510010,J. Albert,125,1476,6.266666666666667,0.0,2.0,0.0,0.0,
5876,510010,Kaba Masseny,125,1476,35.166666666666664,12.0,5.0,4.0,0.0,
5883,510010,L. Cortana,125,1476,8.383333333333333,0.0,0.0,0.0,0.0,
5893,510010,L. Evrard,1476,125,17.7,5.0,0.0,5.0,1.0,
5892,510010,L. Laisney,1476,125,0.5666666666666667,0.0,0.0,0.0,0.0,
5888,510010,M. Herraez,1476,125,25.416666666666668,14.0,6.0,3.0,1.0,
5886,510010,M. Muadi,1476,125,37.666666666666664,16.0,12.0,0.0,0.0,
5884,510010,M. Selle,125,1476,2.716666666666667,0.0,0.0,0.0,0.0,
5879,510010,M. Yerbe,125,1476,35.5,11.0,3.0,1.0,0.0,
5875,510010,S. Rafiu,125,1476,19.083333333333332,3.0,5.0,4.0,0.0,
5887,510010,T. Baptiste,1476,125,14.2,4.0,3.0,0.0,0.0,
5906,510011,A. Ngo Ndjock,1802,126,34.36666666666667,15.0,8.0,3.0,0.0,
5905,510011,A. Trasi,1802,126,18.5,0.0,3.0,1.0,0.0,
5901,510011,Daramy Mariama,126,1802,24.566666666666666,13.0,4.0,3.0,0.0,
5894,510011,Droguet Camille,126,1802,24.4,0.0,4.0,1.0,0.0,
5903,510011,E. Dechanoz,126,1802,3.0166666666666666,0.0,0.0,0.0,0.0,
5897,510011,Gulbe Aleksa,126,1802,21.783333333333335,9.0,6.0,2.0,1.0,
5911,510011,Jespersen Maria,1802,126,29.716666666666665,5.0,7.0,0.0,1.0,
5908,510011,Kostowicz Stephanie,1802,126,28.65,7.0,3.0,1.0,0.0,
5909,510011,M. Cisse,1802,126,17.2,4.0,3.0,0.0,0.0,
5896,510011,M. Musa,126,1802,25.066666666666666,2.0,12.0,0.0,0.0,
5899,510011,Macquet Sixtine,126,1802,10.1,10.0,2.0,0.0,2.0,
5902,510011,Massey Becky,126,1802,23.05,3.0,3.0,0.0,0.0,
5904,510011,Milapie Marie-Michelle,1802,126,30.816666666666666,7.0,3.0,0.0,1.0,
5910,510011,N. A. Kouadio,1802,126,10.233333333333333,2.0,0.0,0.0,0.0,
5900,510011,Pardon Marie,126,1802,21.6,5.0,2.0,3.0,0.0,
5907,510011,S. Colas,1802,126,30.516666666666666,4.0,5.0,5.0,0.0,
5895,510011,S. Elenga,126,1802,22.283333333333335,0.0,4.0,1.0,0.0,
5898,510011,T. San Antonio,126,1802,24.133333333333333,13.0,4.0,1.0,1.0,
5915,510012,Bernies Romane,127,120,29.883333333333333,9.0,2.0,4.0,0.0,
5918,510012,Chevaugeon Sara,127,120,21.683333333333334,7.0,1.0,3.0,0.0,
5928,510012,Djaldi-Tabdi Clarince,120,127,26.966666666666665,11.0,2.0,3.0,0.0,
5924,510012,Duchet Alix,120,127,22.066666666666666,4.0,2.0,2.0,0.0,
5927,510012,I. Pitarch-Granel,120,127,19.883333333333333,7.0,2.0,4.0,0.0,
5912,510012,Johnson Stella,127,120,26.766666666666666,22.0,1.0,3.0,2.0,
5917,510012,L. Zolper,127,120,15.216666666666667,3.0,1.0,1.0,1.0,
5921,510012,M. Djadi-Tabdi,120,127,9.033333333333333,8.0,0.0,1.0,0.0,
5920,510012,M. P. Dally,120,127,29.983333333333334,16.0,3.0,2.0,1.0,
5925,510012,Mendez Laura,120,127,23.766666666666666,9.0,0.0,3.0,0.0,
5926,510012,Naigre Elodie,120,127,19.383333333333333,9.0,6.0,2.0,1.0,
5916,510012,O. Diarisso,127,120,31.75,17.0,5.0,1.0,0.0,
5914,510012,Rabot Garance,127,120,26.45,9.0,10.0,5.0,1.0,
5919,510012,S. Breen,127,120,27.9,11.0,8.0,5.0,0.0,
5913,510012,S. Cisse,127,120,20.35,12.0,5.0,2.0,0.0,
5922,510012,Thomas Shakayla,120,127,24.6,4.0,4.0,1.0,0.0,
5923,510012,Wallace Sydney,120,127,24.3,15.0,1.0,4.0,2.0,
5939,510013,A. Durant,3661,128,16.383333333333333,3.0,6.0,2.0,0.0,
5944,510013,A. Nkodia,3661,128,3.6166666666666667,0.0,0.0,0.0,0.0,
5930,510013,Johnson Asianae,128,3661,11.75,9.0,0.0,1.0,0.0,
5946,510013,M. Droguet,3661,128,8.15,2.0,0.0,0.0,0.0,
5943,510013,M. Elmira,3661,128,4.233333333333333,2.0,0.0,0.0,0.0,
5941,510013,M. Lokoka,3661,128,11.866666666666667,2.0,2.0,0.0,0.0,
5932,510013,M. Paget,128,3661,9.916666666666666,0.0,2.0,0.0,0.0,
5937,510013,Mbandu Naomi,128,3661,11.816666666666666,9.0,5.0,0.0,1.0,
5929,510013,Mununga Bethy,128,3661,8.183333333333334,4.0,3.0,0.0,0.0,
5947,510013,N. Desset,3661,128,8.133333333333333,0.0,1.0,2.0,0.0,
5931,510013,O. Yale,128,3661,12.616666666666667,7.0,3.0,3.0,1.0,
5945,510013,P. Diagne,3661,128,5.366666666666666,0.0,0.0,0.0,0.0,
5934,510013,Papp Klaudia,128,3661,11.733333333333333,6.0,0.0,2.0,2.0,
5935,510013,Risacher Ainhoa,128,3661,11.45,2.0,5.0,1.0,0.0,
5933,510013,S. Peytour,128,3661,7.316666666666666,9.0,4.0,0.0,0.0,
5936,510013,Shook Kylee,128,3661,11.033333333333333,4.0,2.0,0.0,0.0,
5942,510013,T. Boisseron,3661,128,12.65,0.0,0.0,0.0,0.0,
5938,510013,Thomas Jasmine,3661,128,14.666666666666666,3.0,0.0,1.0,1.0,
5940,510013,Zemoura Elena,3661,128,14.933333333333334,4.0,3.0,0.0,0.0,
5964,510014,Banaszak Liliana,123,1479,19.283333333333335,6.0,3.0,1.0,0.0,
5958,510014,Brochant Noemie,123,1479,23.566666666666666,11.0,1.0,2.0,1.0,
5951,510014,D. Toussaint,1479,123,25.816666666666666,15.0,6.0,2.0,1.0,
5956,510014,E. Costes,1479,123,0.7166666666666667,0.0,0.0,0.0,0.0,
5959,510014,Franchelin Coline,123,1479,26.066666666666666,16.0,4.0,9.0,4.0,
5961,510014,Hirsch Maia,123,1479,22.233333333333334,0.0,0.0,2.0,0.0,
5963,510014,I. Strunc,123,1479,17.15,9.0,3.0,2.0,2.0,
5954,510014,J. Marthi Toffolon,1479,123,0.7166666666666667,0.0,0.0,0.0,0.0,
5965,510014,K. Love,123,1479,11.766666666666667,0.0,3.0,1.0,0.0,
5955,510014,L. Darre,1479,123,1.0666666666666667,0.0,1.0,0.0,0.0,
5949,510014,L. Guapo,1479,123,39.75,2.0,7.0,7.0,0.0,
5953,510014,L. Tardy,1479,123,19.483333333333334,4.0,1.0,2.0,0.0,
5950,510014,Lindstrom Jessica,1479,123,34.81666666666667,11.0,6.0,5.0,1.0,
5957,510014,M. de Freitas,1479,123,20.8,2.0,4.0,0.0,0.0,
5960,510014,Pospisilova Julie,123,1479,22.933333333333334,11.0,3.0,2.0,1.0,
5962,510014,T. Clarke,123,1479,31.316666666666666,12.0,5.0,1.0,0.0,
5948,510014,T. Leray,1479,123,21.683333333333334,2.0,2.0,2.0,0.0,
5966,510014,T. Magassa,123,1479,1.75,0.0,0.0,0.0,0.0,
5952,510014,T. Reimer,1479,123,35.13333333333333,18.0,9.0,1.0,0.0,
5967,510014,V. Gomis,123,1479,23.933333333333334,10.0,1.0,3.0,2.0,
5968,510015,A. Kone,3655,121,23.35,21.0,2.0,0.0,2.0,
5986,510015,A. Rimdal,121,3655,36.766666666666666,17.0,1.0,3.0,3.0,
5977,510015,B. Drame-Lo,121,3655,32.38333333333333,16.0,1.0,6.0,2.0,
5982,510015,Bussiere Louise,121,3655,12.6,0.0,0.0,2.0,0.0,
5984,510015,C. Dalstra,121,3655,13.233333333333333,1.0,3.0,1.0,0.0,
5970,510015,C. Legrand,3655,121,27.183333333333334,8.0,5.0,1.0,0.0,
5985,510015,C. Sevaux,121,3655,1.6666666666666665,0.0,0.0,0.0,0.0,
5971,510015,Chabrier Coralie,3655,121,26.133333333333333,6.0,5.0,4.0,1.0,
5974,510015,E. Marie,3655,121,8.25,2.0,1.0,2.0,0.0,
5969,510015,Enjolvy Yvanna,3655,121,38.43333333333333,7.0,5.0,9.0,1.0,
5973,510015,Filip Ana,3655,121,22.033333333333335,4.0,4.0,0.0,0.0,
5976,510015,J. Konate,3655,121,0.15,0.0,0.0,0.0,0.0,
5975,510015,J. Mavambou,3655,121,19.683333333333334,9.0,4.0,1.0,0.0,
5972,510015,J. Nicholson,3655,121,34.416666666666664,15.0,6.0,1.0,3.0,
5979,510015,L. Ziegler,121,3655,38.333333333333336,19.0,7.0,5.0,2.0,
5980,510015,M. Forbes,121,3655,23.016666666666666,12.0,4.0,3.0,4.0,
5981,510015,M. Kaiser,121,3655,11.116666666666667,2.0,1.0,2.0,0.0,
5983,510015,M. Raimbault,121,3655,4.116666666666666,2.0,0.0,1.0,0.0,
5978,510015,M. Toure,121,3655,26.766666666666666,19.0,10.0,1.0,1.0,
5987,510016,A. Ngo Ndjock,1802,125,30.866666666666667,9.0,3.0,6.0,1.0,
5990,510016,A. Trasi,1802,125,21.233333333333334,4.0,3.0,0.0,0.0,
6002,510016,D. Mabrey,125,1802,18.633333333333333,10.0,2.0,2.0,0.0,
5993,510016,E. Bach,1802,125,0.38333333333333336,0.0,0.0,0.0,0.0,
6001,510016,E. Cariou,125,1802,5.5,0.0,0.0,0.0,0.0,
6003,510016,H. Komara,125,1802,20.95,2.0,2.0,1.0,0.0,
5999,510016,H. Turner,125,1802,28.916666666666668,29.0,4.0,4.0,2.0,
5998,510016,Heriaud Caroline,125,1802,28.65,8.0,5.0,3.0,1.0,
5994,510016,Jespersen Maria,1802,125,23.566666666666666,12.0,2.0,1.0,2.0,
5997,510016,Kaba Masseny,125,1802,24.35,7.0,6.0,2.0,0.0,
5991,510016,Kostowicz Stephanie,1802,125,29.316666666666666,13.0,5.0,2.0,0.0,
5995,510016,M. Cisse,1802,125,20.466666666666665,3.0,1.0,2.0,0.0,
6004,510016,M. Selle,125,1802,20.383333333333333,8.0,4.0,0.0,2.0,
6000,510016,M. Yerbe,125,1802,31.033333333333335,4.0,6.0,3.0,1.0,
5989,510016,Milapie Marie-Michelle,1802,125,35.43333333333333,11.0,7.0,0.0,0.0,
5992,510016,N. A. Kouadio,1802,125,10.683333333333334,1.0,0.0,0.0,0.0,
5988,510016,S. Colas,1802,125,28.05,6.0,3.0,4.0,0.0,
5996,510016,S. Rafiu,125,1802,21.583333333333332,6.0,5.0,3.0,0.0,
6006,510017,A. Durant,3661,1479,32.56666666666667,19.0,16.0,5.0,1.0,
6011,510017,A. Nkodia,3661,1479,1.5166666666666666,0.0,0.0,0.0,0.0,
6018,510017,D. Toussaint,1479,3661,37.4,13.0,1.0,3.0,0.0,
6016,510017,L. Guapo,1479,3661,26.266666666666666,13.0,4.0,1.0,2.0,
6020,510017,L. Tardy,1479,3661,19.866666666666667,0.0,3.0,2.0,0.0,
6017,510017,Lindstrom Jessica,1479,3661,35.86666666666667,4.0,18.0,1.0,0.0,
6009,510017,M. Armant,3661,1479,23.216666666666665,4.0,4.0,0.0,0.0,
6013,510017,M. Droguet,3661,1479,16.35,0.0,5.0,3.0,0.0,
6010,510017,M. Elmira,3661,1479,7.05,3.0,2.0,1.0,1.0,
6012,510017,M. Lokoka,3661,1479,24.9,4.0,2.0,0.0,0.0,
6021,510017,M. de Freitas,1479,3661,22.533333333333335,2.0,3.0,0.0,0.0,
6014,510017,N. Desset,3661,1479,16.233333333333334,10.0,2.0,3.0,1.0,
6008,510017,T. Boisseron,3661,1479,19.35,4.0,2.0,1.0,1.0,
6015,510017,T. Leray,1479,3661,24.483333333333334,6.0,0.0,2.0,2.0,
6019,510017,T. Reimer,1479,3661,33.583333333333336,15.0,6.0,2.0,0.0,
6005,510017,Thomas Jasmine,3661,1479,26.933333333333334,14.0,5.0,5.0,2.0,
6007,510017,Zemoura Elena,3661,1479,31.883333333333333,4.0,9.0,3.0,0.0,
6029,510018,Banaszak Liliana,123,126,15.883333333333333,2.0,4.0,0.0,0.0,
6022,510018,Brochant Noemie,123,126,26.033333333333335,11.0,1.0,2.0,3.0,
6034,510018,Daramy Mariama,126,123,20.166666666666668,13.0,4.0,0.0,2.0,
6033,510018,Droguet Camille,126,123,23.9,7.0,4.0,3.0,1.0,
6039,510018,E. Peytour-Raison,126,123,12.616666666666667,3.0,1.0,0.0,1.0,
6023,510018,Franchelin Coline,123,126,33.46666666666667,13.0,3.0,10.0,1.0,
6040,510018,Gulbe Aleksa,126,123,18.8,2.0,4.0,1.0,0.0,
6025,510018,Hirsch Maia,123,126,13.416666666666666,0.0,1.0,2.0,0.0,
6028,510018,I. Strunc,123,126,16.216666666666665,2.0,1.0,1.0,0.0,
6031,510018,K. Love,123,126,12.683333333333334,3.0,2.0,0.0,1.0,
6035,510018,M. Musa,126,123,26.883333333333333,10.0,9.0,2.0,0.0,
6041,510018,Macquet Sixtine,126,123,12.366666666666667,4.0,4.0,0.0,0.0,
6036,510018,Massey Becky,126,123,21.95,5.0,2.0,3.0,0.0,
6037,510018,Pardon Marie,126,123,22.75,5.0,1.0,3.0,1.0,
6024,510018,Pospisilova Julie,123,126,22.5,2.0,4.0,2.0,0.0,
6038,510018,S. Elenga,126,123,22.116666666666667,4.0,4.0,0.0,1.0,
6026,510018,T. Clarke,123,126,32.15,12.0,5.0,0.0,0.0,
6030,510018,T. Magassa,123,126,7.85,2.0,4.0,0.0,0.0,
6032,510018,T. San Antonio,126,123,18.45,16.0,1.0,3.0,1.0,
6027,510018,V. Gomis,123,126,19.8,14.0,5.0,2.0,0.0,
6047,510019,A. Rimdal,121,128,33.75,10.0,3.0,3.0,1.0,
6046,510019,B. Drame-Lo,121,128,19.2,10.0,5.0,3.0,1.0,
6049,510019,Bussiere Louise,121,128,15.65,3.0,2.0,1.0,0.0,
6051,510019,C. Dalstra,121,128,16.433333333333334,4.0,4.0,1.0,0.0,
6052,510019,C. Sevaux,121,128,3.1666666666666665,0.0,0.0,0.0,0.0,
6054,510019,Johnson Asianae,128,121,26.15,17.0,4.0,0.0,0.0,
6048,510019,L. Dely,121,128,0.18333333333333332,0.0,0.0,0.0,0.0,
6042,510019,L. Ziegler,121,128,38.4,5.0,7.0,3.0,0.0,
6045,510019,M. Forbes,121,128,29.066666666666666,16.0,4.0,0.0,3.0,
6043,510019,M. Kaiser,121,128,35.0,12.0,2.0,3.0,0.0,
6056,510019,M. Paget,128,121,21.566666666666666,4.0,0.0,2.0,0.0,
6050,510019,M. Raimbault,121,128,2.15,0.0,0.0,0.0,0.0,
6044,510019,M. Toure,121,128,32.0,14.0,11.0,3.0,0.0,
6060,510019,Mbandu Naomi,128,121,20.516666666666666,4.0,5.0,2.0,0.0,
6053,510019,Mununga Bethy,128,121,24.0,9.0,10.0,1.0,0.0,
6055,510019,O. Yale,128,121,30.283333333333335,7.0,4.0,1.0,1.0,
6061,510019,Papp Klaudia,128,121,27.266666666666666,5.0,2.0,3.0,0.0,
6059,510019,Risacher Ainhoa,128,121,37.9,10.0,4.0,7.0,1.0,
6057,510019,S. Peytour,128,121,28.966666666666665,13.0,12.0,0.0,1.0,
6058,510019,Shook Kylee,128,121,8.35,0.0,0.0,2.0,0.0,
6068,510020,A. Dutat,1476,127,19.433333333333334,2.0,3.0,2.0,0.0,
6074,510020,Bernies Romane,127,1476,19.883333333333333,4.0,2.0,4.0,0.0,
6067,510020,C. Cardenal,1476,127,22.316666666666666,8.0,1.0,2.0,1.0,
6076,510020,Chevaugeon Sara,127,1476,24.016666666666666,0.0,1.0,1.0,0.0,
6062,510020,D. Harris,1476,127,30.7,9.0,6.0,8.0,0.0,
6066,510020,E. Mahoutou,1476,127,32.63333333333333,12.0,5.0,0.0,0.0,
6070,510020,Johnson Stella,127,1476,23.516666666666666,13.0,2.0,5.0,1.0,
6069,510020,L. Evrard,1476,127,21.933333333333334,6.0,0.0,4.0,0.0,
6077,510020,L. Zolper,127,1476,22.833333333333332,17.0,3.0,2.0,3.0,
6065,510020,M. Herraez,1476,127,31.85,18.0,4.0,2.0,4.0,
6063,510020,M. Muadi,1476,127,22.533333333333335,11.0,5.0,1.0,0.0,
6075,510020,O. Diarisso,127,1476,24.616666666666667,6.0,9.0,0.0,0.0,
6072,510020,Rabot Garance,127,1476,30.1,18.0,10.0,4.0,1.0,
6073,510020,S. Breen,127,1476,25.366666666666667,11.0,5.0,0.0,1.0,
6071,510020,S. Cisse,127,1476,29.666666666666668,10.0,10.0,2.0,2.0,
6064,510020,T. Baptiste,1476,127,18.616666666666667,2.0,2.0,0.0,0.0,
6080,510136,A. Kadiri,1338,1347,16.383333333333333,1.0,2.0,0.0,0.0,
6083,510136,C. Charles,1347,1338,35.333333333333336,5.0,9.0,8.0,0.0,
6078,510136,E. Bailey,1338,1347,28.266666666666666,3.0,2.0,2.0,1.0,
6081,510136,G. Brown,1338,1347,17.983333333333334,0.0,1.0,0.0,0.0,
6086,510136,M. Sarkodee Adoo,1347,1338,20.566666666666666,2.0,6.0,1.0,0.0,
6082,510136,N. Krisper,1347,1338,30.7,23.0,10.0,1.0,0.0,
6085,510136,R. Cockman,1347,1338,25.216666666666665,18.0,12.0,3.0,1.0,
6079,510136,S. Gines,1338,1347,25.983333333333334,4.0,3.0,1.0,0.0,
6084,510136,T. Hodges,1347,1338,29.95,18.0,7.0,6.0,0.0,
6096,510137,Albiero,1345,1344,29.666666666666668,8.0,2.0,6.0,1.0,
6095,510137,Beckford-Norton Shanice,1345,1344,21.083333333333332,16.0,3.0,2.0,0.0,
6092,510137,C. Mushore,1344,1345,10.083333333333334,5.0,1.0,1.0,0.0,
6093,510137,E. Donnelly,1345,1344,17.316666666666666,8.0,1.0,1.0,1.0,
6097,510137,H. Welsh,1345,1344,18.783333333333335,15.0,5.0,0.0,1.0,
6090,510137,L. Upton,1344,1345,9.116666666666667,0.0,0.0,1.0,0.0,
6089,510137,Larder-Lee Ophelia,1344,1345,21.133333333333333,7.0,3.0,1.0,2.0,
6087,510137,M. Olawoyin,1344,1345,30.883333333333333,12.0,3.0,4.0,0.0,
6088,510137,S. Rose,1344,1345,26.466666666666665,4.0,8.0,1.0,0.0,
6091,510137,S. Turner,1344,1345,11.716666666666667,1.0,0.0,0.0,0.0,
6098,510137,Sarson Beth,1345,1344,21.583333333333332,5.0,3.0,5.0,0.0,
6094,510137,Silva Lavinia,1345,1344,26.05,10.0,4.0,3.0,0.0,
6110,510138,A. Baker,1336,6583,39.46666666666667,29.0,10.0,1.0,3.0,
6109,510138,A. Shah,1336,6583,34.833333333333336,9.0,4.0,5.0,3.0,
6114,510138,Ayton Shantell,1336,6583,4.283333333333333,2.0,0.0,0.0,0.0,
6112,510138,C. Wilson,1336,6583,25.016666666666666,20.0,9.0,3.0,0.0,
6116,510138,D. Somoye,1336,6583,6.083333333333333,0.0,3.0,0.0,0.0,
6105,510138,E. O'Donnell,6583,1336,15.95,6.0,4.0,0.0,0.0,
6106,510138,G. Brierley,6583,1336,8.05,2.0,3.0,1.0,0.0,
6099,510138,J. Brown,6583,1336,23.766666666666666,11.0,5.0,6.0,1.0,
6108,510138,J. Mastellone,6583,1336,14.216666666666667,12.0,1.0,2.0,3.0,
6104,510138,Karasaite Eva,6583,1336,20.016666666666666,9.0,1.0,1.0,3.0,
6113,510138,L. Christie,1336,6583,12.433333333333334,0.0,3.0,0.0,0.0,
6100,510138,M. Bratka,6583,1336,21.733333333333334,20.0,4.0,0.0,3.0,
6115,510138,M. Spinks,1336,6583,24.366666666666667,2.0,1.0,2.0,0.0,
6102,510138,Pirttinen Veera,6583,1336,27.6,18.0,3.0,5.0,3.0,
6101,510138,Price Maya,6583,1336,24.75,7.0,8.0,1.0,1.0,
6103,510138,Robb Hannah,6583,1336,20.166666666666668,12.0,1.0,5.0,3.0,
6111,510138,S. Ahmadpour,1336,6583,18.55,7.0,4.0,0.0,2.0,
6107,510138,S. Odemwingie,6583,1336,2.216666666666667,0.0,0.0,0.0,0.0,
6122,510139,A. Mcintosh,5616,1340,21.233333333333334,7.0,5.0,4.0,1.0,
6128,510139,A. Thompson,1340,5616,3.6166666666666667,0.0,0.0,0.0,0.0,
6129,510139,C. Leach,1340,5616,6.583333333333333,0.0,0.0,1.0,0.0,
6125,510139,C. Paxton,1340,5616,31.1,10.0,4.0,1.0,2.0,
6131,510139,C. Taylor-Willis,1340,5616,24.066666666666666,7.0,2.0,3.0,1.0,
6123,510139,E. Doherty,5616,1340,15.616666666666667,6.0,0.0,0.0,0.0,
6119,510139,E. Kerr,5616,1340,5.683333333333334,0.0,1.0,0.0,0.0,
6118,510139,F. Hottinger,5616,1340,23.933333333333334,17.0,13.0,3.0,0.0,
6121,510139,Freeman Tia,5616,1340,17.616666666666667,8.0,6.0,0.0,2.0,
6132,510139,Haines Megan,1340,5616,18.2,4.0,0.0,2.0,0.0,
6120,510139,K. Mcghee,5616,1340,14.366666666666667,0.0,0.0,2.0,0.0,
6127,510139,L. Coogan,1340,5616,25.183333333333334,8.0,3.0,3.0,2.0,
6117,510139,M. Fitzpatrick,5616,1340,19.75,0.0,4.0,1.0,0.0,
6126,510139,O. Forster,1340,5616,15.016666666666667,3.0,2.0,1.0,0.0,
6130,510139,Okunrinkoya Teniola,1340,5616,10.15,0.0,2.0,0.0,0.0,
6124,510139,T. Thornton,5616,1340,13.816666666666666,4.0,3.0,1.0,0.0,
6141,510140,A. Baker,1341,1343,5.833333333333333,0.0,0.0,0.0,0.0,
6139,510140,A. Shaw,1341,1343,16.233333333333334,3.0,2.0,1.0,0.0,
6138,510140,A. Swinney,1341,1343,21.333333333333332,5.0,3.0,1.0,1.0,
6145,510140,C. Harris,1343,1341,19.066666666666666,6.0,10.0,1.0,0.0,
6134,510140,C. Ryan,1341,1343,33.45,5.0,3.0,9.0,1.0,
6147,510140,Campbell Alex,1343,1341,17.9,10.0,3.0,0.0,1.0,
6135,510140,D. Porter,1341,1343,27.95,9.0,1.0,1.0,0.0,
6140,510140,G. Nzeakor,1341,1343,8.533333333333333,0.0,1.0,0.0,0.0,
6146,510140,G. Rae,1343,1341,26.116666666666667,2.0,3.0,1.0,0.0,
6142,510140,J. Johnson,1343,1341,25.15,15.0,5.0,4.0,2.0,
6133,510140,K. Januszewska,1341,1343,33.666666666666664,7.0,1.0,2.0,1.0,
6136,510140,L. Gibbins,1341,1343,29.533333333333335,15.0,11.0,4.0,2.0,
6137,510140,M. Ademusayo,1341,1343,20.266666666666666,9.0,7.0,1.0,0.0,
6143,510140,M. Hinton,1343,1341,33.333333333333336,18.0,6.0,3.0,1.0,
6144,510140,N. Williams,1343,1341,30.75,15.0,7.0,4.0,1.0,
6149,510229,A. Diarra,302,300,28.333333333333332,10.0,6.0,2.0,0.0,
6152,510229,B. Diop,302,300,20.65,2.0,1.0,0.0,0.0,
6155,510229,C. Edwards,300,302,14.25,6.0,2.0,2.0,0.0,
6154,510229,E. Cheecks,300,302,25.583333333333332,13.0,0.0,1.0,3.0,
6159,510229,J. Jehloni,300,302,13.966666666666667,7.0,4.0,0.0,1.0,
6157,510229,J. Murray,300,302,17.2,10.0,1.0,2.0,0.0,
6156,510229,J. White,300,302,19.85,8.0,3.0,1.0,2.0,
6150,510229,K. Mpete,302,300,30.433333333333334,16.0,2.0,2.0,0.0,
6148,510229,Katiki Fortune,302,300,17.75,2.0,2.0,1.0,0.0,
6158,510229,Kesteloot Vincent,300,302,21.616666666666667,11.0,6.0,1.0,1.0,
6161,510229,L. Van Drom,300,302,12.666666666666666,5.0,3.0,0.0,0.0,
6153,510229,M. Wade,302,300,19.65,6.0,1.0,1.0,1.0,
6160,510229,N. Coleman,300,302,22.533333333333335,12.0,5.0,6.0,2.0,
6163,510229,N. De Ridder,300,302,17.316666666666666,8.0,6.0,1.0,0.0,
6162,510229,Tumba Kevin,300,302,12.216666666666667,9.0,4.0,0.0,0.0,
6151,510229,Y. Boukichou,302,300,30.916666666666668,18.0,5.0,1.0,4.0,
6170,510230,E. van Wayenburg,303,309,0.5833333333333334,0.0,1.0,1.0,0.0,
6171,510230,G. De Mol,303,309,15.966666666666667,2.0,3.0,1.0,0.0,
6172,510230,Hawkins Nigel,309,303,16.733333333333334,0.0,4.0,3.0,0.0,
6173,510230,Heath Joshua,309,303,32.733333333333334,4.0,3.0,6.0,0.0,
6176,510230,J. Rotsaert,309,303,7.266666666666667,0.0,2.0,2.0,0.0,
6169,510230,J. Visser,303,309,30.116666666666667,23.0,7.0,0.0,0.0,
6178,510230,Kruithof Lucas,309,303,13.8,0.0,4.0,0.0,0.0,
6175,510230,Polet Adedayo,309,303,23.516666666666666,8.0,3.0,3.0,2.0,
6166,510230,Prepelic Bine,303,309,22.366666666666667,6.0,5.0,0.0,0.0,
6165,510230,R. Bucumi,303,309,24.566666666666666,8.0,1.0,2.0,1.0,
6174,510230,S. Hofman,309,303,30.05,9.0,7.0,0.0,1.0,
6167,510230,S. Schauvlieger,303,309,16.9,4.0,1.0,2.0,1.0,
6164,510230,T. Waerniers,303,309,19.6,5.0,1.0,0.0,1.0,
6168,510230,V. Kazamias,303,309,11.183333333333334,3.0,1.0,1.0,1.0,
6177,510230,Zecevic Lukijan,309,303,9.466666666666667,5.0,2.0,0.0,1.0,
6194,510231,A. Clayton,308,3060,21.85,11.0,3.0,0.0,0.0,
6181,510231,A. Libert,3060,308,27.366666666666667,14.0,3.0,1.0,4.0,
6196,510231,A. Miller,308,3060,16.2,7.0,2.0,5.0,0.0,
6183,510231,A. Raedschelders,3060,308,20.716666666666665,5.0,5.0,5.0,0.0,
6182,510231,Anticevich Grant,3060,308,24.633333333333333,2.0,3.0,0.0,0.0,
6195,510231,Buysse Simon,308,3060,14.516666666666667,2.0,0.0,1.0,0.0,
6189,510231,D. Leffew,308,3060,24.8,13.0,1.0,5.0,2.0,
6186,510231,G. Temmerman,3060,308,3.2,0.0,0.0,0.0,0.0,
6191,510231,Gillet Pierre-Antoine,308,3060,31.25,14.0,7.0,0.0,4.0,
6188,510231,J. Heady,308,3060,31.383333333333333,8.0,7.0,1.0,0.0,
6192,510231,Kostadinov Konstantin,308,3060,12.95,4.0,4.0,0.0,0.0,
6185,510231,Lasisi Elias,3060,308,24.0,10.0,3.0,0.0,3.0,
6187,510231,M. Palinckx,3060,308,12.566666666666666,8.0,4.0,0.0,0.0,
6179,510231,M. Thomas,3060,308,31.5,26.0,6.0,1.0,2.0,
6190,510231,Mennes Jo,308,3060,15.983333333333333,0.0,5.0,2.0,0.0,
6180,510231,N. Van den Eynde,3060,308,29.266666666666666,14.0,3.0,8.0,2.0,
6193,510231,S. Swenson,308,3060,17.983333333333334,17.0,2.0,1.0,5.0,
6184,510231,T. Vince,3060,308,2.3666666666666667,0.0,0.0,1.0,0.0,
6206,510232,A. Hunter,846,852,32.38333333333333,7.0,3.0,2.0,0.0,
6198,510232,B. Van Der Vuurst,852,846,31.633333333333333,6.0,8.0,8.0,1.0,
6204,510232,I. Abidde,852,846,18.2,4.0,5.0,0.0,0.0,
6208,510232,I. Diouf,846,852,17.383333333333333,2.0,5.0,0.0,0.0,
6201,510232,J. Counter,852,846,20.666666666666668,15.0,4.0,3.0,1.0,
6209,510232,J. Harper,846,852,34.31666666666667,13.0,8.0,2.0,1.0,
6200,510232,J. Isaiah,852,846,17.333333333333332,4.0,3.0,0.0,0.0,
6212,510232,J. Van Gestel,846,852,10.716666666666667,10.0,1.0,0.0,2.0,
6210,510232,Kloof Charlon,846,852,29.833333333333332,8.0,7.0,3.0,0.0,
6213,510232,M. Bouwer,846,852,27.85,9.0,4.0,0.0,1.0,
6207,510232,M. Dijkstra,846,852,22.983333333333334,8.0,3.0,0.0,0.0,
6211,510232,M. Dockery,846,852,11.633333333333333,0.0,1.0,0.0,0.0,
6199,510232,N. Haskin,852,846,32.666666666666664,7.0,7.0,1.0,0.0,
6205,510232,Oostrum Sam,852,846,21.683333333333334,5.0,8.0,3.0,0.0,
6202,510232,T. Taylor,852,846,14.333333333333334,4.0,2.0,0.0,0.0,
6214,510232,Van Holst Niels,846,852,12.9,2.0,2.0,1.0,0.0,
6197,510232,Whitfield Devin,852,846,34.56666666666667,23.0,4.0,2.0,3.0,
6203,510232,van Vliet Boy,852,846,8.916666666666666,2.0,0.0,0.0,0.0,
6219,510233,A. Merkviladze,848,303,29.35,16.0,9.0,1.0,2.0,
6215,510233,B. Antoine,848,303,22.533333333333335,5.0,2.0,0.0,0.0,
6221,510233,B. Bergsma,848,303,20.6,19.0,4.0,0.0,2.0,
6220,510233,Brathwaite Oshean,848,303,13.95,0.0,1.0,3.0,0.0,
6229,510233,C. Cleveland,303,848,36.46666666666667,25.0,5.0,3.0,5.0,
6222,510233,D. Adebayo,848,303,8.333333333333334,0.0,2.0,0.0,0.0,
6223,510233,D. Adetunji,848,303,0.7833333333333333,0.0,0.0,0.0,0.0,
6234,510233,E. van Wayenburg,303,848,6.65,4.0,1.0,0.0,0.0,
6233,510233,G. De Mol,303,848,7.1,2.0,1.0,1.0,0.0,
6217,510233,J. Deloach,848,303,21.716666666666665,4.0,5.0,1.0,0.0,
6231,510233,J. Visser,303,848,22.3,2.0,3.0,0.0,0.0,
6216,510233,K. Lamar Godwin,848,303,29.5,13.0,2.0,8.0,3.0,
6224,510233,M. Mccalister,848,303,20.866666666666667,10.0,4.0,0.0,1.0,
6228,510233,Prepelic Bine,303,848,28.683333333333334,6.0,5.0,2.0,0.0,
6227,510233,R. Bucumi,303,848,15.416666666666666,2.0,4.0,1.0,0.0,
6230,510233,S. Schauvlieger,303,848,9.15,2.0,0.0,0.0,0.0,
6225,510233,S. Thomas,303,848,35.38333333333333,27.0,8.0,2.0,3.0,
6218,510233,S. Uijtendaal,848,303,32.36666666666667,14.0,4.0,3.0,3.0,
6226,510233,T. Waerniers,303,848,19.333333333333332,3.0,3.0,0.0,1.0,
6232,510233,V. Kazamias,303,848,19.516666666666666,5.0,2.0,2.0,0.0,
6245,510234,A. Schrevens,7484,7981,0.8,0.0,1.0,0.0,0.0,
6252,510234,B. Lekeu,7981,7484,4.316666666666666,0.0,0.0,0.0,0.0,
6249,510234,C. Matisse,7981,7484,37.6,19.0,8.0,2.0,0.0,
6253,510234,D. Bula,7981,7484,23.666666666666668,9.0,3.0,1.0,1.0,
6243,510234,D. Ntesa,7484,7981,11.633333333333333,9.0,1.0,0.0,1.0,
6235,510234,E. Boone,7484,7981,25.666666666666668,7.0,5.0,8.0,1.0,
6246,510234,G. Tshimanga,7484,7981,13.8,9.0,3.0,0.0,1.0,
6241,510234,J. Bonsenge,7484,7981,2.7,2.0,0.0,0.0,0.0,
6242,510234,J. Kimbrough,7484,7981,15.45,10.0,1.0,0.0,0.0,
6251,510234,J. Mathy,7981,7484,11.166666666666666,0.0,1.0,0.0,0.0,
6256,510234,K. Hawley,7981,7484,8.333333333333334,0.0,1.0,0.0,0.0,
6244,510234,L. Hazard,7484,7981,22.916666666666668,7.0,5.0,4.0,0.0,
6255,510234,M. Balthazar,7981,7484,9.183333333333334,0.0,2.0,1.0,0.0,
6250,510234,M. Bilolo Katuala,7981,7484,31.816666666666666,16.0,3.0,1.0,1.0,
6247,510234,M. Bizimana,7981,7484,40.0,16.0,10.0,1.0,0.0,
6248,510234,R. Bruwier,7981,7484,25.566666666666666,6.0,2.0,1.0,0.0,
6254,510234,S. Di Prospero,7981,7484,8.35,4.0,2.0,0.0,0.0,
6239,510234,T. Richardson,7484,7981,18.766666666666666,13.0,5.0,3.0,3.0,
6237,510234,Tape Patrick,7484,7981,23.483333333333334,9.0,5.0,1.0,0.0,
6240,510234,W. Lavon Person,7484,7981,19.783333333333335,5.0,2.0,2.0,1.0,
6238,510234,Y. Dammen,7484,7981,26.2,18.0,4.0,1.0,2.0,
6236,510234,van den Elzen Stan,7484,7981,18.533333333333335,5.0,1.0,4.0,1.0,
6274,510761,A. Labinowicz,5378,5560,27.25,11.0,6.0,0.0,2.0,
6275,510761,A. Lewandowski,5378,5560,7.5,0.0,2.0,0.0,0.0,
6257,510761,D. Hutchinson,5560,5378,33.266666666666666,24.0,3.0,1.0,3.0,
6264,510761,Dawdo Konrad,5560,5378,13.983333333333333,6.0,4.0,1.0,0.0,
6276,510761,I. Mackowiak,5378,5560,10.783333333333333,3.0,1.0,0.0,1.0,
6261,510761,Indyk Kacper,5560,5378,22.033333333333335,8.0,6.0,0.0,1.0,
6260,510761,J. Gizynski,5560,5378,22.083333333333332,0.0,5.0,1.0,0.0,
6271,510761,J. Sulinger,5378,5560,22.833333333333332,15.0,0.0,2.0,1.0,
6258,510761,K. Wasowicz,5560,5378,22.5,6.0,1.0,4.0,0.0,
6273,510761,Lapeta Adam,5378,5560,19.4,9.0,5.0,0.0,0.0,
6267,510761,M. Bender,5378,5560,20.6,9.0,12.0,1.0,0.0,
6270,510761,M. Kolodziej,5378,5560,29.216666666666665,8.0,8.0,2.0,1.0,
6265,510761,M. Medes,5560,5378,15.833333333333334,6.0,4.0,0.0,0.0,
6268,510761,M. Tomaszewski,5378,5560,21.966666666666665,12.0,3.0,2.0,2.0,
6272,510761,N. Kulon,5378,5560,17.166666666666668,3.0,5.0,2.0,0.0,
6259,510761,P. Karpacz,5560,5378,24.166666666666668,6.0,6.0,1.0,0.0,
6269,510761,Ponitka Marcel,5378,5560,23.283333333333335,16.0,3.0,5.0,2.0,
6262,510761,S. Biernacki,5560,5378,19.45,12.0,6.0,5.0,1.0,
6263,510761,W. Leszczynski,5560,5378,14.333333333333334,4.0,1.0,0.0,0.0,
6266,510761,W. Zub,5560,5378,12.35,0.0,0.0,2.0,0.0,
6286,510762,B. Folga,890,896,5.05,0.0,0.0,1.0,0.0,
6295,510762,B. Monko,896,890,12.616666666666667,0.0,0.0,1.0,0.0,
6289,510762,D. Ziolkowski,896,890,23.05,7.0,5.0,2.0,1.0,
6282,510762,Dziemba Mateusz,890,896,21.3,6.0,2.0,1.0,0.0,
6285,510762,F. Chac,890,896,11.433333333333334,3.0,1.0,0.0,1.0,
6287,510762,J. Couisnard,896,890,27.383333333333333,20.0,4.0,3.0,3.0,
6280,510762,Jeszke Damian,890,896,26.016666666666666,12.0,3.0,1.0,3.0,
6293,510762,K. Barnus,896,890,1.5333333333333332,0.0,0.0,0.0,0.0,
6284,510762,K. Kuczawski,890,896,12.933333333333334,3.0,0.0,3.0,1.0,
6288,510762,K. Rosinski,896,890,26.816666666666666,7.0,4.0,2.0,1.0,
6283,510762,Kiwilsza Szymon,890,896,23.333333333333332,10.0,2.0,2.0,0.0,
6279,510762,M. Jodlowski,890,896,20.85,9.0,8.0,1.0,0.0,
6281,510762,M. Koperski,890,896,31.216666666666665,10.0,5.0,4.0,2.0,
6294,510762,M. Lis,896,890,22.283333333333335,12.0,2.0,2.0,1.0,
6292,510762,M. Szczypinski,896,890,16.95,5.0,5.0,3.0,1.0,
6290,510762,Milovanovic Milan,896,890,31.516666666666666,12.0,20.0,2.0,0.0,
6291,510762,P. Wieloch,896,890,17.716666666666665,7.0,1.0,4.0,1.0,
6277,510762,S. Bozenko,890,896,26.516666666666666,4.0,2.0,3.0,0.0,
6296,510762,S. Walski,896,890,20.133333333333333,8.0,2.0,2.0,2.0,
6278,510762,Snieg Tomasz,890,896,21.333333333333332,8.0,1.0,2.0,0.0,
6311,510763,A. Kemp,893,900,14.666666666666666,6.0,5.0,1.0,0.0,
6306,510763,A. Nowak,900,893,16.866666666666667,3.0,0.0,2.0,1.0,
6305,510763,B. Borys,900,893,21.816666666666666,7.0,1.0,1.0,1.0,
6316,510763,B. Chodukiewicz,893,900,12.5,6.0,3.0,2.0,0.0,
6297,510763,D. Campbell,900,893,35.56666666666667,29.0,1.0,6.0,3.0,
6299,510763,D. Soroka,900,893,22.133333333333333,8.0,1.0,1.0,0.0,
6314,510763,Durski Damian,893,900,8.766666666666667,1.0,2.0,0.0,0.0,
6302,510763,F. Maciejewski,900,893,2.183333333333333,0.0,0.0,0.0,0.0,
6315,510763,F. Struski,893,900,22.4,8.0,2.0,1.0,2.0,
6307,510763,J. Bereszynski,900,893,26.266666666666666,9.0,4.0,2.0,1.0,
6308,510763,J. Murray,893,900,36.916666666666664,37.0,3.0,11.0,6.0,
6300,510763,J. Roche,900,893,19.666666666666668,2.0,3.0,1.0,0.0,
6313,510763,J. Sadowski,893,900,5.45,0.0,0.0,0.0,0.0,
6304,510763,J. Wojcicki,900,893,8.5,4.0,0.0,1.0,0.0,
6298,510763,L. Kupczynski,900,893,26.733333333333334,23.0,1.0,2.0,4.0,
6312,510763,M. Chrabota,893,900,24.433333333333334,11.0,2.0,1.0,1.0,
6309,510763,M. Jankowski,893,900,25.533333333333335,16.0,4.0,3.0,4.0,
6301,510763,M. Kowalczyk,900,893,18.016666666666666,4.0,3.0,1.0,0.0,
6303,510763,M. Szarbatke,900,893,2.25,0.0,0.0,0.0,0.0,
6317,510763,O. J. Hlebowicki,893,900,18.75,5.0,2.0,2.0,1.0,
6310,510763,S. Pawlak,893,900,30.583333333333332,7.0,4.0,1.0,2.0,
6332,510764,A. Skiba,1631,5380,10.4,2.0,1.0,0.0,0.0,
6336,510764,B. Krzysztof,1631,5380,4.216666666666667,0.0,0.0,0.0,0.0,
6320,510764,C. Gaines,5380,1631,35.71666666666667,16.0,10.0,0.0,2.0,
6335,510764,D. Harris,1631,5380,12.383333333333333,8.0,4.0,0.0,0.0,
6325,510764,F. Poradzki,5380,1631,13.566666666666666,10.0,4.0,2.0,0.0,
6321,510764,G. Gilinski,5380,1631,32.46666666666667,20.0,5.0,10.0,1.0,
6328,510764,J. Kobel,1631,5380,23.45,0.0,3.0,3.0,0.0,
6333,510764,K. Bialachowski,1631,5380,5.416666666666667,0.0,0.0,0.0,0.0,
6318,510764,L. Klaczek,5380,1631,29.2,10.0,5.0,5.0,2.0,
6323,510764,M. Duda,5380,1631,24.15,16.0,4.0,2.0,0.0,
6331,510764,M. Koprivica,1631,5380,27.35,10.0,9.0,3.0,0.0,
6329,510764,M. Kroczak,1631,5380,29.716666666666665,22.0,3.0,4.0,4.0,
6334,510764,P. Lis,1631,5380,22.283333333333335,16.0,1.0,5.0,4.0,
6319,510764,P. Wrona,5380,1631,13.3,2.0,3.0,0.0,0.0,
6327,510764,R. Trubacz,1631,5380,35.916666666666664,11.0,6.0,0.0,2.0,
6322,510764,Ross Jacoby,5380,1631,33.96666666666667,12.0,1.0,4.0,0.0,
6324,510764,S. Borowski,5380,1631,3.4833333333333334,1.0,1.0,0.0,0.0,
6330,510764,S. Sobiech,1631,5380,28.866666666666667,18.0,3.0,2.0,0.0,
6326,510764,W. Jagiello,5380,1631,14.166666666666666,3.0,3.0,0.0,1.0,
6338,510765,A. Adamczyk,901,915,17.816666666666666,11.0,2.0,1.0,1.0,
6353,510765,A. Jech,915,901,13.633333333333333,11.0,1.0,0.0,1.0,
6341,510765,D. Blanton,901,915,34.81666666666667,19.0,8.0,6.0,3.0,
6344,510765,F. Siewruk,901,915,25.75,16.0,3.0,1.0,0.0,
6345,510765,J. Kluj,901,915,12.45,2.0,3.0,0.0,0.0,
6340,510765,J. Nowicki,901,915,25.916666666666668,9.0,2.0,2.0,3.0,
6351,510765,Karolak Jakub,915,901,22.233333333333334,11.0,2.0,2.0,2.0,
6342,510765,Malesa Jan,901,915,7.716666666666667,2.0,0.0,0.0,0.0,
6347,510765,Mokros Jaroslaw,915,901,11.15,0.0,0.0,1.0,0.0,
6346,510765,Niedzwiedzki Piotr,915,901,15.766666666666667,9.0,10.0,1.0,0.0,
6337,510765,P. Stankowski,901,915,31.933333333333334,15.0,5.0,8.0,0.0,
6350,510765,R. Glasper,915,901,33.63333333333333,21.0,3.0,4.0,3.0,
6355,510765,S. Cottle,915,901,25.416666666666668,21.0,2.0,4.0,2.0,
6339,510765,S. Rompa,901,915,20.9,7.0,5.0,0.0,1.0,
6354,510765,S. Sunday,915,901,13.633333333333333,4.0,6.0,0.0,0.0,
6343,510765,Samsonowicz Michal,901,915,22.7,13.0,1.0,0.0,4.0,
6349,510765,Siembiga Wojciech,915,901,27.8,9.0,5.0,1.0,1.0,
6352,510765,W. Czerlonko,915,901,22.783333333333335,9.0,3.0,0.0,0.0,
6348,510765,Wadowski Igor,915,901,13.983333333333333,4.0,2.0,3.0,0.0,
6374,510766,A. Najder,897,6525,2.9166666666666665,0.0,0.0,0.0,0.0,
6359,510766,Bartosz Mateusz,6525,897,26.5,9.0,13.0,2.0,0.0,
6369,510766,Bogucki Adrian,897,6525,30.683333333333334,11.0,10.0,1.0,0.0,
6356,510766,Grochowski Grzegorz,6525,897,27.383333333333333,8.0,4.0,9.0,2.0,
6371,510766,H. Lalak,897,6525,18.366666666666667,3.0,5.0,6.0,1.0,
6357,510766,J. Gorenczyk,6525,897,22.466666666666665,13.0,3.0,0.0,0.0,
6372,510766,K. Kankowski,897,6525,15.233333333333333,12.0,1.0,0.0,1.0,
6362,510766,K. Margiciok,6525,897,30.783333333333335,9.0,3.0,1.0,3.0,
6364,510766,K. Mlynarski,6525,897,10.9,1.0,3.0,0.0,0.0,
6373,510766,M. Stopierzynski,897,6525,5.35,2.0,3.0,1.0,0.0,
6363,510766,M. Szefler,6525,897,11.566666666666666,2.0,1.0,0.0,0.0,
6358,510766,O. Antypov,6525,897,32.45,16.0,3.0,1.0,2.0,
6367,510766,P. Dzierzak,897,6525,25.383333333333333,11.0,4.0,5.0,3.0,
6361,510766,R. Szpakowski,6525,897,12.616666666666667,5.0,0.0,1.0,1.0,
6368,510766,Ryzek Szymon,897,6525,27.516666666666666,14.0,2.0,3.0,3.0,
6365,510766,S. Santis,897,6525,27.833333333333332,11.0,3.0,0.0,1.0,
6370,510766,Sitnik Michal,897,6525,21.0,16.0,3.0,2.0,3.0,
6366,510766,W. Mitchell,897,6525,25.716666666666665,18.0,1.0,3.0,2.0,
6360,510766,Zegzula Filip,6525,897,25.333333333333332,9.0,1.0,1.0,2.0,
6379,510767,A. Kordalski,3094,892,27.8,19.0,7.0,10.0,1.0,
6376,510767,B. Majewski,3094,892,35.3,8.0,2.0,1.0,2.0,
6380,510767,B. Wrobel,3094,892,32.516666666666666,31.0,6.0,1.0,7.0,
6388,510767,Czujkowski Alan,892,3094,16.45,0.0,3.0,0.0,0.0,
6387,510767,D. Rutkowski,892,3094,33.266666666666666,14.0,5.0,6.0,2.0,
6389,510767,Gorenczyk Milosz,892,3094,10.25,10.0,0.0,0.0,1.0,
6377,510767,Gromovs Ilja,3094,892,27.433333333333334,17.0,4.0,2.0,0.0,
6375,510767,J. Johnson,3094,892,21.75,9.0,0.0,2.0,2.0,
6378,510767,K. Urbaniak-Dornstauder,3094,892,9.166666666666666,3.0,1.0,0.0,0.0,
6390,510767,Leonczyk Pawel,892,3094,21.516666666666666,4.0,14.0,2.0,0.0,
6383,510767,M. Kurpisz,892,3094,21.3,11.0,3.0,1.0,1.0,
6392,510767,M. Samolak,892,3094,2.8166666666666664,0.0,1.0,0.0,0.0,
6385,510767,Malgorzaciak Filip,892,3094,33.31666666666667,23.0,2.0,1.0,0.0,
6382,510767,R. Komenda,3094,892,24.733333333333334,7.0,10.0,2.0,0.0,
6384,510767,S. Dlugosz,892,3094,13.583333333333334,10.0,2.0,0.0,0.0,
6391,510767,S. Janczak,892,3094,7.516666666666667,8.0,2.0,0.0,0.0,
6381,510767,W. Rajewicz,3094,892,21.283333333333335,8.0,1.0,7.0,1.0,
6386,510767,Washington James,892,3094,40.0,9.0,1.0,7.0,0.0,
6400,510768,A. Chalupa,903,2273,3.466666666666667,0.0,0.0,0.0,0.0,
6415,510768,B. Bekarciak,2273,903,1.6666666666666665,0.0,0.0,0.0,0.0,
6410,510768,B. Stubba,2273,903,0.26666666666666666,0.0,0.0,0.0,0.0,
6398,510768,D. Grzejszcyk,903,2273,3.3666666666666667,2.0,1.0,0.0,0.0,
6401,510768,Dereszynski Filip,903,2273,0.4666666666666667,0.0,0.0,0.0,0.0,
6406,510768,Gurtatowski Filip,2273,903,30.35,15.0,2.0,2.0,2.0,
6403,510768,J. Antczak,903,2273,0.4666666666666667,0.0,0.0,0.0,0.0,
6407,510768,J. Coke-Domingue,2273,903,29.083333333333332,13.0,7.0,6.0,1.0,
6394,510768,J. Koelner,903,2273,21.7,12.0,0.0,2.0,0.0,
6404,510768,J. Osinski,903,2273,16.816666666666666,6.0,4.0,0.0,0.0,
6397,510768,J. Patoka,903,2273,34.0,9.0,2.0,6.0,1.0,
6395,510768,M. Jedrzejewski,903,2273,29.116666666666667,11.0,4.0,5.0,1.0,
6411,510768,M. Konopatzki,2273,903,20.0,0.0,3.0,4.0,0.0,
6402,510768,M. Orlowski,903,2273,17.4,8.0,3.0,1.0,1.0,
6414,510768,M. Ratajczak,2273,903,18.85,8.0,5.0,3.0,1.0,
6396,510768,M. Zagorski,903,2273,30.083333333333332,21.0,6.0,2.0,0.0,
6412,510768,Musial Jedrzej,2273,903,4.333333333333333,0.0,0.0,0.0,0.0,
6409,510768,O. Szczepanski,2273,903,24.35,12.0,10.0,1.0,0.0,
6408,510768,P. Kuzkow,2273,903,26.483333333333334,23.0,4.0,0.0,2.0,
6413,510768,Rutecki Jacek,2273,903,11.833333333333334,2.0,0.0,2.0,0.0,
6405,510768,S. Haynes-Jones,2273,903,29.183333333333334,8.0,2.0,2.0,0.0,
6399,510768,S. Lata,903,2273,10.55,5.0,0.0,5.0,1.0,
6416,510768,T. Dydak,2273,903,3.6,2.0,2.0,0.0,0.0,
6393,510768,Waldow Brad,903,2273,32.56666666666667,23.0,10.0,6.0,0.0,
6424,510985,A. Poggio,7979,2270,9.016666666666667,0.0,4.0,0.0,0.0,
6426,510985,A. Simon,2270,7979,31.316666666666666,7.0,6.0,0.0,1.0,
6433,510985,B. Cere,2270,7979,2.183333333333333,0.0,0.0,0.0,0.0,
6420,510985,Borondy Vivien,7979,2270,28.3,5.0,1.0,2.0,1.0,
6429,510985,E. Scott,2270,7979,28.9,10.0,9.0,0.0,0.0,
6422,510985,G. Sammartini,7979,2270,10.333333333333334,2.0,1.0,0.0,0.0,
6431,510985,Giacchetti Emma,2270,7979,19.833333333333332,2.0,3.0,6.0,0.0,
6425,510985,Gilli Caterina,7979,2270,19.433333333333334,5.0,4.0,1.0,0.0,
6417,510985,Hoppie Qadashah,7979,2270,35.43333333333333,24.0,5.0,1.0,3.0,
6419,510985,J. Cornelie-Sigmundova,7979,2270,30.983333333333334,10.0,16.0,4.0,0.0,
6430,510985,K. Vilka,2270,7979,36.166666666666664,11.0,5.0,2.0,1.0,
6423,510985,L. Toffali,7979,2270,8.75,1.0,0.0,0.0,0.0,
6427,510985,Madera Sara,2270,7979,29.3,9.0,6.0,1.0,0.0,
6432,510985,Meldere Laura,2270,7979,11.25,4.0,4.0,0.0,1.0,
6434,510985,Miccoli Maria,2270,7979,10.7,3.0,1.0,0.0,0.0,
6428,510985,Morrison Que,2270,7979,30.35,11.0,1.0,3.0,2.0,
6418,510985,N. N'Guessan,7979,2270,13.666666666666666,0.0,2.0,1.0,0.0,
6421,510985,Natali Giulia,7979,2270,22.266666666666666,4.0,2.0,1.0,0.0,
6440,510986,A. Diagne,743,5014,3.6666666666666665,0.0,1.0,0.0,0.0,
6443,510986,Brejchova Eliska,5014,743,28.7,13.0,0.0,3.0,3.0,
6444,510986,C. Clark,5014,743,30.25,16.0,13.0,1.0,1.0,
6446,510986,C. Miccoli,5014,743,8.133333333333333,5.0,1.0,0.0,1.0,
6448,510986,Dotto Caterina,5014,743,30.033333333333335,2.0,4.0,6.0,0.0,
6437,510986,E. Herminjard,743,5014,33.68333333333333,35.0,5.0,5.0,6.0,
6447,510986,Farabello Aurora,5014,743,7.116666666666666,0.0,1.0,1.0,0.0,
6435,510986,Guarise Irene,743,5014,36.68333333333333,15.0,4.0,1.0,3.0,
6442,510986,I. Bernardi,5014,743,30.0,13.0,2.0,3.0,1.0,
6438,510986,I. Georgieva,743,5014,32.8,16.0,10.0,2.0,1.0,
6441,510986,Lucantoni Lavinia,5014,743,11.633333333333333,2.0,1.0,3.0,0.0,
6436,510986,Pastrello Silvia,743,5014,34.95,6.0,7.0,4.0,1.0,
6439,510986,T. Sjokvist,743,5014,14.633333333333333,3.0,1.0,1.0,1.0,
6445,510986,Trucco Valeria,5014,743,22.266666666666666,6.0,5.0,2.0,0.0,
6458,510987,A. Delboni da Silva,3773,745,12.633333333333333,0.0,2.0,2.0,0.0,
6452,510987,Cubaj Lorela,745,3773,19.033333333333335,8.0,12.0,4.0,0.0,
6456,510987,Dojkic Ivana,745,3773,20.333333333333332,2.0,3.0,0.0,0.0,
6457,510987,M. Crippa,3773,745,11.55,0.0,1.0,0.0,0.0,
6453,510987,M. Santucci,745,3773,20.316666666666666,6.0,3.0,2.0,0.0,
6455,510987,Pan Francesca,745,3773,17.4,4.0,4.0,0.0,0.0,
6450,510987,Pasa Francesca,745,3773,22.483333333333334,4.0,1.0,4.0,0.0,
6459,510987,S. Balzani,3773,745,2.3166666666666664,0.0,0.0,0.0,0.0,
6454,510987,Smorto Giovanna,745,3773,12.25,0.0,3.0,0.0,0.0,
6449,510987,Villa Matilde,745,3773,24.95,24.0,5.0,1.0,1.0,
6451,510987,Whittle Marena,745,3773,19.666666666666668,17.0,7.0,4.0,3.0,
6476,510988,A. Egwoh,744,3005,10.533333333333333,5.0,5.0,1.0,0.0,
6461,510988,A. Sandberg,3005,744,36.36666666666667,11.0,4.0,2.0,1.0,
6472,510988,Andre Olbis,744,3005,17.6,11.0,12.0,1.0,0.0,
6477,510988,B. Attura,744,3005,23.616666666666667,11.0,2.0,2.0,1.0,
6473,510988,Bertsch Morgan,744,3005,20.5,11.0,5.0,3.0,1.0,
6466,510988,F. Corti,3005,744,8.483333333333333,0.0,0.0,1.0,0.0,
6464,510988,I. Radice,3005,744,4.533333333333333,0.0,1.0,0.0,0.0,
6469,510988,K. Mestdagh,744,3005,26.15,17.0,1.0,4.0,3.0,
6478,510988,Keys Jasmine,744,3005,18.533333333333335,6.0,7.0,2.0,0.0,
6463,510988,M. Brennecke,3005,744,21.7,7.0,4.0,0.0,1.0,
6475,510988,M. Coulibaly,744,3005,17.75,24.0,7.0,0.0,1.0,
6468,510988,Olandi Giulia,3005,744,13.85,0.0,1.0,1.0,0.0,
6471,510988,Panzera Ilaria,744,3005,24.233333333333334,3.0,3.0,3.0,1.0,
6460,510988,Pilatone Maria,3005,744,28.3,7.0,0.0,2.0,1.0,
6467,510988,Redaelli Giorgia,3005,744,6.15,0.0,1.0,0.0,0.0,
6462,510988,Spinelli Martina,3005,744,30.283333333333335,7.0,5.0,0.0,1.0,
6465,510988,Tavella Eleonora,3005,744,13.166666666666666,0.0,0.0,0.0,0.0,
6474,510988,Verona Costanza,744,3005,15.666666666666666,7.0,2.0,6.0,1.0,
6470,510988,Zanardi Carlotta,744,3005,25.416666666666668,3.0,8.0,5.0,1.0,
6484,510989,A. Appetiti,742,736,1.3166666666666667,0.0,0.0,0.0,0.0,
6488,510989,A. Battle,736,742,33.18333333333333,10.0,7.0,2.0,1.0,
6495,510989,C. Gianolla,736,742,24.383333333333333,4.0,6.0,0.0,0.0,
6496,510989,Crippa Martina,736,742,11.0,0.0,1.0,3.0,0.0,
6487,510989,E. Magni,742,736,17.066666666666666,1.0,4.0,1.0,0.0,
6485,510989,F. Merisio,742,736,9.966666666666667,0.0,2.0,3.0,0.0,
6493,510989,G. Moroni,736,742,10.85,4.0,1.0,0.0,0.0,
6492,510989,H. Stuelke,736,742,30.516666666666666,8.0,3.0,1.0,0.0,
6490,510989,Jasa Vanessa,736,742,34.35,21.0,4.0,2.0,1.0,
6480,510989,L. Cornelius,742,736,31.716666666666665,15.0,3.0,10.0,1.0,
6481,510989,L. White,742,736,34.25,20.0,5.0,3.0,4.0,
6483,510989,M. Hayes,742,736,27.0,10.0,2.0,0.0,1.0,
6494,510989,N. Manizza,736,742,7.2,0.0,0.0,0.0,0.0,
6486,510989,Nicolodi Giuditta,742,736,25.15,7.0,4.0,2.0,0.0,
6479,510989,Okosun Julianna,742,736,30.5,28.0,6.0,1.0,0.0,
6482,510989,Toffolo Sara,742,736,23.033333333333335,13.0,1.0,2.0,3.0,
6489,510989,Togliani Anna,736,742,30.616666666666667,20.0,5.0,2.0,2.0,
6491,510989,Winkowska Anna,736,742,17.9,4.0,2.0,0.0,0.0,
6503,510990,A. Lokoka,7510,735,14.766666666666667,6.0,3.0,0.0,2.0,
6500,510990,Arado Arianna,7510,735,22.766666666666666,10.0,6.0,3.0,1.0,
6499,510990,C. Fondren,7510,735,23.383333333333333,6.0,7.0,6.0,0.0,
6497,510990,Conte Anastasia,7510,735,18.916666666666668,17.0,3.0,2.0,4.0,
6507,510990,Del Sole Laura,735,7510,33.06666666666667,13.0,2.0,1.0,2.0,
6501,510990,E. Dixon,7510,735,21.35,11.0,2.0,0.0,0.0,
6514,510990,F. Evangelista,735,7510,8.933333333333334,3.0,0.0,0.0,1.0,
6498,510990,F. Leonardi,7510,735,24.5,14.0,4.0,2.0,2.0,
6516,510990,G. Cola,735,7510,16.666666666666668,0.0,2.0,0.0,0.0,
6510,510990,G. Dominique,735,7510,29.683333333333334,6.0,8.0,1.0,0.0,
6513,510990,G. Nardone,735,7510,5.166666666666667,0.0,0.0,0.0,0.0,
6512,510990,G. Piccinini,735,7510,1.6666666666666665,0.0,0.0,0.0,0.0,
6515,510990,I. Pansini,735,7510,14.6,2.0,1.0,0.0,0.0,
6502,510990,M. Carosi,7510,735,12.633333333333333,0.0,1.0,1.0,0.0,
6508,510990,N. Cornfield,735,7510,38.46666666666667,14.0,4.0,0.0,0.0,
6511,510990,N. E. Carol,735,7510,21.2,7.0,6.0,1.0,0.0,
6509,510990,Policari Elisa,735,7510,30.55,9.0,3.0,1.0,1.0,
6505,510990,S. Frustaci,7510,735,24.3,6.0,4.0,5.0,1.0,
6504,510990,V. Pysmennyk,7510,735,19.366666666666667,3.0,5.0,1.0,0.0,
6506,510990,Varga Aliz,7510,735,18.016666666666666,2.0,5.0,0.0,0.0,
6521,511177,A. Ducas,1369,1371,15.316666666666666,5.0,0.0,3.0,1.0,
6518,511177,A. Stoimenov,1369,1371,20.483333333333334,12.0,0.0,1.0,0.0,
6528,511177,Abell Remy,1371,1369,32.53333333333333,21.0,4.0,2.0,4.0,
6531,511177,Burke Dachon,1371,1369,15.85,10.0,1.0,1.0,0.0,
6529,511177,Chernokozhev Tsvetomir,1371,1369,24.25,9.0,4.0,0.0,1.0,
6517,511177,Edge Darnell,1369,1371,31.633333333333333,26.0,3.0,5.0,4.0,
6525,511177,Grozev Nikolay,1369,1371,12.116666666666667,2.0,0.0,0.0,0.0,
6530,511177,Ivanov Andrey,1371,1369,22.35,4.0,5.0,0.0,0.0,
6522,511177,Ivanov Pavlin,1369,1371,15.516666666666667,0.0,3.0,3.0,0.0,
6519,511177,J. McCoy,1369,1371,22.9,28.0,4.0,5.0,2.0,
6532,511177,Marinov Marin,1371,1369,30.683333333333334,0.0,9.0,2.0,0.0,
6526,511177,Sotirov Martin,1369,1371,14.883333333333333,4.0,3.0,1.0,0.0,
6520,511177,Spirov Ivan,1369,1371,20.083333333333332,8.0,5.0,0.0,1.0,
6527,511177,Stoyanov Nikolay,1371,1369,20.583333333333332,5.0,0.0,1.0,0.0,
6524,511177,Toshkov Konstantin,1369,1371,14.083333333333334,0.0,1.0,0.0,0.0,
6523,511177,U. Kamka-Chomke,1369,1371,14.166666666666666,5.0,3.0,0.0,0.0,
6533,511177,Z. Knowles,1371,1369,12.75,4.0,4.0,1.0,0.0,
6547,511188,Akyazili Thomas,2264,5680,16.283333333333335,8.0,1.0,1.0,2.0,
6543,511188,Akyel Metehan,5680,2264,2.05,0.0,1.0,0.0,0.0,
6538,511188,Arna Egehan,5680,2264,32.2,14.0,7.0,6.0,3.0,
6551,511188,C. Horton,2264,5680,22.283333333333335,9.0,3.0,3.0,0.0,
6552,511188,Cook Keandre,2264,5680,24.366666666666667,12.0,5.0,3.0,3.0,
6541,511188,E. Tunca,5680,2264,9.0,0.0,2.0,0.0,0.0,
6554,511188,Hanlan Olivier,2264,5680,21.016666666666666,5.0,1.0,4.0,1.0,
6546,511188,J. Uthoff,2264,5680,23.216666666666665,10.0,2.0,1.0,2.0,
6545,511188,M. Abmas,2264,5680,32.666666666666664,15.0,3.0,8.0,1.0,
6534,511188,M. Davis Jr,5680,2264,36.46666666666667,19.0,7.0,6.0,4.0,
6540,511188,McCollum Errick,5680,2264,26.933333333333334,26.0,2.0,3.0,4.0,
6550,511188,Onan Yigit,2264,5680,18.833333333333332,11.0,7.0,0.0,0.0,
6548,511188,Pasecniks Anzejs,2264,5680,15.883333333333333,8.0,2.0,2.0,0.0,
6537,511188,Sow Amadou,5680,2264,18.866666666666667,8.0,5.0,2.0,2.0,
6553,511188,T. Gorener,2264,5680,9.716666666666667,2.0,3.0,0.0,0.0,
6544,511188,Thomas Khyri,2264,5680,13.133333333333333,7.0,2.0,0.0,1.0,
6542,511188,Usher Jordan,5680,2264,12.016666666666667,8.0,3.0,0.0,1.0,
6535,511188,Van Der Vuurst Keye,5680,2264,15.016666666666667,2.0,3.0,2.0,0.0,
6539,511188,Webb James,5680,2264,17.216666666666665,3.0,4.0,2.0,0.0,
6536,511188,Yebo Kevin,5680,2264,30.233333333333334,16.0,4.0,2.0,1.0,
6549,511188,Yilmaz Ozan,2264,5680,2.6,0.0,0.0,0.0,0.0,
6559,511189,Agva Mahir,5505,1276,21.833333333333332,2.0,6.0,5.0,0.0,
6576,511189,Apaydin Leon Harun,1276,5505,2.85,0.0,0.0,0.0,0.0,
6555,511189,B. Ivey,5505,1276,31.166666666666668,21.0,4.0,2.0,6.0,
6557,511189,Bailey Victor,5505,1276,28.466666666666665,15.0,3.0,2.0,3.0,
6570,511189,Brown Gabe,1276,5505,23.833333333333332,11.0,4.0,1.0,3.0,
6566,511189,Carter Terrel,1276,5505,12.616666666666667,6.0,1.0,0.0,0.0,
6562,511189,Dunn Jhonathan,5505,1276,9.916666666666666,6.0,0.0,2.0,2.0,
6568,511189,E. Postel,1276,5505,12.966666666666667,2.0,1.0,2.0,0.0,
6561,511189,Gazi Erten,5505,1276,23.583333333333332,11.0,1.0,2.0,3.0,
6563,511189,Guven Egemen,5505,1276,16.566666666666666,7.0,4.0,1.0,0.0,
6572,511189,Kabaca Sadik,1276,5505,12.916666666666666,9.0,3.0,0.0,1.0,
6564,511189,M. Amzil,5505,1276,2.783333333333333,3.0,0.0,0.0,1.0,
6560,511189,M. Yilmaz,5505,1276,,0.0,0.0,0.0,0.0,
6573,511189,McNeace Jamuni,1276,5505,19.833333333333332,6.0,3.0,1.0,0.0,
6558,511189,Meeks John,5505,1276,37.6,22.0,3.0,6.0,3.0,
6575,511189,Nutall Zachary,1276,5505,23.916666666666668,13.0,3.0,3.0,1.0,
6556,511189,Pecarski Marko,5505,1276,27.45,14.0,7.0,1.0,0.0,
6574,511189,S. Reynolds,1276,5505,27.916666666666668,9.0,1.0,6.0,0.0,
6571,511189,Saybir Yigitcan,1276,5505,27.933333333333334,20.0,5.0,1.0,0.0,
6569,511189,T. Jones,1276,5505,17.716666666666665,4.0,1.0,3.0,0.0,
6567,511189,Thurman Tre&apos;Shawn,1276,5505,17.5,7.0,6.0,1.0,0.0,
6565,511189,Y. Alisan,5505,1276,,0.0,0.0,0.0,0.0,
6592,511191,A. Camoglu,7961,1270,12.65,0.0,1.0,0.0,0.0,
6591,511191,A. Reese,7961,1270,22.983333333333334,9.0,5.0,2.0,2.0,
6589,511191,B. Akin,7961,1270,18.016666666666666,2.0,2.0,1.0,0.0,
6587,511191,B. Buie,7961,1270,23.033333333333335,14.0,1.0,1.0,2.0,
6583,511191,Bitim Onuralp,1270,7961,23.95,13.0,3.0,1.0,2.0,
6585,511191,C. Silva,1270,7961,17.183333333333334,2.0,5.0,2.0,0.0,
6584,511191,Clyburn Will,1270,7961,16.3,3.0,2.0,1.0,0.0,
6595,511191,Danusevicius Paulius,7961,1270,10.166666666666666,2.0,3.0,0.0,0.0,
6588,511191,Davis Jonathan,7961,1270,36.266666666666666,14.0,4.0,4.0,2.0,
6596,511191,F. Barna,7961,1270,22.633333333333333,18.0,3.0,3.0,2.0,
6581,511191,Forrest Trent,1270,7961,21.7,7.0,4.0,1.0,1.0,
6579,511191,Horton-Tucker Talen,1270,7961,21.633333333333333,22.0,5.0,3.0,3.0,
6580,511191,Juzang Johnny,1270,7961,26.916666666666668,21.0,7.0,2.0,3.0,
6582,511191,Larkin Shane,1270,7961,16.766666666666666,3.0,1.0,0.0,1.0,
6594,511191,M. Akay,7961,1270,9.333333333333334,2.0,0.0,2.0,0.0,
6590,511191,M. Mitchell,7961,1270,26.333333333333332,15.0,2.0,1.0,1.0,
6577,511191,Melli Nicolo,1270,7961,22.8,7.0,3.0,1.0,0.0,
6593,511191,O. Cluff,7961,1270,18.583333333333332,8.0,5.0,1.0,0.0,
6578,511191,Sanli Sertac,1270,7961,15.616666666666667,3.0,3.0,1.0,0.0,
6586,511191,Sargiunas Ignas,1270,7961,17.133333333333333,4.0,1.0,1.0,0.0,
6613,511192,Akpinar Ismet,1264,5678,10.95,6.0,1.0,0.0,2.0,
6609,511192,Cavanaugh Tyler,1264,5678,21.983333333333334,13.0,1.0,1.0,1.0,
6597,511192,Crawford Jordon,5678,1264,30.816666666666666,27.0,2.0,3.0,2.0,
6616,511192,Flynn Malachi,1264,5678,28.616666666666667,14.0,3.0,5.0,2.0,
6607,511192,Gallinat Roberto,5678,1264,5.433333333333334,0.0,0.0,0.0,0.0,
6604,511192,Gulaslan Gani,5678,1264,14.95,0.0,2.0,0.0,0.0,
6615,511192,Haltali Furkan,1264,5678,12.883333333333333,5.0,4.0,1.0,0.0,
6614,511192,Inglis Damien,1264,5678,17.533333333333335,5.0,3.0,1.0,0.0,
6601,511192,Kus Canberk,5678,1264,13.433333333333334,2.0,0.0,1.0,0.0,
6617,511192,Mike Isiaha,1264,5678,19.05,0.0,4.0,0.0,0.0,
6602,511192,N. Brooks,5678,1264,20.1,8.0,8.0,0.0,0.0,
6603,511192,Ozmizrak Kartal,5678,1264,9.016666666666667,0.0,0.0,1.0,0.0,
6610,511192,Ponitka Mateusz,1264,5678,21.233333333333334,2.0,1.0,3.0,0.0,
6608,511192,Reed Marcquise,1264,5678,16.75,7.0,0.0,1.0,1.0,
6600,511192,Simmons Jeremy,5678,1264,19.9,7.0,2.0,1.0,1.0,
6612,511192,Sipahi Kenan,1264,5678,24.05,12.0,1.0,4.0,2.0,
6606,511192,Sokolowski Michal,5678,1264,12.433333333333334,3.0,1.0,1.0,1.0,
6599,511192,Sulaimon Rasheed,5678,1264,33.483333333333334,16.0,3.0,2.0,2.0,
6605,511192,Taskiran Enes,5678,1264,4.866666666666667,0.0,0.0,1.0,0.0,
6598,511192,White Fabian,5678,1264,35.56666666666667,13.0,9.0,1.0,0.0,
6611,511192,Williams Trevion,1264,5678,26.95,20.0,15.0,2.0,1.0,
6624,511193,B. Cal,1267,1277,7.85,0.0,2.0,0.0,0.0,
6631,511193,Bako Ismael,1277,1267,22.533333333333335,8.0,5.0,2.0,0.0,
6635,511193,Bankston Kris,1277,1267,21.066666666666666,7.0,2.0,0.0,0.0,
6636,511193,Bas Goktug,1277,1267,6.816666666666666,0.0,1.0,1.0,0.0,
6629,511193,D. Ozdemiroglu,1277,1267,25.25,8.0,4.0,6.0,0.0,
6620,511193,D. Watson,1267,1277,25.516666666666666,6.0,7.0,1.0,0.0,
6618,511193,Freeman-Liberty Javon,1267,1277,34.8,22.0,4.0,4.0,3.0,
6619,511193,Hammonds Leyton,1267,1277,27.733333333333334,5.0,8.0,3.0,0.0,
6634,511193,Harding Jerrick,1277,1267,19.75,24.0,1.0,1.0,3.0,
6625,511193,Ilyasoglu Omer,1267,1277,14.983333333333333,6.0,2.0,2.0,0.0,
6627,511193,Kahraman Ata,1277,1267,19.4,10.0,2.0,3.0,1.0,
6630,511193,Lamb Anthony,1277,1267,24.616666666666667,3.0,4.0,5.0,1.0,
6623,511193,Moore Michael,1267,1277,24.033333333333335,2.0,4.0,0.0,0.0,
6628,511193,Schneider Tim,1277,1267,19.4,4.0,2.0,0.0,0.0,
6622,511193,Taylor Brandon,1267,1277,34.96666666666667,19.0,5.0,6.0,3.0,
6633,511193,Taylor Tony,1277,1267,17.416666666666668,7.0,3.0,3.0,1.0,
6621,511193,Tirpanci Efe Ergi,1267,1277,22.083333333333332,7.0,2.0,3.0,1.0,
6632,511193,Trifunovic Uros,1277,1267,23.75,7.0,0.0,1.0,1.0,
6626,511193,W. Washington,1267,1277,8.033333333333333,2.0,3.0,0.0,0.0,
6644,511194,Aldridge Peyton,7931,1263,20.65,5.0,9.0,3.0,1.0,
6638,511194,Demir Berk,7931,1263,16.166666666666668,3.0,3.0,0.0,1.0,
6650,511194,Fernando Bruno,1263,7931,11.816666666666666,0.0,2.0,0.0,0.0,
6645,511194,Hankins Zachary,7931,1263,21.0,12.0,8.0,0.0,0.0,
6640,511194,Jefferson Damien,7931,1263,21.283333333333335,8.0,3.0,2.0,2.0,
6655,511194,K. Jones,1263,7931,28.183333333333334,11.0,10.0,0.0,0.0,
6647,511194,Loyd Jordan,1263,7931,28.15,15.0,3.0,2.0,3.0,
6653,511194,Malcolm Collin,1263,7931,24.266666666666666,13.0,2.0,3.0,1.0,
6643,511194,Maxhuni Edon,7931,1263,10.833333333333334,6.0,1.0,2.0,1.0,
6646,511194,Mutaf David,1263,7931,20.783333333333335,3.0,1.0,0.0,1.0,
6651,511194,Osmani Ercan,1263,7931,11.15,4.0,2.0,0.0,0.0,
6641,511194,Peterson Quentin,7931,1263,33.71666666666667,25.0,4.0,2.0,6.0,
6652,511194,Russell Daron,1263,7931,14.85,9.0,0.0,2.0,1.0,
6648,511194,Saric Dario,1263,7931,19.366666666666667,10.0,6.0,2.0,0.0,
6649,511194,Strazel Matthew,1263,7931,26.166666666666668,14.0,4.0,9.0,1.0,
6637,511194,T. Gordon,7931,1263,33.86666666666667,10.0,8.0,4.0,2.0,
6639,511194,Toure Boubacar,7931,1263,18.65,8.0,6.0,0.0,0.0,
6642,511194,Ulubay Okben,7931,1263,23.833333333333332,2.0,2.0,3.0,0.0,
6654,511194,Yilmaz Erkan,1263,7931,15.283333333333333,6.0,4.0,1.0,0.0,
6672,511195,Arslan Yigit,1736,1266,24.716666666666665,8.0,3.0,0.0,2.0,
6661,511195,Birsen James,1266,1736,15.766666666666667,11.0,2.0,0.0,0.0,
6660,511195,Brown Anthony,1266,1736,23.533333333333335,12.0,5.0,3.0,2.0,
6674,511195,Canaan Isaiah,1736,1266,20.733333333333334,14.0,0.0,2.0,1.0,
6667,511195,Caupain Troy,1736,1266,26.5,14.0,6.0,6.0,2.0,
6663,511195,DeJulius David,1266,1736,15.2,7.0,2.0,3.0,1.0,
6656,511195,Dotson Devon,1266,1736,25.05,6.0,1.0,2.0,2.0,
6665,511195,F. Korkmaz,1266,1736,19.6,3.0,5.0,2.0,1.0,
6670,511195,Manek Brady,1736,1266,27.75,9.0,2.0,2.0,3.0,
6658,511195,Morgan Conor,1266,1736,20.016666666666666,6.0,4.0,3.0,2.0,
6664,511195,Nowell Jaylen,1266,1736,18.433333333333334,16.0,0.0,1.0,2.0,
6659,511195,Omoruyi Eugene,1266,1736,24.533333333333335,14.0,7.0,3.0,2.0,
6671,511195,Oncel Ridvan,1736,1266,15.283333333333333,7.0,0.0,0.0,1.0,
6673,511195,Terry Emanuel,1736,1266,13.383333333333333,2.0,6.0,0.0,0.0,
6669,511195,Tillman Xavier,1736,1266,26.616666666666667,9.0,4.0,1.0,0.0,
6657,511195,Ugurlu Berk,1266,1736,19.5,11.0,2.0,3.0,3.0,
6662,511195,Wilbekin Scottie,1266,1736,3.9,2.0,0.0,0.0,0.0,
6668,511195,Yeboah Akwasi,1736,1266,24.2,7.0,4.0,0.0,1.0,
6666,511195,Zizic Ante,1266,1736,14.466666666666667,2.0,3.0,1.0,0.0,
6680,511425,A. Ercelik,2345,1261,2.2333333333333334,0.0,0.0,0.0,0.0,
6677,511425,A. Harma,2345,1261,13.133333333333333,0.0,1.0,1.0,0.0,
6695,511425,A. Torcu,1261,2345,3.183333333333333,0.0,0.0,0.0,0.0,
6692,511425,A. Ulker,1261,2345,0.6,1.0,0.0,0.0,0.0,
6694,511425,Anigwe Kristine,1261,2345,28.0,16.0,10.0,1.0,0.0,
6675,511425,B. Akbas,2345,1261,24.566666666666666,7.0,6.0,5.0,1.0,
6691,511425,B. Simsek,1261,2345,0.6,0.0,0.0,0.0,0.0,
6696,511425,D. Yaya,1261,2345,19.616666666666667,2.0,2.0,2.0,0.0,
6679,511425,Diaby Kariata,2345,1261,23.166666666666668,18.0,9.0,1.0,0.0,
6684,511425,E. Guler,2345,1261,6.45,0.0,0.0,2.0,0.0,
6683,511425,E. Ural,2345,1261,16.516666666666666,0.0,4.0,0.0,0.0,
6686,511425,Heal Shyla,1261,2345,29.083333333333332,15.0,3.0,1.0,3.0,
6678,511425,Iagupova Alina,2345,1261,25.0,14.0,6.0,4.0,2.0,
6689,511425,J. Brown,1261,2345,29.0,8.0,3.0,2.0,1.0,
6676,511425,J. Thomas,2345,1261,27.116666666666667,14.0,5.0,7.0,3.0,
6690,511425,K. Erat,1261,2345,25.95,6.0,2.0,1.0,1.0,
6681,511425,K. Ozek,2345,1261,5.566666666666666,0.0,1.0,1.0,0.0,
6687,511425,M. Ari,1261,2345,29.566666666666666,4.0,2.0,5.0,0.0,
6682,511425,S. Atas,2345,1261,18.116666666666667,9.0,5.0,1.0,1.0,
6688,511425,S. Cooks,1261,2345,27.366666666666667,12.0,6.0,2.0,0.0,
6685,511425,Samuelson Karlie,2345,1261,19.8,13.0,3.0,1.0,2.0,
6693,511425,Yilmaz Ayse,1261,2345,6.45,0.0,2.0,1.0,0.0,
6706,511426,A. Ulker,3969,1252,7.216666666666667,3.0,0.0,0.0,1.0,
6698,511426,C. Akpinar,3969,1252,22.25,8.0,1.0,4.0,0.0,
6714,511426,E. Akhator,1252,3969,25.433333333333334,4.0,8.0,0.0,0.0,
6705,511426,F. Laic,3969,1252,3.033333333333333,0.0,2.0,0.0,0.0,
6712,511426,Gul Selin,1252,3969,4.133333333333334,0.0,2.0,0.0,0.0,
6708,511426,Holesinska Petra,1252,3969,18.416666666666668,1.0,4.0,0.0,0.0,
6710,511426,I. Egin,1252,3969,8.966666666666667,4.0,3.0,0.0,0.0,
6715,511426,I. Guven,1252,3969,12.866666666666667,4.0,5.0,0.0,1.0,
6717,511426,I. Yeniculha,1252,3969,8.583333333333334,0.0,1.0,1.0,0.0,
6711,511426,J. Nared,1252,3969,30.633333333333333,13.0,8.0,2.0,1.0,
6697,511426,Kunaiyi-Akpanah Pallas,3969,1252,26.066666666666666,9.0,7.0,0.0,0.0,
6700,511426,L. Allen,3969,1252,34.43333333333333,15.0,5.0,6.0,0.0,
6703,511426,Lelik Reka,3969,1252,25.466666666666665,9.0,3.0,4.0,3.0,
6716,511426,M. Berber,1252,3969,1.4666666666666668,0.0,1.0,0.0,0.0,
6704,511426,N. Caliskan,3969,1252,17.833333333333332,1.0,1.0,2.0,0.0,
6709,511426,N. Clouden,1252,3969,33.983333333333334,26.0,3.0,7.0,1.0,
6699,511426,N. Ulufer,3969,1252,31.966666666666665,3.0,4.0,1.0,1.0,
6718,511426,Ozen Duygu,1252,3969,12.216666666666667,4.0,0.0,2.0,1.0,
6707,511426,S. Cidal,1252,3969,34.016666666666666,19.0,3.0,1.0,5.0,
6701,511426,S. Mavunga,3969,1252,30.266666666666666,13.0,9.0,1.0,2.0,
6713,511426,S. Tokmak,1252,3969,9.283333333333333,0.0,0.0,0.0,0.0,
6702,511426,Z. Celik,3969,1252,1.4666666666666668,0.0,0.0,0.0,0.0,
6726,511427,Collier Charli,7486,1258,22.866666666666667,10.0,8.0,1.0,0.0,
6730,511427,D. Erdogan,1258,7486,36.03333333333333,23.0,2.0,7.0,2.0,
6723,511427,D. Gezgin,7486,1258,22.216666666666665,0.0,5.0,3.0,0.0,
6722,511427,D. Slocum,7486,1258,37.11666666666667,7.0,1.0,3.0,1.0,
6731,511427,E. Bayram,1258,7486,31.866666666666667,8.0,10.0,3.0,0.0,
6732,511427,G. Fitik,1258,7486,19.283333333333335,6.0,0.0,0.0,2.0,
6720,511427,Guirantes Arella,7486,1258,43.2,20.0,3.0,9.0,2.0,
6727,511427,O. Nelson-Ododa,1258,7486,35.266666666666666,24.0,9.0,2.0,0.0,
6725,511427,O. Ozisik,7486,1258,12.45,2.0,1.0,2.0,0.0,
6724,511427,S. H. Sonmez,7486,1258,20.45,5.0,2.0,3.0,1.0,
6719,511427,S. Tonguc,7486,1258,35.833333333333336,16.0,8.0,3.0,2.0,
6733,511427,S. Yilmaz,1258,7486,15.1,6.0,2.0,1.0,0.0,
6728,511427,Smalls Kamiah,1258,7486,36.233333333333334,14.0,5.0,2.0,2.0,
6721,511427,Stankovic Dragana,7486,1258,30.866666666666667,23.0,7.0,1.0,0.0,
6729,511427,Uzun Sevgi,1258,7486,28.333333333333332,3.0,3.0,1.0,0.0,
6746,511428,Cowling Mikayla,3975,1250,31.166666666666668,12.0,5.0,0.0,0.0,
6741,511428,D. Bengisu Alper,1250,3975,3.0833333333333335,0.0,1.0,0.0,0.0,
6745,511428,D. Fair,3975,1250,40.0,27.0,8.0,7.0,3.0,
6735,511428,D. Littleton,1250,3975,33.21666666666667,4.0,4.0,3.0,0.0,
6750,511428,D. Tongar,3975,1250,12.833333333333334,0.0,1.0,2.0,0.0,
6742,511428,F. Dalkilic,1250,3975,7.833333333333333,0.0,0.0,0.0,0.0,
6751,511428,F. Yildiz,3975,1250,25.966666666666665,3.0,3.0,2.0,1.0,
6734,511428,G. Takmaz,1250,3975,22.566666666666666,5.0,2.0,2.0,0.0,
6736,511428,H. Gulcelik,1250,3975,32.333333333333336,12.0,2.0,2.0,3.0,
6739,511428,H. Kaur,1250,3975,25.016666666666666,9.0,5.0,1.0,1.0,
6743,511428,K. Bone,3975,1250,21.383333333333333,7.0,6.0,1.0,0.0,
6752,511428,Kovacevic Bojana,3975,1250,27.45,5.0,5.0,1.0,1.0,
6737,511428,M. Jones,1250,3975,38.05,29.0,10.0,2.0,3.0,
6740,511428,M. Uygul,1250,3975,14.183333333333334,3.0,3.0,2.0,1.0,
6747,511428,M. Yalcinkaya,3975,1250,10.233333333333333,0.0,3.0,1.0,0.0,
6738,511428,Mompremier Beatrice,1250,3975,23.716666666666665,2.0,7.0,1.0,0.0,
6749,511428,N. Dabakoglu,3975,1250,2.6833333333333336,0.0,0.0,0.0,0.0,
6744,511428,R. Z. Kiran,3975,1250,22.066666666666666,4.0,3.0,2.0,1.0,
6748,511428,S. Zeybek,3975,1250,6.216666666666667,0.0,1.0,0.0,0.0,
6764,511429,A. Onar,1257,2346,19.466666666666665,0.0,1.0,1.0,0.0,
6756,511429,B. Akgun,2346,1257,15.183333333333334,12.0,0.0,0.0,4.0,
6755,511429,Begic Ana-Marija,2346,1257,37.36666666666667,13.0,7.0,6.0,0.0,
6761,511429,C. Beyza,2346,1257,25.55,6.0,1.0,0.0,1.0,
6768,511429,Cakir Turgut Olcay,1257,2346,19.766666666666666,5.0,1.0,9.0,0.0,
6762,511429,E. Baran,2346,1257,0.4166666666666667,0.0,0.0,0.0,0.0,
6754,511429,G. Ivanova,2346,1257,34.666666666666664,13.0,3.0,5.0,1.0,
6771,511429,Geiselsoder Luisa,1257,2346,23.816666666666666,18.0,3.0,3.0,4.0,
6763,511429,I. M. Anderson,1257,2346,22.516666666666666,8.0,2.0,6.0,0.0,
6774,511429,Lacan Leila,1257,2346,19.116666666666667,12.0,1.0,0.0,2.0,
6773,511429,M. Kurtulmus,1257,2346,14.916666666666666,8.0,4.0,0.0,2.0,
6765,511429,Meesseman Emma,1257,2346,15.833333333333334,16.0,6.0,1.0,0.0,
6759,511429,N. Soylemezoglu,2346,1257,0.4166666666666667,0.0,0.0,0.0,0.0,
6753,511429,Nelson Chelsea,2346,1257,35.516666666666666,12.0,5.0,4.0,0.0,
6767,511429,Pouye Tima,1257,2346,19.966666666666665,11.0,1.0,5.0,1.0,
6772,511429,Q. Hollingsworth,1257,2346,12.083333333333334,4.0,1.0,0.0,0.0,
6769,511429,S. Kaplan,1257,2346,9.1,3.0,0.0,0.0,0.0,
6760,511429,S. Yilik,2346,1257,5.716666666666667,0.0,2.0,0.0,0.0,
6758,511429,T. Gurel,2346,1257,10.766666666666667,3.0,1.0,1.0,0.0,
6770,511429,T. Vural,1257,2346,4.3,0.0,0.0,0.0,0.0,
6757,511429,Y. Onal,2346,1257,33.13333333333333,10.0,2.0,1.0,0.0,
6766,511429,Z. S. Gul,1257,2346,19.116666666666667,3.0,1.0,0.0,1.0,
6784,511554,A. Varli,1275,1760,4.416666666666667,0.0,0.0,0.0,0.0,
6776,511554,Akyuz Eray,1275,1760,19.266666666666666,13.0,3.0,2.0,1.0,
6775,511554,B. Acar,1275,1760,17.35,5.0,1.0,1.0,1.0,
6781,511554,C. K. Turgut,1275,1760,23.233333333333334,6.0,5.0,0.0,0.0,
6777,511554,Dalgali Cihat,1275,1760,30.15,6.0,4.0,1.0,0.0,
6793,511554,Engindeniz Dorukhan,1760,1275,22.35,18.0,4.0,4.0,5.0,
6792,511554,Haciyeva Orhan,1760,1275,7.866666666666667,3.0,1.0,0.0,1.0,
6779,511554,J. Tilmon,1275,1760,27.783333333333335,8.0,3.0,2.0,0.0,
6783,511554,K. Turk,1275,1760,20.816666666666666,10.0,0.0,0.0,3.0,
6789,511554,Karahan Alp,1760,1275,30.116666666666667,4.0,4.0,4.0,0.0,
6778,511554,Kuntker Murat,1275,1760,29.7,23.0,5.0,6.0,5.0,
6790,511554,Onar Yesukan,1760,1275,17.983333333333334,7.0,3.0,1.0,0.0,
6786,511554,Pinkins Kruize,1760,1275,35.18333333333333,18.0,10.0,3.0,1.0,
6791,511554,Sariaslan Kaan,1760,1275,19.15,5.0,2.0,4.0,1.0,
6794,511554,Sarikaya Yigit,1760,1275,0.95,0.0,0.0,0.0,0.0,
6785,511554,Sav Troy,1760,1275,17.383333333333333,2.0,3.0,0.0,0.0,
6788,511554,Smith Mike,1760,1275,35.11666666666667,16.0,4.0,7.0,3.0,
6787,511554,Tuluoglu Arca,1760,1275,13.9,5.0,2.0,5.0,1.0,
6782,511554,U. Cardak,1275,1760,1.25,0.0,0.0,0.0,0.0,
6780,511554,Y. Basaran,1275,1760,26.033333333333335,7.0,0.0,4.0,0.0,
6801,511555,Akcam Atakan,1764,1273,19.6,3.0,6.0,1.0,1.0,
6800,511555,B. Cevik,1764,1273,11.45,3.0,1.0,0.0,0.0,
6806,511555,Birer Tolga,1273,1764,25.333333333333332,11.0,11.0,2.0,0.0,
6808,511555,Carberry Tobin,1273,1764,31.733333333333334,20.0,4.0,4.0,1.0,
6811,511555,Dikmen Tuna,1273,1764,10.766666666666667,2.0,4.0,0.0,0.0,
6813,511555,Genc Alihan,1273,1764,18.316666666666666,5.0,0.0,2.0,1.0,
6812,511555,Gorur Mustafa,1273,1764,11.1,4.0,1.0,0.0,0.0,
6803,511555,Harris Tyler,1764,1273,24.5,38.0,3.0,1.0,7.0,
6795,511555,Hotamis Inanc,1764,1273,29.983333333333334,8.0,5.0,3.0,0.0,
6805,511555,K. Berk,1273,1764,13.666666666666666,5.0,1.0,1.0,0.0,
6809,511555,K. Odabasi,1273,1764,2.183333333333333,1.0,0.0,0.0,0.0,
6807,511555,Koray Uzunhasan,1273,1764,28.9,4.0,6.0,0.0,0.0,
6802,511555,Paltaci Erbey,1764,1273,6.033333333333333,2.0,0.0,1.0,0.0,
6796,511555,Pinarer Ibrahim,1764,1273,24.533333333333335,9.0,9.0,2.0,1.0,
6799,511555,Pullen Jacob,1764,1273,31.766666666666666,15.0,0.0,6.0,1.0,
6797,511555,Satir Bora,1764,1273,18.633333333333333,6.0,1.0,1.0,0.0,
6798,511555,Tekin Ramazan,1764,1273,33.5,7.0,7.0,4.0,0.0,
6810,511555,Ural Gokturk,1273,1764,22.066666666666666,13.0,3.0,0.0,1.0,
6804,511555,Watkins Diante,1273,1764,35.93333333333333,19.0,2.0,11.0,1.0,
6828,511556,Akkoyun Gokhan,1268,5684,11.083333333333334,0.0,7.0,0.0,0.0,
6830,511556,Aktuna Kemal,1268,5684,14.15,0.0,1.0,0.0,0.0,
6823,511556,Barnes Jordan,1268,5684,37.016666666666666,19.0,4.0,8.0,4.0,
6825,511556,Basturk Mustafa,1268,5684,33.5,12.0,4.0,3.0,1.0,
6831,511556,Baykan Ogulcan,1268,5684,22.633333333333333,9.0,3.0,2.0,0.0,
6817,511556,Bayraktar Enes,5684,1268,28.15,2.0,3.0,6.0,0.0,
6827,511556,C. Evran,1268,5684,19.95,2.0,7.0,0.0,0.0,
6816,511556,Coban Yigit,5684,1268,23.283333333333335,6.0,3.0,0.0,0.0,
6826,511556,Ducree Julien,1268,5684,33.28333333333333,27.0,14.0,2.0,1.0,
6829,511556,E. A. Koyun,1268,5684,11.083333333333334,0.0,7.0,0.0,0.0,
6819,511556,Erdek Atakan,5684,1268,14.083333333333334,6.0,0.0,0.0,0.0,
6820,511556,Ivedi Cengizhan,5684,1268,15.116666666666667,7.0,5.0,0.0,1.0,
6832,511556,K. Celayir,1268,5684,1.7,0.0,1.0,0.0,0.0,
6821,511556,M. Yerkazanoglu,5684,1268,21.166666666666668,6.0,3.0,0.0,0.0,
6822,511556,O. Camgoz,5684,1268,24.2,11.0,2.0,1.0,1.0,
6824,511556,Ozel Kerem,1268,5684,26.683333333333334,9.0,3.0,3.0,2.0,
6818,511556,R. Hemphill,5684,1268,22.383333333333333,9.0,3.0,0.0,0.0,
6814,511556,Ray Jalen,5684,1268,35.38333333333333,13.0,2.0,7.0,0.0,
6815,511556,Y. Karalar,5684,1268,16.233333333333334,3.0,2.0,0.0,1.0,
6842,511557,A. Karaman,6574,7516,0.4666666666666667,0.0,0.0,0.0,0.0,
6838,511557,A. Ozdogan,6574,7516,16.866666666666667,8.0,3.0,2.0,1.0,
6845,511557,Avci Hazer,7516,6574,23.716666666666665,6.0,1.0,2.0,2.0,
6840,511557,Avsar Ismet,6574,7516,27.183333333333334,11.0,3.0,1.0,3.0,
6852,511557,Birkeser Arda,7516,6574,8.016666666666667,0.0,5.0,0.0,0.0,
6847,511557,Buckner Eric,7516,6574,36.15,20.0,9.0,1.0,0.0,
6839,511557,Cekici Koray,6574,7516,20.833333333333332,3.0,11.0,2.0,0.0,
6836,511557,Celen Deniz,6574,7516,20.633333333333333,6.0,3.0,2.0,1.0,
6844,511557,Dukes Kahlil,7516,6574,39.2,20.0,1.0,6.0,0.0,
6853,511557,E. Akayin,7516,6574,0.4666666666666667,0.0,0.0,0.0,0.0,
6851,511557,E. Apaydin,7516,6574,3.75,0.0,2.0,2.0,0.0,
6834,511557,Gozeneli Burak,6574,7516,32.81666666666667,16.0,7.0,6.0,2.0,
6843,511557,H. Sevig,6574,7516,1.3833333333333333,0.0,1.0,0.0,0.0,
6837,511557,I. Nweke,6574,7516,20.283333333333335,12.0,11.0,2.0,0.0,
6854,511557,Isik Bora,7516,6574,16.766666666666666,6.0,8.0,0.0,0.0,
6833,511557,Jefferson Brandon,6574,7516,29.633333333333333,19.0,0.0,4.0,6.0,
6850,511557,Konuk Mert,7516,6574,11.85,2.0,1.0,0.0,0.0,
6848,511557,O. Gunes,7516,6574,10.816666666666666,0.0,3.0,1.0,0.0,
6841,511557,Ozkan Cagatay,6574,7516,4.133333333333334,4.0,0.0,0.0,0.0,
6846,511557,Tosun Oguzhan,7516,6574,25.733333333333334,11.0,4.0,2.0,0.0,
6835,511557,Tuna Batin,6574,7516,25.466666666666665,6.0,4.0,1.0,0.0,
6849,511557,Z. Isaoglu,7516,6574,23.25,7.0,3.0,2.0,1.0,
6867,511558,A. Sahinkaya,2461,1272,8.416666666666666,0.0,3.0,0.0,0.0,
6862,511558,Alemdaroglu Mehmet,1272,2461,7.933333333333334,2.0,1.0,0.0,0.0,
6872,511558,Aygunduz Berke,2461,1272,11.1,3.0,3.0,0.0,1.0,
6873,511558,Cantekin Dusan,2461,1272,3.1,2.0,0.0,1.0,0.0,
6859,511558,Celep Mert,1272,2461,16.916666666666668,5.0,5.0,0.0,0.0,
6864,511558,Dogan Mevlut,1272,2461,5.233333333333333,0.0,1.0,0.0,0.0,
6861,511558,E. Adiguzel,1272,2461,5.0,0.0,0.0,0.0,0.0,
6857,511558,Geyik Samet,1272,2461,22.416666666666668,16.0,10.0,2.0,3.0,
6868,511558,Gueye Abdoulaye,2461,1272,34.833333333333336,14.0,15.0,3.0,0.0,
6870,511558,Havsa Cavit,2461,1272,23.2,0.0,4.0,5.0,0.0,
6875,511558,Ozcelik Ege,2461,1272,10.4,2.0,1.0,0.0,0.0,
6860,511558,S. Coskun,1272,2461,15.566666666666666,7.0,1.0,1.0,1.0,
6866,511558,S. Sessoms,2461,1272,32.96666666666667,25.0,3.0,3.0,7.0,
6858,511558,S. Smith,1272,2461,36.38333333333333,17.0,3.0,12.0,1.0,
6874,511558,Senel Erkin,2461,1272,8.383333333333333,0.0,1.0,0.0,0.0,
6863,511558,Tanisan Emre,1272,2461,27.5,12.0,9.0,2.0,2.0,
6871,511558,Turen Metin,2461,1272,14.466666666666667,4.0,1.0,0.0,0.0,
6865,511558,Y. Ozkan,2461,1272,25.533333333333335,6.0,1.0,1.0,2.0,
6869,511558,Yapar Hakan,2461,1272,27.6,9.0,3.0,0.0,3.0,
6856,511558,Yilmaz Ibrahim,1272,2461,29.0,3.0,3.0,0.0,1.0,
6855,511558,Yucedag Utku,1272,2461,34.05,8.0,4.0,1.0,2.0,
6894,511559,A. A. Aydin,3191,3194,16.766666666666666,14.0,7.0,2.0,0.0,
6890,511559,A. Engin,3191,3194,6.633333333333333,3.0,1.0,0.0,1.0,
6895,511559,A. Isik,3191,3194,12.5,0.0,4.0,3.0,0.0,
6884,511559,A. Ozbek,3194,3191,15.416666666666666,3.0,5.0,1.0,1.0,
6881,511559,A. Yilmaz,3194,3191,6.966666666666667,3.0,1.0,0.0,1.0,
6882,511559,B. Encu,3194,3191,22.6,2.0,2.0,4.0,0.0,
6877,511559,D. Demir,3194,3191,36.03333333333333,8.0,6.0,7.0,1.0,
6893,511559,D. Ozturk,3191,3194,19.05,3.0,4.0,4.0,1.0,
6885,511559,E. Deniz,3194,3191,8.166666666666666,0.0,0.0,0.0,0.0,
6876,511559,E. Pratt,3194,3191,34.666666666666664,22.0,3.0,4.0,2.0,
6888,511559,Engin Omercan,3191,3194,34.516666666666666,13.0,2.0,3.0,3.0,
6880,511559,H. Gokcek,3194,3191,13.266666666666667,6.0,2.0,0.0,0.0,
6879,511559,J. Hamilton,3194,3191,26.166666666666668,12.0,9.0,0.0,0.0,
6887,511559,J. Nzeakor,3191,3194,29.733333333333334,15.0,4.0,0.0,1.0,
6886,511559,K. Yanci,3194,3191,18.516666666666666,10.0,3.0,0.0,0.0,
6878,511559,O. Y. Sik,3194,3191,14.316666666666666,2.0,0.0,1.0,0.0,
6889,511559,Sancakli Omer,3191,3194,22.416666666666668,13.0,3.0,1.0,3.0,
6891,511559,Sherrill Keshun,3191,3194,35.983333333333334,10.0,3.0,10.0,1.0,
6883,511559,U. Bulut,3194,3191,3.8833333333333333,0.0,0.0,0.0,0.0,
6892,511559,Y. Aksu,3191,3194,22.4,10.0,3.0,4.0,1.0,
6906,511560,A. Celik,1269,1300,18.816666666666666,10.0,1.0,1.0,0.0,
6902,511560,A. Ene,1269,1300,8.25,3.0,1.0,1.0,0.0,
6914,511560,A. Taskin,1300,1269,2.8,0.0,2.0,0.0,0.0,
6905,511560,B. Terzi,1269,1300,2.783333333333333,0.0,0.0,0.0,0.0,
6909,511560,Baris Ali,1300,1269,31.216666666666665,31.0,6.0,4.0,4.0,
6912,511560,C. Cevikel,1300,1269,9.533333333333333,0.0,2.0,0.0,0.0,
6901,511560,Crews TreVion,1269,1300,16.683333333333334,4.0,1.0,6.0,1.0,
6900,511560,E. Akcay,1269,1300,17.133333333333333,0.0,5.0,1.0,0.0,
6899,511560,E. Ilyem,1269,1300,23.866666666666667,9.0,1.0,2.0,1.0,
6910,511560,F. Cleveland,1300,1269,33.666666666666664,15.0,4.0,9.0,2.0,
6911,511560,G. Hacioglu,1300,1269,26.433333333333334,3.0,9.0,0.0,0.0,
6897,511560,J. Sharkey,1269,1300,33.4,28.0,4.0,5.0,2.0,
6915,511560,K. Gamble,1300,1269,30.383333333333333,16.0,6.0,0.0,1.0,
6898,511560,Karabilen Ismail,1269,1300,23.033333333333335,11.0,8.0,1.0,0.0,
6896,511560,M. A. Sert,1269,1300,35.93333333333333,2.0,11.0,0.0,0.0,
6904,511560,M. Elgun,1269,1300,8.183333333333334,0.0,2.0,1.0,0.0,
6913,511560,M. Ozalp,1300,1269,27.283333333333335,6.0,3.0,0.0,1.0,
6908,511560,Ozcan Can,1300,1269,22.016666666666666,3.0,4.0,5.0,0.0,
6903,511560,R. Tanriver,1269,1300,10.35,8.0,0.0,0.0,2.0,
6907,511560,Tunali Ahmet,1300,1269,16.666666666666668,4.0,4.0,2.0,0.0,
6932,511561,A. Gunes,1295,1279,17.65,13.0,3.0,2.0,1.0,
6921,511561,Ayca Furkan,1279,1295,13.483333333333333,0.0,2.0,2.0,0.0,
6926,511561,C. Bradford,1295,1279,40.0,29.0,4.0,5.0,3.0,
6931,511561,C. Kucukozkan,1295,1279,10.85,6.0,0.0,2.0,2.0,
6916,511561,Chikoko Vitalis,1279,1295,26.966666666666665,25.0,7.0,2.0,0.0,
6928,511561,Dogan Harun,1295,1279,23.8,16.0,3.0,1.0,3.0,
6922,511561,E. Karakaya,1279,1295,2.7,0.0,0.0,0.0,0.0,
6925,511561,Ercan Caner,1279,1295,10.0,1.0,2.0,1.0,0.0,
6924,511561,Erol Burak,1279,1295,16.0,3.0,3.0,4.0,1.0,
6923,511561,Genc Berkay,1279,1295,13.533333333333333,6.0,3.0,0.0,0.0,
6930,511561,Gokturk Emirali,1295,1279,22.366666666666667,3.0,2.0,1.0,1.0,
6929,511561,J. Scott,1295,1279,31.716666666666665,20.0,3.0,1.0,1.0,
6935,511561,Kircali Mustafa,1295,1279,3.033333333333333,0.0,0.0,0.0,0.0,
6927,511561,Onder Atun,1295,1279,23.716666666666665,2.0,3.0,4.0,0.0,
6917,511561,Sancakli Ekrem,1279,1295,35.9,26.0,5.0,3.0,2.0,
6918,511561,T. Ayyildiz,1279,1295,24.183333333333334,0.0,2.0,3.0,0.0,
6934,511561,Tunc Berat,1295,1279,14.566666666666666,2.0,5.0,0.0,0.0,
6933,511561,U. Ertan,1295,1279,12.283333333333333,0.0,2.0,0.0,0.0,
6919,511561,Watson Maurice,1279,1295,30.666666666666668,7.0,2.0,5.0,1.0,
6920,511561,Yazicioglu Gokhan,1279,1295,26.566666666666666,17.0,4.0,5.0,1.0,
6953,511562,A. Varli,1275,1268,6.816666666666666,3.0,0.0,0.0,0.0,
6942,511562,Aktuna Kemal,1268,1275,15.15,2.0,1.0,2.0,0.0,
6948,511562,Akyuz Eray,1275,1268,24.016666666666666,8.0,3.0,2.0,0.0,
6944,511562,B. Acar,1275,1268,22.616666666666667,7.0,3.0,0.0,1.0,
6936,511562,Barnes Jordan,1268,1275,36.916666666666664,26.0,3.0,9.0,6.0,
6938,511562,Basturk Mustafa,1268,1275,30.4,8.0,5.0,4.0,0.0,
6943,511562,Baykan Ogulcan,1268,1275,33.96666666666667,24.0,2.0,0.0,5.0,
6940,511562,C. Evran,1268,1275,21.766666666666666,0.0,6.0,0.0,0.0,
6954,511562,C. K. Turgut,1275,1268,14.483333333333333,0.0,4.0,0.0,0.0,
6945,511562,Dalgali Cihat,1275,1268,35.13333333333333,4.0,7.0,1.0,0.0,
6939,511562,Ducree Julien,1268,1275,16.083333333333332,10.0,3.0,0.0,0.0,
6941,511562,E. A. Koyun,1268,1275,19.683333333333334,10.0,6.0,0.0,0.0,
6946,511562,J. Tilmon,1275,1268,32.35,25.0,6.0,1.0,0.0,
6952,511562,K. Turk,1275,1268,5.0,0.0,3.0,0.0,0.0,
6949,511562,Kuntker Murat,1275,1268,22.516666666666666,15.0,2.0,3.0,3.0,
6947,511562,Moody Stefan,1275,1268,14.85,3.0,0.0,1.0,0.0,
6937,511562,Ozel Kerem,1268,1275,26.033333333333335,3.0,4.0,2.0,1.0,
6951,511562,U. Cardak,1275,1268,1.4,0.0,0.0,0.0,0.0,
6950,511562,Y. Basaran,1275,1268,20.816666666666666,6.0,0.0,3.0,0.0,
6961,511563,A. A. Aydin,3191,1269,20.116666666666667,6.0,9.0,2.0,0.0,
6974,511563,A. Celik,1269,3191,5.55,2.0,0.0,0.0,0.0,
6969,511563,A. Ene,1269,3191,6.066666666666666,0.0,0.0,0.0,0.0,
6962,511563,A. Engin,3191,1269,2.716666666666667,0.0,0.0,0.0,0.0,
6958,511563,A. Isik,3191,1269,21.05,9.0,6.0,3.0,3.0,
6973,511563,B. Terzi,1269,3191,10.4,2.0,4.0,1.0,0.0,
6965,511563,Crews TreVion,1269,3191,36.13333333333333,19.0,3.0,2.0,5.0,
6960,511563,D. Ozturk,3191,1269,6.233333333333333,3.0,0.0,0.0,1.0,
6968,511563,E. Akcay,1269,3191,7.95,0.0,2.0,1.0,0.0,
6972,511563,E. Eskinazi,1269,3191,21.216666666666665,3.0,3.0,2.0,1.0,
6970,511563,E. Ilyem,1269,3191,18.216666666666665,10.0,2.0,0.0,1.0,
6956,511563,Engin Omercan,3191,1269,28.216666666666665,9.0,3.0,1.0,1.0,
6955,511563,J. Nzeakor,3191,1269,22.9,4.0,10.0,2.0,0.0,
6964,511563,J. Sharkey,1269,3191,30.933333333333334,10.0,7.0,7.0,0.0,
6966,511563,Karabilen Ismail,1269,3191,22.933333333333334,14.0,9.0,0.0,0.0,
6967,511563,M. A. Sert,1269,3191,33.266666666666666,11.0,6.0,5.0,2.0,
6971,511563,M. Elgun,1269,3191,7.333333333333333,2.0,3.0,0.0,0.0,
6957,511563,Sancakli Omer,3191,1269,32.88333333333333,16.0,1.0,1.0,4.0,
6959,511563,Sherrill Keshun,3191,1269,37.86666666666667,18.0,2.0,7.0,3.0,
6963,511563,Y. Aksu,3191,1269,28.016666666666666,16.0,4.0,3.0,1.0,
6993,511564,A. Karaman,6574,1300,4.166666666666667,3.0,0.0,0.0,1.0,
6992,511564,A. Ozdogan,6574,1300,7.316666666666666,0.0,1.0,0.0,0.0,
6983,511564,A. Taskin,1300,6574,1.65,0.0,0.0,0.0,0.0,
6988,511564,Avsar Ismet,6574,1300,29.65,5.0,3.0,3.0,1.0,
6977,511564,Baris Ali,1300,6574,28.1,13.0,5.0,6.0,0.0,
6984,511564,C. Cevikel,1300,6574,4.533333333333333,0.0,0.0,0.0,0.0,
6986,511564,Cekici Koray,6574,1300,23.95,17.0,7.0,2.0,1.0,
6991,511564,Celen Deniz,6574,1300,19.666666666666668,8.0,2.0,1.0,2.0,
6976,511564,F. Cleveland,1300,6574,32.68333333333333,11.0,4.0,4.0,2.0,
6979,511564,G. Hacioglu,1300,6574,9.716666666666667,2.0,2.0,1.0,0.0,
6994,511564,Gozeneli Burak,6574,1300,22.916666666666668,18.0,4.0,3.0,1.0,
6990,511564,H. Sevig,6574,1300,1.95,0.0,0.0,0.0,0.0,
6989,511564,I. Nweke,6574,1300,27.783333333333335,22.0,7.0,2.0,0.0,
6985,511564,Jefferson Brandon,6574,1300,35.61666666666667,14.0,6.0,3.0,3.0,
6981,511564,K. Gamble,1300,6574,30.883333333333333,23.0,6.0,0.0,3.0,
6982,511564,Kaya Arda,1300,6574,15.55,4.0,2.0,1.0,0.0,
6980,511564,M. Ozalp,1300,6574,19.1,8.0,2.0,4.0,2.0,
6975,511564,Ozcan Can,1300,6574,30.466666666666665,6.0,4.0,2.0,1.0,
6987,511564,Tuna Batin,6574,1300,27.0,4.0,6.0,1.0,0.0,
6978,511564,Tunali Ahmet,1300,6574,27.316666666666666,11.0,6.0,2.0,1.0,
7011,511565,A. Gunes,1295,6573,21.216666666666665,9.0,2.0,3.0,1.0,
6995,511565,A. Sivas,6573,1295,20.033333333333335,0.0,0.0,5.0,0.0,
7001,511565,Aydogan Eray,6573,1295,5.9,0.0,1.0,0.0,0.0,
7000,511565,Berke Atar,6573,1295,20.916666666666668,8.0,4.0,1.0,0.0,
7005,511565,Buyukcangaz Eray,6573,1295,21.233333333333334,9.0,1.0,0.0,1.0,
7007,511565,C. Bradford,1295,6573,31.783333333333335,0.0,1.0,11.0,0.0,
7006,511565,C. Kucukozkan,1295,6573,16.333333333333332,5.0,2.0,0.0,0.0,
6997,511565,Cantitiz Ahmet,6573,1295,30.316666666666666,17.0,5.0,4.0,3.0,
7004,511565,D. Savut,6573,1295,0.15,0.0,0.0,0.0,0.0,
6998,511565,Duran Ahmet,6573,1295,18.933333333333334,5.0,8.0,0.0,0.0,
7016,511565,Gokturk Emirali,1295,6573,15.733333333333333,3.0,3.0,0.0,1.0,
7010,511565,J. Scott,1295,6573,33.416666666666664,31.0,9.0,1.0,6.0,
7002,511565,K. Besok,6573,1295,,1.0,0.0,0.0,0.0,
7013,511565,Kircali Mustafa,1295,6573,0.35,0.0,0.0,0.0,0.0,
7015,511565,O. Aslaner,1295,6573,13.683333333333334,3.0,2.0,0.0,1.0,
7008,511565,Onder Atun,1295,6573,28.883333333333333,9.0,5.0,0.0,1.0,
7003,511565,R. Aydin,6573,1295,17.583333333333332,7.0,2.0,0.0,0.0,
7012,511565,T. Warren,1295,6573,0.15,0.0,0.0,0.0,0.0,
6999,511565,Traylor Jamari,6573,1295,26.783333333333335,3.0,7.0,1.0,1.0,
7009,511565,Tunc Berat,1295,6573,28.3,3.0,8.0,0.0,1.0,
7014,511565,U. Ertan,1295,6573,10.15,2.0,3.0,0.0,0.0,
6996,511565,Washington Isaiah,6573,1295,37.86666666666667,28.0,13.0,7.0,5.0,
7036,511566,A. Ozbek,3194,2461,17.366666666666667,5.0,4.0,0.0,1.0,
7022,511566,A. Sahinkaya,2461,3194,9.466666666666667,0.0,2.0,0.0,0.0,
7039,511566,A. Yilmaz,3194,2461,15.25,5.0,6.0,1.0,1.0,
7019,511566,Aygunduz Berke,2461,3194,23.083333333333332,8.0,10.0,1.0,2.0,
7031,511566,B. Encu,3194,2461,23.333333333333332,7.0,3.0,0.0,1.0,
7027,511566,Cantekin Dusan,2461,3194,9.983333333333333,4.0,4.0,0.0,0.0,
7030,511566,D. Demir,3194,2461,27.1,11.0,2.0,0.0,2.0,
7035,511566,D. Urunlu,3194,2461,6.716666666666667,0.0,0.0,0.0,0.0,
7032,511566,E. Deniz,3194,2461,23.383333333333333,6.0,2.0,0.0,2.0,
7029,511566,E. Pratt,3194,2461,25.633333333333333,12.0,5.0,4.0,1.0,
7020,511566,Gueye Abdoulaye,2461,3194,18.166666666666668,14.0,8.0,1.0,0.0,
7033,511566,H. Gokcek,3194,2461,23.166666666666668,3.0,5.0,0.0,0.0,
7028,511566,Havsa Cavit,2461,3194,24.383333333333333,10.0,3.0,3.0,2.0,
7037,511566,O. Y. Sik,3194,2461,13.3,0.0,1.0,1.0,0.0,
7021,511566,Ozcelik Ege,2461,3194,27.016666666666666,4.0,0.0,5.0,0.0,
7017,511566,S. Sessoms,2461,3194,15.616666666666667,17.0,3.0,4.0,1.0,
7024,511566,S. Yaman,2461,3194,3.716666666666667,2.0,0.0,0.0,0.0,
7018,511566,Turen Metin,2461,3194,18.983333333333334,3.0,6.0,0.0,1.0,
7034,511566,U. Bulut,3194,2461,11.816666666666666,0.0,1.0,0.0,0.0,
7038,511566,Y. Cumalioglu,3194,2461,10.683333333333334,2.0,1.0,1.0,0.0,
7025,511566,Y. Kara,2461,3194,16.133333333333333,0.0,3.0,0.0,0.0,
7023,511566,Y. Ozkan,2461,3194,21.783333333333335,7.0,2.0,2.0,1.0,
7026,511566,Yapar Hakan,2461,3194,11.666666666666666,3.0,1.0,1.0,0.0,
7042,511567,Avci Hazer,7516,1279,25.583333333333332,9.0,3.0,1.0,3.0,
7058,511567,Ayca Furkan,1279,7516,23.25,7.0,1.0,4.0,1.0,
7043,511567,Birkeser Arda,7516,1279,9.516666666666667,0.0,1.0,0.0,0.0,
7044,511567,Buckner Eric,7516,1279,35.13333333333333,22.0,9.0,3.0,0.0,
7050,511567,Chikoko Vitalis,1279,7516,26.733333333333334,13.0,4.0,1.0,0.0,
7041,511567,Dukes Kahlil,7516,1279,34.28333333333333,21.0,2.0,10.0,1.0,
7049,511567,E. Apaydin,7516,1279,14.416666666666666,10.0,1.0,0.0,1.0,
7059,511567,E. Karakaya,1279,7516,9.116666666666667,4.0,2.0,0.0,0.0,
7055,511567,Ercan Caner,1279,7516,20.95,0.0,3.0,1.0,0.0,
7053,511567,Erol Burak,1279,7516,25.316666666666666,5.0,3.0,1.0,1.0,
7056,511567,Genc Berkay,1279,7516,8.216666666666667,3.0,4.0,0.0,1.0,
7045,511567,Isik Bora,7516,1279,4.866666666666667,3.0,1.0,0.0,0.0,
7047,511567,Konuk Mert,7516,1279,15.816666666666666,3.0,0.0,1.0,1.0,
7046,511567,O. Gunes,7516,1279,9.166666666666666,4.0,2.0,2.0,1.0,
7051,511567,Sancakli Ekrem,1279,7516,34.88333333333333,21.0,7.0,3.0,2.0,
7057,511567,T. Ayyildiz,1279,7516,0.5,0.0,0.0,0.0,0.0,
7048,511567,Tosun Oguzhan,7516,1279,20.15,4.0,5.0,4.0,0.0,
7052,511567,Watson Maurice,1279,7516,35.81666666666667,35.0,4.0,5.0,2.0,
7054,511567,Yazicioglu Gokhan,1279,7516,14.75,7.0,1.0,1.0,1.0,
7040,511567,Z. Isaoglu,7516,1279,31.083333333333332,14.0,2.0,1.0,0.0,
7077,511568,Alemdaroglu Mehmet,1272,1760,11.383333333333333,5.0,7.0,1.0,0.0,
7070,511568,B. Bulut,1760,1272,1.35,0.0,0.0,0.0,0.0,
7079,511568,Dogan Mevlut,1272,1760,2.8166666666666664,0.0,0.0,0.0,0.0,
7069,511568,Engindeniz Dorukhan,1760,1272,15.066666666666666,4.0,0.0,0.0,1.0,
7073,511568,Geyik Samet,1272,1760,35.53333333333333,15.0,11.0,1.0,2.0,
7080,511568,Gulley Jarmar,1272,1760,8.033333333333333,3.0,3.0,3.0,1.0,
7066,511568,Haciyeva Orhan,1760,1272,17.25,5.0,6.0,0.0,1.0,
7076,511568,Ilter Erdem,1272,1760,8.45,0.0,0.0,1.0,0.0,
7061,511568,Karahan Alp,1760,1272,22.8,16.0,2.0,3.0,2.0,
7064,511568,Pinkins Kruize,1760,1272,24.9,15.0,3.0,1.0,2.0,
7078,511568,S. Coskun,1272,1760,31.483333333333334,18.0,3.0,0.0,2.0,
7074,511568,S. Smith,1272,1760,36.8,13.0,4.0,7.0,1.0,
7068,511568,Sariaslan Kaan,1760,1272,22.883333333333333,8.0,0.0,1.0,2.0,
7065,511568,Sarikaya Yigit,1760,1272,13.383333333333333,6.0,4.0,1.0,0.0,
7060,511568,Sav Troy,1760,1272,25.55,4.0,7.0,3.0,0.0,
7063,511568,Smith Mike,1760,1272,32.233333333333334,12.0,1.0,9.0,0.0,
7067,511568,T. Altunbas,1760,1272,3.75,3.0,1.0,0.0,1.0,
7075,511568,Tanisan Emre,1272,1760,29.066666666666666,7.0,5.0,0.0,0.0,
7062,511568,Tuluoglu Arca,1760,1272,20.833333333333332,19.0,0.0,2.0,4.0,
7072,511568,Yilmaz Ibrahim,1272,1760,15.833333333333334,3.0,0.0,0.0,1.0,
7071,511568,Yucedag Utku,1272,1760,20.6,6.0,3.0,1.0,1.0,
7098,511569,Bayraktar Enes,5684,1273,29.316666666666666,19.0,2.0,3.0,1.0,
7083,511569,Birer Tolga,1273,5684,21.366666666666667,17.0,3.0,1.0,0.0,
7085,511569,Carberry Tobin,1273,5684,28.483333333333334,16.0,2.0,4.0,2.0,
7092,511569,Coban Yigit,5684,1273,36.86666666666667,11.0,9.0,0.0,2.0,
7086,511569,Dikmen Tuna,1273,5684,17.35,8.0,3.0,1.0,0.0,
7091,511569,Erdek Atakan,5684,1273,15.533333333333333,4.0,1.0,2.0,0.0,
7088,511569,Genc Alihan,1273,5684,24.533333333333335,9.0,10.0,5.0,1.0,
7089,511569,Gorur Mustafa,1273,5684,15.283333333333333,11.0,4.0,0.0,3.0,
7093,511569,Ivedi Cengizhan,5684,1273,26.333333333333332,8.0,7.0,1.0,0.0,
7082,511569,K. Berk,1273,5684,18.716666666666665,5.0,0.0,0.0,1.0,
7084,511569,Koray Uzunhasan,1273,5684,24.883333333333333,2.0,6.0,1.0,0.0,
7095,511569,M. Yerkazanoglu,5684,1273,16.483333333333334,0.0,4.0,0.0,0.0,
7096,511569,O. Camgoz,5684,1273,12.866666666666667,0.0,1.0,0.0,0.0,
7094,511569,R. Hemphill,5684,1273,21.766666666666666,5.0,3.0,0.0,1.0,
7090,511569,Ray Jalen,5684,1273,38.3,20.0,2.0,1.0,3.0,
7087,511569,Ural Gokturk,1273,5684,20.733333333333334,2.0,4.0,2.0,0.0,
7081,511569,Watkins Diante,1273,5684,28.65,23.0,2.0,7.0,2.0,
7097,511569,Y. Karalar,5684,1273,2.533333333333333,0.0,0.0,0.0,0.0,
7110,511660,A. Ahonen,3643,507,5.5,0.0,4.0,0.0,0.0,
7105,511660,C. Walker,3643,507,37.166666666666664,17.0,3.0,3.0,5.0,
7104,511660,E. Leppanen,507,3643,12.95,1.0,0.0,1.0,0.0,
7109,511660,E. Riihela,3643,507,11.516666666666667,0.0,0.0,1.0,0.0,
7102,511660,Kujala Riikka,507,3643,12.916666666666666,2.0,0.0,1.0,0.0,
7107,511660,L. Carter,3643,507,20.083333333333332,12.0,4.0,1.0,0.0,
7111,511660,M. Etu-Seppala,3643,507,5.733333333333333,3.0,0.0,0.0,1.0,
7108,511660,M. Honkonen,3643,507,17.083333333333332,4.0,2.0,2.0,0.0,
7101,511660,M. Isoranta,507,3643,12.233333333333333,0.0,3.0,0.0,0.0,
7106,511660,Nurminen Anni,3643,507,34.36666666666667,12.0,3.0,7.0,2.0,
7100,511660,P. Jaatinen,507,3643,26.733333333333334,10.0,4.0,4.0,0.0,
7103,511660,S. Kangas,507,3643,1.3,0.0,0.0,0.0,0.0,
7099,511660,S. Viita,507,3643,35.1,25.0,7.0,4.0,3.0,
7112,511660,V. Patrikainen,3643,507,28.75,13.0,7.0,3.0,3.0,
7125,511661,A. Kimario,3108,504,8.75,0.0,3.0,0.0,0.0,
7127,511661,A. Koskela,3108,504,17.916666666666668,0.0,3.0,4.0,0.0,
7123,511661,A. Machol,3108,504,22.1,12.0,7.0,1.0,0.0,
7128,511661,D. Aden,3108,504,14.766666666666667,12.0,4.0,0.0,0.0,
7114,511661,E. Arike,504,3108,27.4,10.0,3.0,1.0,0.0,
7129,511661,E. Haveri,3108,504,11.7,2.0,2.0,0.0,0.0,
7122,511661,E. Seppa,3108,504,25.216666666666665,13.0,7.0,3.0,2.0,
7120,511661,Gardziella Anna,3108,504,23.566666666666666,15.0,2.0,1.0,3.0,
7116,511661,H. Suvanto,504,3108,28.983333333333334,6.0,5.0,0.0,0.0,
7121,511661,J. Nenonen,3108,504,26.116666666666667,18.0,1.0,1.0,1.0,
7130,511661,J. Rasanen,3108,504,14.333333333333334,0.0,1.0,0.0,0.0,
7113,511661,Lampen Emma,504,3108,28.833333333333332,8.0,4.0,3.0,0.0,
7118,511661,M. Nurminen,504,3108,26.166666666666668,5.0,4.0,0.0,0.0,
7124,511661,T. Talonen,3108,504,22.666666666666668,2.0,4.0,2.0,0.0,
7115,511661,Toomingas Cayro-Lyza,504,3108,21.966666666666665,8.0,2.0,0.0,0.0,
7126,511661,V. Nanje,3108,504,11.283333333333333,8.0,1.0,0.0,0.0,
7117,511661,V. Savioja,504,3108,16.7,3.0,6.0,2.0,1.0,
7119,511661,Vehka-Aho Lotta,504,3108,19.15,3.0,2.0,3.0,1.0,
7136,511662,A. Nikkila,2277,505,16.25,0.0,6.0,0.0,0.0,
7144,511662,C. Kert,505,2277,23.066666666666666,3.0,5.0,2.0,0.0,
7147,511662,C. Makela,505,2277,14.916666666666666,8.0,1.0,1.0,2.0,
7139,511662,E. Mahonen,2277,505,15.45,1.0,2.0,1.0,0.0,
7148,511662,E. Sahuri,505,2277,10.716666666666667,5.0,1.0,0.0,1.0,
7138,511662,H. Taponen,2277,505,8.583333333333334,0.0,1.0,0.0,0.0,
7143,511662,I. Riihijarvi,505,2277,25.016666666666666,5.0,1.0,1.0,1.0,
7131,511662,K. Williams,2277,505,31.8,13.0,8.0,5.0,0.0,
7145,511662,Kuisma Maija,505,2277,9.866666666666667,2.0,1.0,0.0,0.0,
7134,511662,Kujala Saana,2277,505,34.833333333333336,26.0,8.0,4.0,1.0,
7149,511662,L. Tyynila,505,2277,18.183333333333334,9.0,1.0,3.0,1.0,
7146,511662,M. Kettunen,505,2277,20.1,2.0,5.0,1.0,0.0,
7137,511662,M. Mattila,2277,505,17.8,12.0,5.0,0.0,1.0,
7140,511662,N. Etu-Seppala,2277,505,11.3,2.0,0.0,2.0,0.0,
7133,511662,N. Salmi,2277,505,22.433333333333334,10.0,5.0,5.0,2.0,
7151,511662,Nurminen Mette,505,2277,8.483333333333333,8.0,1.0,1.0,2.0,
7150,511662,Orpo Ronja,505,2277,19.833333333333332,11.0,7.0,1.0,1.0,
7141,511662,P. Lohko,505,2277,12.316666666666666,2.0,3.0,0.0,0.0,
7152,511662,S. Makinen,505,2277,13.716666666666667,5.0,2.0,0.0,1.0,
7142,511662,S. Ukkonen,505,2277,23.783333333333335,14.0,3.0,4.0,2.0,
7135,511662,Sedano Niina,2277,505,20.166666666666668,10.0,2.0,1.0,2.0,
7132,511662,Tyynila Peppi,2277,505,21.383333333333333,6.0,3.0,0.0,0.0,
7153,511663,B. Scott,3643,504,34.833333333333336,29.0,6.0,1.0,0.0,
7165,511663,E. Arike,504,3643,27.183333333333334,9.0,9.0,2.0,0.0,
7162,511663,E. Foster,504,3643,32.61666666666667,20.0,9.0,0.0,4.0,
7158,511663,E. Riihela,3643,504,16.216666666666665,0.0,2.0,2.0,0.0,
7170,511663,H. Suvanto,504,3643,21.25,14.0,4.0,0.0,0.0,
7161,511663,L. Camara,3643,504,17.183333333333334,5.0,4.0,1.0,1.0,
7155,511663,L. Carter,3643,504,27.2,12.0,12.0,2.0,0.0,
7163,511663,Lampen Emma,504,3643,32.43333333333333,6.0,6.0,10.0,0.0,
7164,511663,M. Daley,504,3643,32.06666666666667,18.0,5.0,1.0,0.0,
7156,511663,M. Etu-Seppala,3643,504,14.516666666666667,0.0,1.0,1.0,0.0,
7159,511663,M. Honkonen,3643,504,26.5,3.0,10.0,2.0,0.0,
7168,511663,M. Nurminen,504,3643,15.7,1.0,2.0,1.0,0.0,
7154,511663,Nurminen Anni,3643,504,32.05,7.0,1.0,3.0,1.0,
7166,511663,Toomingas Cayro-Lyza,504,3643,16.983333333333334,2.0,4.0,1.0,0.0,
7160,511663,V. Niskanen,3643,504,1.5166666666666666,0.0,0.0,0.0,0.0,
7157,511663,V. Patrikainen,3643,504,29.983333333333334,10.0,4.0,2.0,0.0,
7167,511663,V. Savioja,504,3643,3.466666666666667,0.0,0.0,0.0,0.0,
7169,511663,Vehka-Aho Lotta,504,3643,18.3,2.0,2.0,1.0,0.0,
7181,511664,A. Kilpelainen,498,3108,24.383333333333333,3.0,6.0,2.0,0.0,
7176,511664,A. Kimario,3108,498,12.6,1.0,1.0,2.0,0.0,
7178,511664,A. Koskela,3108,498,10.033333333333333,9.0,4.0,0.0,1.0,
7174,511664,A. Machol,3108,498,23.716666666666665,10.0,12.0,3.0,0.0,
7187,511664,A. Niinisto,498,3108,13.2,0.0,3.0,0.0,0.0,
7189,511664,A. Rinne,498,3108,22.683333333333334,10.0,4.0,2.0,1.0,
7179,511664,D. Aden,3108,498,16.183333333333334,6.0,6.0,3.0,0.0,
7190,511664,E. Arial,498,3108,12.2,0.0,3.0,0.0,0.0,
7182,511664,E. Melnikova,498,3108,23.133333333333333,12.0,3.0,3.0,2.0,
7184,511664,E. Salovaara,498,3108,25.766666666666666,9.0,5.0,3.0,0.0,
7173,511664,E. Seppa,3108,498,27.05,14.0,8.0,1.0,3.0,
7188,511664,E. Vainio,498,3108,10.8,0.0,3.0,0.0,0.0,
7171,511664,Gardziella Anna,3108,498,26.883333333333333,11.0,10.0,3.0,3.0,
7172,511664,J. Nenonen,3108,498,26.233333333333334,13.0,10.0,2.0,1.0,
7180,511664,J. Rasanen,3108,498,11.033333333333333,2.0,2.0,2.0,0.0,
7185,511664,K. Mantyla,498,3108,25.816666666666666,5.0,3.0,1.0,1.0,
7186,511664,M. Mainio,498,3108,19.033333333333335,5.0,4.0,1.0,1.0,
7183,511664,N. Schreck,498,3108,22.983333333333334,26.0,6.0,3.0,0.0,
7175,511664,T. Talonen,3108,498,30.55,11.0,7.0,9.0,0.0,
7177,511664,V. Nanje,3108,498,15.716666666666667,20.0,1.0,1.0,4.0,
7202,511665,A. Emmanuel,502,505,20.683333333333334,15.0,11.0,2.0,1.0,
7194,511665,C. Kert,505,502,18.233333333333334,4.0,2.0,1.0,0.0,
7191,511665,C. Makela,505,502,7.933333333333334,0.0,0.0,0.0,0.0,
7209,511665,E. Luostarinen,502,505,8.016666666666667,0.0,0.0,0.0,0.0,
7198,511665,E. Sahuri,505,502,17.283333333333335,4.0,6.0,1.0,0.0,
7204,511665,H. Vahauski,502,505,27.433333333333334,17.0,12.0,4.0,3.0,
7210,511665,Heikkila Elli,502,505,16.75,8.0,5.0,0.0,0.0,
7208,511665,J. Jones,502,505,24.083333333333332,2.0,4.0,2.0,0.0,
7206,511665,K. Moten,502,505,31.066666666666666,5.0,13.0,8.0,1.0,
7201,511665,Kuisma Maija,505,502,28.633333333333333,13.0,6.0,1.0,0.0,
7207,511665,L. Lampinen,502,505,21.383333333333333,8.0,3.0,2.0,1.0,
7199,511665,L. Tyynila,505,502,23.3,3.0,1.0,1.0,1.0,
7203,511665,M. Kaulo,502,505,20.066666666666666,5.0,9.0,1.0,0.0,
7196,511665,M. Kettunen,505,502,4.433333333333334,0.0,1.0,0.0,0.0,
7200,511665,Nurminen Mette,505,502,7.55,2.0,1.0,0.0,0.0,
7193,511665,Orpo Ronja,505,502,24.116666666666667,5.0,6.0,1.0,1.0,
7197,511665,P. Lohko,505,502,16.65,12.0,1.0,1.0,2.0,
7205,511665,Raty Johanna,502,505,30.516666666666666,12.0,3.0,1.0,3.0,
7195,511665,S. Makinen,505,502,29.466666666666665,10.0,6.0,1.0,2.0,
7192,511665,S. Ukkonen,505,502,22.4,2.0,2.0,1.0,0.0,
7216,511666,A. Mujunen,506,507,18.316666666666666,7.0,9.0,4.0,0.0,
7214,511666,Aarrejoki Annika,506,507,23.816666666666666,20.0,10.0,3.0,0.0,
7212,511666,Agyei Magdalene,506,507,27.483333333333334,23.0,6.0,4.0,3.0,
7217,511666,C. Karna,506,507,18.183333333333334,5.0,4.0,1.0,1.0,
7213,511666,Damoiseaux Meri,506,507,20.816666666666666,14.0,2.0,7.0,4.0,
7225,511666,E. Alatalo,507,506,7.4,0.0,0.0,0.0,0.0,
7222,511666,E. Leppanen,507,506,23.55,9.0,0.0,0.0,1.0,
7211,511666,Kuisma Kaisa,506,507,24.833333333333332,12.0,3.0,5.0,4.0,
7226,511666,Kujala Riikka,507,506,25.4,6.0,1.0,2.0,2.0,
7220,511666,L. Hansford,507,506,33.2,14.0,7.0,1.0,2.0,
7215,511666,L. Laine,506,507,14.333333333333334,2.0,5.0,0.0,0.0,
7218,511666,L. Vesiluoma,506,507,26.083333333333332,11.0,3.0,2.0,3.0,
7224,511666,M. Isoranta,507,506,19.65,2.0,3.0,0.0,0.0,
7219,511666,N. Cheatham,507,506,16.733333333333334,5.0,2.0,2.0,1.0,
7223,511666,P. Jaatinen,507,506,29.583333333333332,13.0,2.0,7.0,2.0,
7227,511666,S. Kangas,507,506,9.433333333333334,2.0,1.0,1.0,0.0,
7221,511666,S. Viita,507,506,35.05,10.0,11.0,3.0,1.0,
7234,511774,A. Lehikoinen,5623,496,2.1166666666666667,0.0,1.0,0.0,0.0,
7228,511774,D. Boyd,5623,496,28.783333333333335,19.0,4.0,4.0,4.0,
7238,511774,D. Rantapaju,5623,496,16.366666666666667,8.0,2.0,5.0,2.0,
7240,511774,D. Tillis,496,5623,25.733333333333334,8.0,5.0,3.0,0.0,
7236,511774,E. Laaksonen,5623,496,5.166666666666667,0.0,1.0,1.0,0.0,
7246,511774,E. Lahdetniemi,496,5623,2.85,2.0,1.0,0.0,0.0,
7243,511774,G. Clark,496,5623,29.783333333333335,18.0,7.0,3.0,2.0,
7231,511774,H. Polla,5623,496,24.166666666666668,12.0,12.0,2.0,0.0,
7241,511774,J. Herrala,496,5623,5.05,3.0,0.0,0.0,0.0,
7232,511774,J. Hilmer,5623,496,23.633333333333333,7.0,2.0,3.0,0.0,
7229,511774,J. McCoy,5623,496,32.53333333333333,27.0,1.0,3.0,1.0,
7248,511774,Jackson Jalen,496,5623,18.283333333333335,6.0,2.0,1.0,0.0,
7249,511774,K. Williams,496,5623,15.566666666666666,7.0,0.0,1.0,2.0,
7235,511774,L. Manninen,5623,496,0.48333333333333334,3.0,0.0,0.0,1.0,
7244,511774,R. Ahvenjarvi,496,5623,20.933333333333334,7.0,2.0,1.0,1.0,
7233,511774,R. Filtness,5623,496,19.566666666666666,2.0,4.0,0.0,0.0,
7247,511774,R. Lindberg,496,5623,15.55,8.0,2.0,1.0,1.0,
7245,511774,Sarcevic Bojan,496,5623,18.983333333333334,2.0,1.0,2.0,0.0,
7237,511774,T. Kuukkanen,5623,496,17.5,14.0,1.0,3.0,4.0,
7242,511774,T. Murr,496,5623,24.683333333333334,13.0,3.0,3.0,2.0,
7239,511774,T. Niemi,496,5623,22.583333333333332,11.0,7.0,1.0,1.0,
7230,511774,T. Smith,5623,496,29.283333333333335,17.0,12.0,6.0,1.0,
7253,511775,A. Alanen,3071,490,32.233333333333334,6.0,5.0,2.0,1.0,
7265,511775,A. Aropelto,490,3071,,0.0,0.0,0.0,0.0,
7251,511775,A. Harris,3071,490,25.75,2.0,0.0,3.0,0.0,
7254,511775,Aidoo Fiifi,3071,490,30.083333333333332,6.0,4.0,1.0,2.0,
7261,511775,J. Harris,490,3071,30.266666666666666,19.0,13.0,1.0,1.0,
7263,511775,J. Lake,490,3071,16.8,7.0,2.0,1.0,2.0,
7262,511775,J. Timonen,490,3071,23.033333333333335,2.0,0.0,2.0,0.0,
7266,511775,Knihtinen Teemu,490,3071,19.4,6.0,4.0,1.0,0.0,
7257,511775,Makynen Onni,3071,490,3.2,0.0,0.0,0.0,0.0,
7250,511775,Ogunyemi Javion,3071,490,36.03333333333333,15.0,9.0,0.0,1.0,
7258,511775,Palmi Topias,490,3071,25.916666666666668,12.0,2.0,0.0,0.0,
7252,511775,R. Brown,3071,490,35.06666666666667,15.0,8.0,0.0,1.0,
7260,511775,R. Springs,490,3071,30.316666666666666,6.0,14.0,2.0,0.0,
7267,511775,Ronnholm Thomas,490,3071,0.38333333333333336,0.0,0.0,0.0,0.0,
7259,511775,S. Strong,490,3071,31.233333333333334,20.0,5.0,4.0,3.0,
7264,511775,Suokas Teemu,490,3071,22.616666666666667,14.0,1.0,6.0,2.0,
7256,511775,Taylor Deshon,3071,490,29.15,24.0,3.0,6.0,4.0,
7255,511775,V. Karhu,3071,490,8.483333333333333,3.0,0.0,0.0,1.0,
7268,511776,A. Ferguson,3632,492,28.516666666666666,20.0,5.0,3.0,1.0,
7278,511776,A. Johnson Cash,492,3632,37.3,16.0,5.0,6.0,3.0,
7282,511776,A. Korkiatupa,492,3632,31.816666666666666,13.0,4.0,3.0,4.0,
7275,511776,A. Laavainen,3632,492,12.533333333333333,2.0,0.0,0.0,0.0,
7269,511776,A. Peltoniemi,3632,492,30.316666666666666,28.0,4.0,1.0,5.0,
7279,511776,C. Terrell,492,3632,31.583333333333332,8.0,4.0,7.0,0.0,
7276,511776,Eerikinharju Elias,3632,492,15.5,3.0,1.0,0.0,1.0,
7284,511776,Harsila Tuukka,492,3632,24.233333333333334,14.0,3.0,0.0,4.0,
7277,511776,I. Tuomi,3632,492,13.05,3.0,3.0,3.0,0.0,
7285,511776,J. Toikka,492,3632,10.333333333333334,0.0,1.0,2.0,0.0,
7271,511776,L. Taylor,3632,492,30.25,14.0,3.0,4.0,1.0,
7283,511776,P. En,492,3632,8.683333333333334,2.0,1.0,1.0,0.0,
7273,511776,Pihlajamaki Tomas,3632,492,9.683333333333334,0.0,2.0,2.0,0.0,
7281,511776,S. Williams,492,3632,34.03333333333333,27.0,8.0,0.0,1.0,
7272,511776,T. Faulkner,3632,492,28.9,18.0,1.0,2.0,4.0,
7280,511776,T. Kristeri,492,3632,20.4,11.0,4.0,2.0,1.0,
7270,511776,T. Williams,3632,492,26.95,9.0,14.0,0.0,0.0,
7274,511776,V. Ulander,3632,492,4.3,2.0,2.0,1.0,0.0,
7300,511777,A. White,488,489,7.433333333333334,2.0,0.0,0.0,0.0,
7293,511777,Ahonen Antti,489,488,26.3,21.0,2.0,1.0,6.0,
7292,511777,Boman Hugo,489,488,5.2,0.0,2.0,0.0,0.0,
7298,511777,Dolenc Daniel,488,489,26.3,6.0,3.0,2.0,1.0,
7288,511777,E. Cuthrell,489,488,26.2,7.0,4.0,3.0,1.0,
7287,511777,E. Sajantila,489,488,26.55,8.0,3.0,2.0,1.0,
7297,511777,Hirvonen Tuomas,488,489,3.4166666666666665,2.0,2.0,1.0,0.0,
7291,511777,Horn Tehree,489,488,24.533333333333335,10.0,6.0,4.0,0.0,
7302,511777,I. Uwamungu,488,489,6.966666666666667,0.0,0.0,0.0,0.0,
7289,511777,J. Bellamy,489,488,27.5,13.0,10.0,1.0,0.0,
7299,511777,J. Granlund,488,489,35.35,8.0,7.0,2.0,2.0,
7296,511777,J. Mantynen,488,489,36.81666666666667,20.0,9.0,2.0,2.0,
7303,511777,J. Tuomala,488,489,18.366666666666667,9.0,4.0,0.0,1.0,
7294,511777,K. Koivunen,489,488,6.2,0.0,1.0,0.0,0.0,
7290,511777,Kivimaki Aatu,489,488,25.216666666666665,8.0,1.0,1.0,2.0,
7295,511777,M. Gillis,488,489,36.733333333333334,29.0,10.0,5.0,4.0,
7286,511777,T. Bryan,489,488,32.3,11.0,5.0,4.0,1.0,
7301,511777,Z. Styles,488,489,28.616666666666667,8.0,6.0,0.0,0.0,
7322,511778,A. Laavainen,495,494,7.55,0.0,0.0,0.0,0.0,
7316,511778,Aalto Mikael,495,494,27.133333333333333,17.0,6.0,0.0,0.0,
7319,511778,B. Granstrom,495,494,5.616666666666667,0.0,0.0,0.0,0.0,
7315,511778,D. Jeffries,495,494,30.0,18.0,5.0,4.0,2.0,
7310,511778,Hakamaa Joona,494,495,27.933333333333334,5.0,0.0,0.0,1.0,
7307,511778,Hopkins Shawn,494,495,16.4,4.0,1.0,1.0,0.0,
7317,511778,Innamaa Eero,495,494,26.483333333333334,10.0,7.0,2.0,1.0,
7306,511778,J. J. West,494,495,34.61666666666667,19.0,12.0,1.0,1.0,
7304,511778,J. Mason,494,495,27.066666666666666,18.0,0.0,5.0,0.0,
7312,511778,J. Nieminen,494,495,5.383333333333334,0.0,0.0,0.0,0.0,
7313,511778,K. Chavis,495,494,21.183333333333334,6.0,5.0,1.0,0.0,
7308,511778,K. Mattila,494,495,18.016666666666666,7.0,0.0,2.0,1.0,
7314,511778,L. Walker,495,494,29.583333333333332,27.0,4.0,9.0,3.0,
7321,511778,Laine Riku,495,494,16.383333333333333,3.0,3.0,1.0,1.0,
7320,511778,Lindberg Sebastian,495,494,25.65,13.0,2.0,0.0,2.0,
7309,511778,O. Raisanen,494,495,19.583333333333332,9.0,3.0,2.0,1.0,
7311,511778,P. Duane,494,495,18.166666666666668,7.0,5.0,0.0,0.0,
7318,511778,S. Stefanovic,495,494,10.416666666666666,3.0,1.0,2.0,1.0,
7305,511778,V. Mervola,494,495,32.833333333333336,10.0,4.0,1.0,2.0,
7324,511779,D. Tillis,496,487,26.966666666666665,12.0,6.0,2.0,1.0,
7328,511779,E. Lahdetniemi,496,487,1.4833333333333334,0.0,0.0,0.0,0.0,
7331,511779,G. Clark,496,487,26.333333333333332,21.0,10.0,1.0,0.0,
7332,511779,J. Herrala,496,487,6.566666666666666,0.0,0.0,0.0,0.0,
7327,511779,Jackson Jalen,496,487,28.866666666666667,15.0,5.0,3.0,3.0,
7334,511779,K. Kennedy,487,496,29.8,20.0,0.0,2.0,3.0,
7333,511779,K. Williams,496,487,7.066666666666666,3.0,1.0,1.0,1.0,
7342,511779,L. Hervola,487,496,9.183333333333334,6.0,2.0,2.0,2.0,
7338,511779,Nikkarinen Lassi,487,496,30.816666666666666,6.0,7.0,3.0,0.0,
7325,511779,R. Ahvenjarvi,496,487,12.066666666666666,5.0,2.0,0.0,1.0,
7330,511779,R. Lindberg,496,487,17.8,6.0,0.0,1.0,2.0,
7337,511779,R. Raitanen,487,496,22.683333333333334,4.0,6.0,1.0,0.0,
7335,511779,Rougeau Rene,487,496,30.733333333333334,9.0,6.0,1.0,0.0,
7339,511779,S. Abokar,487,496,2.6,0.0,1.0,0.0,0.0,
7326,511779,Sarcevic Bojan,496,487,23.233333333333334,4.0,4.0,5.0,0.0,
7329,511779,T. Murr,496,487,22.633333333333333,13.0,1.0,3.0,1.0,
7323,511779,T. Niemi,496,487,26.983333333333334,9.0,2.0,5.0,1.0,
7343,511779,T. Puittinen,487,496,8.2,3.0,0.0,0.0,1.0,
7336,511779,T. Williams,487,496,30.983333333333334,13.0,2.0,3.0,3.0,
7341,511779,V. Iwuakor,487,496,15.783333333333333,4.0,4.0,0.0,0.0,
7340,511779,V. Vesterinen,487,496,2.6,0.0,0.0,0.0,0.0,
7344,511779,Waxlax Ricky,487,496,16.616666666666667,2.0,1.0,2.0,0.0,
7348,511780,A. Korkiatupa,492,5623,27.0,6.0,2.0,0.0,1.0,
7346,511780,C. Terrell,492,5623,31.416666666666668,18.0,4.0,3.0,1.0,
7354,511780,D. Boyd,5623,492,32.916666666666664,12.0,4.0,4.0,1.0,
7361,511780,D. Rantapaju,5623,492,11.966666666666667,6.0,3.0,2.0,2.0,
7362,511780,E. Laaksonen,5623,492,13.533333333333333,6.0,2.0,0.0,0.0,
7349,511780,E. Pallijeff,492,5623,25.566666666666666,9.0,3.0,1.0,2.0,
7363,511780,E. Viiru,5623,492,0.55,0.0,0.0,0.0,0.0,
7357,511780,H. Polla,5623,492,22.566666666666666,5.0,13.0,1.0,0.0,
7350,511780,Harsila Tuukka,492,5623,29.4,5.0,5.0,3.0,0.0,
7358,511780,J. Hilmer,5623,492,28.033333333333335,18.0,3.0,5.0,2.0,
7355,511780,J. McCoy,5623,492,29.566666666666666,20.0,0.0,2.0,0.0,
7351,511780,J. Toikka,492,5623,2.216666666666667,3.0,0.0,0.0,1.0,
7345,511780,M. Troutman,492,5623,31.966666666666665,13.0,7.0,6.0,1.0,
7353,511780,P. En,492,5623,2.25,0.0,1.0,0.0,0.0,
7359,511780,R. Filtness,5623,492,18.216666666666665,4.0,7.0,0.0,0.0,
7347,511780,S. Williams,492,5623,33.46666666666667,22.0,8.0,0.0,0.0,
7352,511780,T. Kristeri,492,5623,16.716666666666665,4.0,2.0,1.0,0.0,
7360,511780,T. Kuukkanen,5623,492,19.433333333333334,7.0,1.0,1.0,1.0,
7356,511780,T. Smith,5623,492,23.216666666666665,11.0,9.0,0.0,0.0,
7364,511781,A. Ferguson,3632,494,30.733333333333334,17.0,8.0,2.0,1.0,
7370,511781,A. Laavainen,3632,494,10.983333333333333,0.0,0.0,0.0,0.0,
7365,511781,A. Peltoniemi,3632,494,35.61666666666667,23.0,6.0,4.0,4.0,
7380,511781,E. Muhonen,494,3632,25.516666666666666,6.0,6.0,2.0,2.0,
7373,511781,Eerikinharju Elias,3632,494,10.116666666666667,0.0,1.0,1.0,0.0,
7378,511781,Hakamaa Joona,494,3632,21.15,8.0,0.0,1.0,2.0,
7377,511781,Hopkins Shawn,494,3632,29.2,20.0,1.0,1.0,0.0,
7374,511781,I. Tuomi,3632,494,25.183333333333334,24.0,10.0,3.0,0.0,
7376,511781,J. J. West,494,3632,38.7,24.0,8.0,4.0,0.0,
7372,511781,J. Juusela,3632,494,4.266666666666667,0.0,0.0,0.0,0.0,
7381,511781,J. Mason,494,3632,32.083333333333336,18.0,3.0,3.0,0.0,
7384,511781,J. Nieminen,494,3632,3.216666666666667,0.0,0.0,0.0,0.0,
7382,511781,K. Mattila,494,3632,6.416666666666667,2.0,2.0,0.0,0.0,
7369,511781,L. Kallio,3632,494,19.466666666666665,3.0,3.0,6.0,1.0,
7367,511781,L. Taylor,3632,494,30.55,5.0,3.0,0.0,1.0,
7383,511781,O. Raisanen,494,3632,16.133333333333333,5.0,3.0,1.0,1.0,
7379,511781,P. Duane,494,3632,19.166666666666668,7.0,11.0,1.0,0.0,
7371,511781,Pihlajamaki Tomas,3632,494,6.3,0.0,1.0,0.0,0.0,
7368,511781,T. Faulkner,3632,494,30.566666666666666,16.0,2.0,5.0,3.0,
7366,511781,T. Williams,3632,494,21.216666666666665,9.0,5.0,0.0,1.0,
7375,511781,V. Mervola,494,3632,33.416666666666664,6.0,6.0,7.0,0.0,
7398,511782,A. Alanen,3071,489,29.85,7.0,3.0,1.0,0.0,
7400,511782,A. Harris,3071,489,18.65,5.0,1.0,1.0,1.0,
7392,511782,Ahonen Antti,489,3071,17.05,2.0,2.0,1.0,0.0,
7401,511782,Aidoo Fiifi,3071,489,25.483333333333334,12.0,2.0,1.0,1.0,
7391,511782,Boman Hugo,489,3071,9.6,3.0,0.0,0.0,1.0,
7387,511782,E. Cuthrell,489,3071,29.883333333333333,19.0,5.0,2.0,2.0,
7386,511782,E. Sajantila,489,3071,26.933333333333334,2.0,4.0,3.0,0.0,
7390,511782,Horn Tehree,489,3071,23.75,10.0,4.0,1.0,0.0,
7388,511782,J. Bellamy,489,3071,33.15,13.0,12.0,2.0,0.0,
7393,511782,K. Koivunen,489,3071,8.3,3.0,1.0,0.0,1.0,
7389,511782,Kivimaki Aatu,489,3071,23.65,10.0,2.0,5.0,2.0,
7399,511782,Makynen Onni,3071,489,9.283333333333333,0.0,1.0,0.0,0.0,
7394,511782,Ogunyemi Javion,3071,489,35.06666666666667,15.0,11.0,0.0,0.0,
7397,511782,R. Brown,3071,489,37.083333333333336,14.0,11.0,2.0,0.0,
7385,511782,T. Bryan,489,3071,27.683333333333334,10.0,1.0,1.0,2.0,
7395,511782,Taylor Deshon,3071,489,28.283333333333335,15.0,4.0,5.0,1.0,
7396,511782,V. Karhu,3071,489,16.3,5.0,0.0,0.0,1.0,
7402,511783,D. Williams,493,490,31.566666666666666,27.0,1.0,5.0,1.0,
7409,511783,J. Barr,493,490,13.783333333333333,8.0,7.0,2.0,0.0,
7414,511783,J. Harris,490,493,32.95,13.0,9.0,2.0,0.0,
7408,511783,J. Kaivos,493,490,5.266666666666667,0.0,0.0,0.0,0.0,
7417,511783,J. Lake,490,493,13.0,3.0,3.0,0.0,1.0,
7406,511783,J. Threadgill,493,490,31.25,16.0,3.0,1.0,2.0,
7413,511783,J. Timonen,490,493,19.95,0.0,2.0,5.0,0.0,
7419,511783,Knihtinen Teemu,490,493,16.666666666666668,2.0,7.0,1.0,0.0,
7403,511783,Luukkonen Eemi,493,490,28.8,4.0,3.0,1.0,0.0,
7415,511783,Palmi Topias,490,493,23.25,5.0,2.0,0.0,1.0,
7410,511783,Peltonen Kalle,493,490,18.75,5.0,1.0,0.0,1.0,
7404,511783,R. Korhonen,493,490,35.81666666666667,23.0,5.0,1.0,2.0,
7412,511783,R. Springs,490,493,31.2,27.0,11.0,0.0,0.0,
7416,511783,Ronnholm Thomas,490,493,4.866666666666667,0.0,0.0,0.0,0.0,
7411,511783,S. Strong,490,493,33.38333333333333,25.0,3.0,5.0,5.0,
7418,511783,Suokas Teemu,490,493,24.733333333333334,10.0,3.0,5.0,1.0,
7407,511783,T. Yli-Junnila,493,490,2.3166666666666664,0.0,0.0,0.0,0.0,
7405,511783,V. Nyman,493,490,32.45,8.0,11.0,3.0,1.0,
7428,511971,A. Sodin,1084,1086,0.6333333333333333,0.0,1.0,0.0,0.0,
7420,511971,Anzic Ana,1084,1086,28.4,5.0,1.0,4.0,1.0,
7431,511971,B. Sedmirek,1086,1084,23.416666666666668,7.0,4.0,2.0,0.0,
7423,511971,Baric Nika,1084,1086,25.516666666666666,20.0,1.0,0.0,5.0,
7427,511971,Blagus Nika,1084,1086,3.4,0.0,0.0,0.0,0.0,
7440,511971,E. Furlan,1086,1084,12.616666666666667,6.0,3.0,1.0,0.0,
7438,511971,E. Modric,1086,1084,17.516666666666666,4.0,3.0,2.0,0.0,
7426,511971,I. Fritz,1084,1086,5.4,0.0,0.0,0.0,0.0,
7430,511971,J. Guska,1084,1086,21.5,13.0,8.0,2.0,0.0,
7435,511971,Krenk Ula,1086,1084,11.466666666666667,0.0,6.0,3.0,0.0,
7436,511971,L. Krizmanic,1086,1084,6.783333333333333,0.0,1.0,0.0,0.0,
7441,511971,L. Medeot,1086,1084,15.916666666666666,9.0,5.0,0.0,0.0,
7442,511971,Lazarevic Andrea,1086,1084,14.2,2.0,2.0,2.0,0.0,
7422,511971,M. Senicar,1084,1086,32.483333333333334,0.0,7.0,2.0,0.0,
7429,511971,Misjak Ziva,1084,1086,22.883333333333333,3.0,3.0,3.0,1.0,
7424,511971,R. Elgedawy,1084,1086,29.483333333333334,14.0,12.0,3.0,0.0,
7421,511971,Radonjic Zorana,1084,1086,29.966666666666665,17.0,6.0,5.0,0.0,
7432,511971,Sambolic Hana,1086,1084,14.333333333333334,0.0,1.0,2.0,0.0,
7425,511971,T. Jazbec,1084,1086,0.3333333333333333,0.0,0.0,0.0,0.0,
7433,511971,T. Tomsic,1086,1084,18.416666666666668,9.0,2.0,1.0,2.0,
7439,511971,Trantura Lena,1086,1084,26.266666666666666,5.0,2.0,0.0,1.0,
7437,511971,Zadravec Lara,1086,1084,16.583333333333332,0.0,1.0,3.0,0.0,
7434,511971,Zeks Mia,1086,1084,22.483333333333334,8.0,1.0,0.0,2.0,
7456,511975,A. Saric,1091,1090,15.7,4.0,1.0,0.0,0.0,
7454,511975,Dragar Anja,1091,1090,20.666666666666668,7.0,2.0,0.0,1.0,
7451,511975,Grebenc Lena,1091,1090,33.93333333333333,8.0,4.0,3.0,2.0,
7445,511975,J. Grujic,1090,1091,15.95,0.0,1.0,0.0,0.0,
7450,511975,Kozina Lara,1091,1090,28.133333333333333,12.0,3.0,2.0,1.0,
7452,511975,Kvrgic Alina,1091,1090,23.383333333333333,3.0,1.0,0.0,1.0,
7444,511975,L. Iseinoski,1090,1091,24.733333333333334,7.0,4.0,5.0,0.0,
7448,511975,M. Jancic,1090,1091,4.85,0.0,1.0,0.0,0.0,
7449,511975,M. Rekelj,1091,1090,15.5,2.0,1.0,1.0,0.0,
7457,511975,N. Krejic,1091,1090,1.5,0.0,1.0,0.0,0.0,
7446,511975,T. Levstik,1090,1091,4.566666666666666,2.0,0.0,0.0,0.0,
7443,511975,T. Meglic,1090,1091,16.433333333333334,2.0,0.0,1.0,0.0,
7455,511975,U. Ude,1091,1090,12.416666666666666,0.0,3.0,1.0,0.0,
7447,511975,V. Ferjancic,1090,1091,30.516666666666666,9.0,7.0,0.0,0.0,
7453,511975,Vrecer Manca,1091,1090,36.21666666666667,5.0,6.0,6.0,1.0,
7468,512038,Belangel Samjosef,3081,1103,27.083333333333332,2.0,1.0,6.0,0.0,
7470,512038,Choi Seung-Uk,3081,1103,8.25,3.0,0.0,0.0,1.0,
7463,512038,Choi Seung-Wook,1103,3081,2.75,0.0,0.0,0.0,0.0,
7458,512038,Jeong Hee-Jae,1103,3081,14.783333333333333,2.0,1.0,0.0,0.0,
7475,512038,Jeong Hyo-Woo,3081,1103,5.666666666666667,3.0,0.0,0.0,1.0,
7473,512038,Jeong Seong-Woo,3081,1103,20.4,5.0,2.0,7.0,1.0,
7469,512038,K. Aluma,3081,1103,20.166666666666668,16.0,3.0,1.0,2.0,
7461,512038,K. Kempao,1103,3081,34.88333333333333,16.0,4.0,6.0,2.0,
7474,512038,Kim Gook-Chan,3081,1103,17.2,4.0,3.0,1.0,0.0,
7464,512038,Kim Jin-Yu,1103,3081,9.016666666666667,5.0,1.0,2.0,1.0,
7472,512038,Kim Jun-Yl,3081,1103,14.533333333333333,7.0,5.0,0.0,0.0,
7466,512038,L. K. Jun,1103,3081,1.8166666666666667,0.0,0.0,0.0,0.0,
7471,512038,Laguna,3081,1103,28.483333333333334,21.0,12.0,2.0,1.0,
7459,512038,Lee Jae-Do,1103,3081,30.95,8.0,5.0,7.0,2.0,
7460,512038,Lee Jong-Hyun,1103,3081,33.583333333333336,9.0,4.0,5.0,0.0,
7462,512038,Lim Dong-Seop,1103,3081,20.183333333333334,2.0,1.0,1.0,0.0,
7476,512038,Park Jun-Eun,3081,1103,,0.0,0.0,0.0,0.0,
7467,512038,S. Ji-Won,1103,3081,,0.0,0.0,0.0,0.0,
7465,512038,S. Jun Hyeok,1103,3081,,0.0,0.0,0.0,0.0,
7477,512038,W. Yang,3081,1103,12.566666666666666,0.0,0.0,0.0,0.0,
7484,512039,Choi Jing-Wang,1105,1106,,0.0,0.0,0.0,0.0,
7500,512039,Goodwin Archie,1106,1105,25.866666666666667,25.0,2.0,2.0,3.0,
7490,512039,H. Choi,1106,1105,10.916666666666666,3.0,3.0,0.0,1.0,
7494,512039,Han Sang-Hyeok,1106,1105,3.8833333333333333,3.0,1.0,0.0,1.0,
7478,512039,Heo Hoon,1105,1106,28.633333333333333,4.0,0.0,7.0,0.0,
7491,512039,Heo Il-Young,1106,1105,31.65,22.0,6.0,6.0,1.0,
7480,512039,Jang Jae-Seok,1105,1106,26.983333333333334,12.0,3.0,2.0,0.0,
7499,512039,Jang Min-Gug,1106,1105,8.966666666666667,0.0,5.0,0.0,0.0,
7492,512039,Jeong In-Deok,1106,1105,21.516666666666666,4.0,1.0,0.0,0.0,
7489,512039,Junseok Yang,1106,1105,27.133333333333333,15.0,2.0,4.0,3.0,
7483,512039,Kim Dong-Hyun,1105,1106,19.6,3.0,1.0,1.0,0.0,
7485,512039,Kim Hun,1105,1106,2.8,0.0,0.0,0.0,0.0,
7486,512039,L. Chan-Young,1105,1106,1.75,0.0,0.0,0.0,0.0,
7495,512039,L. Jeong-hyeon,1106,1105,2.8,0.0,0.0,0.0,0.0,
7487,512039,L. King,1105,1106,27.016666666666666,18.0,6.0,2.0,3.0,
7482,512039,Lee Ho-Hyun,1105,1106,11.366666666666667,4.0,1.0,0.0,0.0,
7493,512039,Marei Assem,1106,1105,31.333333333333332,14.0,14.0,8.0,0.0,
7497,512039,Park Jung-Hyeon,1106,1105,,0.0,0.0,0.0,0.0,
7481,512039,S. Long,1105,1106,31.333333333333332,13.0,15.0,0.0,0.0,
7488,512039,Seo Jeong-Hyun,1105,1106,1.65,0.0,0.0,0.0,0.0,
7498,512039,Tamayo Carl,1106,1105,20.833333333333332,12.0,4.0,3.0,1.0,
7496,512039,W. Yun,1106,1105,15.1,5.0,1.0,4.0,1.0,
7479,512039,Yun Ki-Chan,1105,1106,22.7,5.0,2.0,0.0,0.0,
7503,512040,Abando Rhenz,1102,1107,21.416666666666668,0.0,3.0,1.0,0.0,
7501,512040,B. Jun-hyung,1102,1107,31.183333333333334,14.0,1.0,10.0,2.0,
7518,512040,Bazley Darius,1107,1102,27.366666666666667,20.0,12.0,3.0,2.0,
7517,512040,G. Abadiano,1107,1102,10.233333333333333,1.0,1.0,0.0,0.0,
7512,512040,H. Cho,1107,1102,21.4,6.0,2.0,0.0,1.0,
7502,512040,Han Seung-Hui,1102,1107,8.483333333333333,2.0,0.0,0.0,0.0,
7505,512040,J. Mooney,1102,1107,36.1,25.0,10.0,4.0,1.0,
7504,512040,J. Park,1102,1107,23.583333333333332,2.0,4.0,0.0,0.0,
7508,512040,Lee Dae-Heon,1102,1107,14.733333333333333,8.0,2.0,2.0,2.0,
7513,512040,Lee Woo Seok,1107,1102,34.483333333333334,9.0,9.0,4.0,2.0,
7509,512040,Moon Yu-Hyeon,1102,1107,25.216666666666665,8.0,1.0,8.0,1.0,
7507,512040,P. Seungbin,1102,1107,1.8166666666666667,0.0,0.0,0.0,0.0,
7506,512040,Park Ji-Hoon,1102,1107,16.783333333333335,9.0,1.0,0.0,1.0,
7511,512040,Park Moo-bin,1107,1102,34.35,12.0,5.0,5.0,2.0,
7515,512040,Prim Gaige,1107,1102,32.63333333333333,33.0,7.0,1.0,1.0,
7510,512040,R. Thomas,1102,1107,20.683333333333334,20.0,6.0,1.0,1.0,
7516,512040,Seo Myeong-Jin,1107,1102,19.533333333333335,0.0,1.0,1.0,0.0,
7514,512040,Seung-Hyun Lee,1107,1102,20.0,4.0,3.0,2.0,0.0,
7519,512042,Bass Paris,3173,1109,37.86666666666667,35.0,11.0,3.0,1.0,
7542,512042,C. McCullough,1109,3173,23.916666666666668,19.0,8.0,3.0,3.0,
7536,512042,Choi Hyun-Min,1109,3173,7.2,2.0,1.0,0.0,0.0,
7537,512042,Choi Seong-Mo,1109,3173,6.783333333333333,4.0,0.0,0.0,0.0,
7541,512042,D. Lim,1109,3173,2.8166666666666664,0.0,0.0,0.0,0.0,
7531,512042,Gutang Justin,1109,3173,22.55,4.0,0.0,2.0,0.0,
7538,512042,H. Young-chan,1109,3173,2.1333333333333333,0.0,0.0,0.0,0.0,
7524,512042,Ha Yun-Gi,3173,1109,11.583333333333334,2.0,3.0,1.0,0.0,
7525,512042,Han Hee-Won,3173,1109,2.1333333333333333,0.0,0.0,0.0,0.0,
7532,512042,Han Ho-Bin,1109,3173,32.5,7.0,2.0,8.0,1.0,
7526,512042,Jeon Seong-Hyun,3173,1109,21.5,3.0,0.0,0.0,1.0,
7520,512042,Jung Chang-Young,3173,1109,10.766666666666667,0.0,1.0,0.0,0.0,
7521,512042,Kang Sung-Wook,3173,1109,24.983333333333334,9.0,2.0,2.0,1.0,
7533,512042,Kanter Kerem,1109,3173,36.083333333333336,30.0,13.0,0.0,2.0,
7522,512042,Lee Doo-Won,3173,1109,7.233333333333333,0.0,2.0,0.0,0.0,
7539,512042,Lee Geun-Hwi,1109,3173,6.183333333333334,0.0,1.0,0.0,0.0,
7540,512042,Lee Kwan-Hee,1109,3173,12.966666666666667,6.0,1.0,0.0,2.0,
7534,512042,Lee Kyu-Tae,1109,3173,15.016666666666667,2.0,2.0,0.0,0.0,
7523,512042,Moon Jeonghyeon,3173,1109,26.733333333333334,5.0,10.0,4.0,1.0,
7527,512042,Oczon Miguel,3173,1109,22.533333333333335,11.0,0.0,1.0,3.0,
7528,512042,Park Ji-Won,3173,1109,0.03333333333333333,0.0,0.0,0.0,0.0,
7535,512042,Shin Dong-Hyuk,1109,3173,31.85,7.0,6.0,3.0,1.0,
7530,512042,Su Seo-Min,3173,1109,12.5,5.0,4.0,1.0,1.0,
7529,512042,T. Porter,3173,1109,22.133333333333333,6.0,11.0,1.0,0.0,
7545,512043,Bazley Darius,1107,1105,15.95,8.0,4.0,0.0,0.0,
7563,512043,Choi Jing-Wang,1105,1107,7.25,5.0,0.0,0.0,1.0,
7549,512043,G. Abadiano,1107,1105,15.3,0.0,1.0,3.0,0.0,
7547,512043,H. Cho,1107,1105,16.383333333333333,0.0,0.0,0.0,0.0,
7556,512043,Heo Hoon,1105,1107,32.3,17.0,1.0,13.0,1.0,
7558,512043,Heo Ung,1105,1107,30.133333333333333,2.0,2.0,1.0,0.0,
7555,512043,Jang Jae-Seok,1105,1107,21.083333333333332,7.0,5.0,0.0,0.0,
7551,512043,Jeong Jun-Won,1107,1105,1.8333333333333335,4.0,1.0,0.0,0.0,
7552,512043,K. Choi,1107,1105,1.8333333333333335,2.0,0.0,0.0,0.0,
7560,512043,Kim Dong-Hyun,1105,1107,29.083333333333332,9.0,2.0,0.0,3.0,
7564,512043,Kim Hun,1105,1107,1.8333333333333335,0.0,0.0,0.0,0.0,
7553,512043,Kim Kyung-Won,1107,1105,3.1166666666666667,4.0,0.0,1.0,0.0,
7554,512043,Kim Tae-wan,1107,1105,2.4,3.0,0.0,1.0,1.0,
7561,512043,L. King,1105,1107,26.6,32.0,5.0,4.0,3.0,
7562,512043,Lee Ho-Hyun,1105,1107,0.45,0.0,0.0,0.0,0.0,
7543,512043,Lee Woo Seok,1107,1105,32.13333333333333,16.0,2.0,5.0,2.0,
7546,512043,Park Moo-bin,1107,1105,22.3,0.0,3.0,8.0,0.0,
7550,512043,Prim Gaige,1107,1105,30.933333333333334,32.0,9.0,4.0,1.0,
7559,512043,S. Long,1105,1107,28.65,25.0,17.0,1.0,1.0,
7565,512043,Seo Jeong-Hyun,1105,1107,1.8333333333333335,0.0,0.0,0.0,0.0,
7548,512043,Seo Myeong-Jin,1107,1105,27.816666666666666,11.0,5.0,3.0,2.0,
7544,512043,Seung-Hyun Lee,1107,1105,30.0,7.0,4.0,2.0,1.0,
7557,512043,Yun Ki-Chan,1105,1107,20.783333333333335,0.0,0.0,0.0,0.0,
7580,512044,Abando Rhenz,1102,3081,15.666666666666666,0.0,3.0,0.0,0.0,
7579,512044,B. Jun-hyung,1102,3081,25.55,15.0,4.0,2.0,2.0,
7566,512044,Belangel Samjosef,3081,1102,35.766666666666666,23.0,5.0,8.0,4.0,
7571,512044,Choi Seung-Uk,3081,1102,0.5833333333333334,0.0,0.0,0.0,0.0,
7582,512044,Han Seung-Hui,1102,3081,20.5,11.0,2.0,1.0,1.0,
7584,512044,Heo Il-Young,1102,3081,4.733333333333333,3.0,0.0,0.0,1.0,
7581,512044,J. Mooney,1102,3081,34.516666666666666,23.0,17.0,6.0,2.0,
7578,512044,J. Park,1102,3081,34.733333333333334,7.0,3.0,2.0,1.0,
7570,512044,J. Park,3081,1102,25.283333333333335,8.0,2.0,1.0,2.0,
7572,512044,Jeong Hyo-Woo,3081,1102,11.283333333333333,3.0,2.0,0.0,0.0,
7567,512044,Jeong Seong-Woo,3081,1102,24.266666666666666,7.0,2.0,1.0,0.0,
7569,512044,K. Aluma,3081,1102,26.633333333333333,16.0,6.0,0.0,2.0,
7568,512044,K. Min-Gyu,3081,1102,18.666666666666668,8.0,1.0,2.0,2.0,
7573,512044,Kim Gook-Chan,3081,1102,8.45,0.0,1.0,0.0,0.0,
7577,512044,Kim Jun-Yl,3081,1102,8.016666666666667,0.0,1.0,1.0,0.0,
7585,512044,Lee Dae-Heon,1102,3081,1.15,0.0,0.0,0.0,0.0,
7586,512044,Moon Yu-Hyeon,1102,3081,21.316666666666666,9.0,0.0,2.0,0.0,
7583,512044,Park Ji-Hoon,1102,3081,17.5,10.0,4.0,1.0,0.0,
7575,512044,Park Jun-Eun,3081,1102,5.35,0.0,0.0,0.0,0.0,
7587,512044,R. Thomas,1102,3081,24.333333333333332,8.0,7.0,5.0,0.0,
7574,512044,Ra Guna,3081,1102,25.683333333333334,15.0,8.0,2.0,3.0,
7576,512044,W. Yang,3081,1102,10.016666666666667,0.0,0.0,0.0,0.0,
7591,512045,Bass Paris,3173,1106,35.06666666666667,23.0,14.0,6.0,2.0,
7610,512045,Goodwin Archie,1106,3173,27.266666666666666,20.0,9.0,5.0,2.0,
7604,512045,H. Choi,1106,3173,8.216666666666667,0.0,3.0,1.0,0.0,
7589,512045,Ha Yun-Gi,3173,1106,14.05,2.0,1.0,2.0,0.0,
7594,512045,Han Hee-Won,3173,1106,16.516666666666666,8.0,4.0,2.0,1.0,
7606,512045,Han Sang-Hyeok,1106,3173,1.9333333333333333,0.0,0.0,0.0,0.0,
7605,512045,Jang Min-Gug,1106,3173,4.266666666666667,0.0,1.0,0.0,0.0,
7588,512045,Jeon Seong-Hyun,3173,1106,14.833333333333334,7.0,0.0,2.0,1.0,
7600,512045,Jeong In-Deok,1106,3173,25.0,15.0,2.0,0.0,5.0,
7593,512045,Jung Chang-Young,3173,1106,2.5666666666666664,2.0,1.0,0.0,0.0,
7603,512045,Junseok Yang,1106,3173,26.133333333333333,0.0,3.0,5.0,0.0,
7598,512045,Kang Sung-Wook,3173,1106,20.0,0.0,3.0,2.0,0.0,
7597,512045,Lee Doo-Won,3173,1106,6.45,2.0,0.0,0.0,0.0,
7602,512045,Marei Assem,1106,3173,32.733333333333334,10.0,13.0,3.0,0.0,
7590,512045,Moon Jeonghyeon,3173,1106,21.65,14.0,10.0,2.0,2.0,
7592,512045,Oczon Miguel,3173,1106,20.0,15.0,0.0,2.0,4.0,
7596,512045,Park Ji-Won,3173,1106,3.4166666666666665,2.0,0.0,0.0,0.0,
7607,512045,Park Jung-Hyeon,1106,3173,1.1333333333333333,0.0,0.0,0.0,0.0,
7595,512045,Su Seo-Min,3173,1106,23.0,5.0,1.0,0.0,1.0,
7599,512045,T. Porter,3173,1106,22.45,17.0,10.0,1.0,1.0,
7609,512045,Tamayo Carl,1106,3173,20.533333333333335,6.0,2.0,2.0,0.0,
7608,512045,W. Yun,1106,3173,19.45,5.0,1.0,1.0,1.0,
7601,512045,Yang Hong-Seok,1106,3173,33.333333333333336,16.0,4.0,1.0,4.0,
7623,512046,Aluma Keve,3081,1105,36.8,30.0,13.0,7.0,2.0,
7620,512046,Belangel Samjosef,3081,1105,27.9,15.0,2.0,5.0,1.0,
7618,512046,Choi Jing-Wang,1105,3081,1.05,0.0,0.0,0.0,0.0,
7626,512046,Choi Seung-Wook,3081,1105,12.733333333333333,3.0,0.0,0.0,1.0,
7612,512046,Heo Hoon,1105,3081,34.71666666666667,14.0,7.0,14.0,2.0,
7611,512046,Heo Ung,1105,3081,38.38333333333333,13.0,4.0,5.0,2.0,
7629,512046,J. Park,3081,1105,9.833333333333334,0.0,3.0,2.0,0.0,
7614,512046,Jang Jae-Seok,1105,3081,25.233333333333334,8.0,2.0,1.0,0.0,
7621,512046,Jeong Hyo-Woo,3081,1105,12.2,12.0,1.0,0.0,4.0,
7625,512046,Jeong Seong-Woo,3081,1105,10.833333333333334,3.0,0.0,1.0,1.0,
7622,512046,K. Min-Gyu,3081,1105,26.15,15.0,0.0,0.0,2.0,
7617,512046,Kim Dong-Hyun,1105,3081,22.966666666666665,3.0,1.0,0.0,1.0,
7631,512046,Kim Gook-Chan,3081,1105,4.066666666666666,0.0,1.0,0.0,0.0,
7624,512046,Kim Jun-Yl,3081,1105,12.733333333333333,0.0,1.0,0.0,0.0,
7619,512046,L. King,1105,3081,24.75,29.0,5.0,5.0,4.0,
7628,512046,Laguna,3081,1105,23.2,5.0,7.0,9.0,1.0,
7616,512046,Lee Ho-Hyun,1105,3081,5.283333333333333,3.0,0.0,1.0,1.0,
7615,512046,S. Long,1105,3081,35.25,27.0,8.0,3.0,0.0,
7630,512046,W. Yang,3081,1105,23.3,15.0,3.0,4.0,3.0,
7627,512046,Yang Jae-Hyuk,3081,1105,0.25,0.0,0.0,0.0,0.0,
7613,512046,Yun Ki-Chan,1105,3081,12.366666666666667,6.0,1.0,0.0,2.0,
7634,512047,Albano Ethan,1111,1106,38.333333333333336,19.0,5.0,6.0,1.0,
7633,512047,Choi Sung-Won,1111,1106,5.65,0.0,0.0,1.0,0.0,
7651,512047,Goodwin Archie,1106,1111,24.3,21.0,2.0,1.0,0.0,
7650,512047,H. Choi,1106,1111,2.6,3.0,0.0,0.0,1.0,
7636,512047,H. Ellenson,1111,1106,36.483333333333334,25.0,9.0,3.0,1.0,
7647,512047,Jang Min-Gug,1106,1111,6.766666666666667,0.0,1.0,1.0,0.0,
7642,512047,Jeong In-Deok,1106,1111,23.7,9.0,3.0,1.0,3.0,
7645,512047,Junseok Yang,1106,1111,25.85,11.0,0.0,6.0,1.0,
7632,512047,Kang Sang-Jae,1111,1106,37.81666666666667,4.0,6.0,4.0,0.0,
7635,512047,Kim Bo-Bae,1111,1106,8.9,10.0,2.0,0.0,1.0,
7638,512047,L. Yoongi,1111,1106,5.933333333333334,0.0,0.0,0.0,0.0,
7637,512047,Lee Jung-Hyun,1111,1106,1.3,0.0,0.0,0.0,0.0,
7639,512047,Lee Young-Woo,1111,1106,17.716666666666665,7.0,1.0,0.0,2.0,
7641,512047,Lee Yu-Jin,1111,1106,24.35,0.0,2.0,0.0,0.0,
7644,512047,Marei Assem,1106,1111,33.11666666666667,9.0,13.0,9.0,0.0,
7648,512047,Park Jung-Hyeon,1106,1111,1.05,0.0,0.0,0.0,0.0,
7640,512047,R. Hammonds,1111,1106,23.516666666666666,27.0,8.0,2.0,0.0,
7646,512047,Tamayo Carl,1106,1111,33.9,14.0,2.0,2.0,2.0,
7649,512047,W. Yun,1106,1111,13.783333333333333,9.0,0.0,0.0,1.0,
7643,512047,Yang Hong-Seok,1106,1111,34.93333333333333,20.0,5.0,2.0,4.0,
7656,512048,Bass Paris,3173,1103,37.3,30.0,9.0,4.0,1.0,
7652,512048,Ha Yun-Gi,3173,1103,11.85,4.0,1.0,0.0,0.0,
7653,512048,Han Hee-Won,3173,1103,27.266666666666666,6.0,1.0,1.0,0.0,
7668,512048,J. O'Bryant III,1103,3173,33.86666666666667,26.0,15.0,1.0,2.0,
7667,512048,J. S. James,1103,3173,25.016666666666666,11.0,4.0,3.0,1.0,
7660,512048,Jeon Seong-Hyun,3173,1103,9.45,3.0,0.0,0.0,1.0,
7657,512048,Jung Chang-Young,3173,1103,2.183333333333333,0.0,1.0,0.0,0.0,
7666,512048,K. Quiambao,1103,3173,26.983333333333334,11.0,1.0,4.0,3.0,
7662,512048,Kang Sung-Wook,3173,1103,12.166666666666666,3.0,2.0,1.0,1.0,
7665,512048,L. K. Jun,1103,3173,7.583333333333333,3.0,0.0,0.0,1.0,
7669,512048,Lee Jae-Do,1103,3173,25.55,5.0,4.0,4.0,1.0,
7663,512048,Lee Jong-Hyun,1103,3173,32.21666666666667,12.0,1.0,2.0,1.0,
7664,512048,Lim Dong-Seop,1103,3173,22.066666666666666,6.0,5.0,1.0,2.0,
7655,512048,Moon Jeonghyeon,3173,1103,31.883333333333333,12.0,5.0,1.0,4.0,
7654,512048,Oczon Miguel,3173,1103,27.833333333333332,21.0,3.0,5.0,1.0,
7658,512048,Park Ji-Won,3173,1103,0.4,0.0,0.0,0.0,0.0,
7661,512048,Su Seo-Min,3173,1103,0.05,0.0,0.0,0.0,0.0,
7659,512048,T. Porter,3173,1103,22.683333333333334,9.0,8.0,2.0,0.0,
7672,512341,A. Gudaitis,794,5562,23.216666666666665,20.0,5.0,1.0,0.0,
7670,512341,A. Marciulionis,794,5562,26.0,20.0,4.0,4.0,2.0,
7686,512341,B. Krikke,5562,794,26.483333333333334,21.0,5.0,2.0,0.0,
7673,512341,Bruhnke Kay,794,5562,27.033333333333335,12.0,4.0,5.0,2.0,
7689,512341,D. Stanley,5562,794,26.866666666666667,19.0,1.0,3.0,4.0,
7677,512341,I. Urbonas,794,5562,8.066666666666666,2.0,3.0,0.0,0.0,
7680,512341,J. Carlos,5562,794,27.566666666666666,31.0,5.0,9.0,5.0,
7674,512341,Jogela Matas,794,5562,26.45,20.0,5.0,1.0,3.0,
7683,512341,L. Vaistaras,5562,794,16.85,2.0,4.0,1.0,0.0,
7682,512341,L. Wilson,5562,794,25.616666666666667,16.0,5.0,0.0,2.0,
7684,512341,Lesciauskas Kristupas,5562,794,17.083333333333332,8.0,2.0,1.0,2.0,
7675,512341,M. DeVoe,794,5562,17.416666666666668,6.0,5.0,4.0,0.0,
7678,512341,Masiulis Gytis,794,5562,15.95,2.0,3.0,0.0,0.0,
7685,512341,Mikalauskas Arunas,5562,794,24.533333333333335,3.0,7.0,2.0,0.0,
7679,512341,Paliukenas Martynas,794,5562,18.516666666666666,8.0,0.0,2.0,2.0,
7688,512341,R. Kreismontas,5562,794,3.3833333333333333,0.0,0.0,0.0,0.0,
7676,512341,R. Lindo,794,5562,13.733333333333333,2.0,2.0,1.0,0.0,
7671,512341,Radzevicius Gytis,794,5562,23.616666666666667,10.0,6.0,3.0,1.0,
7681,512341,Saulys Evaldas,5562,794,18.566666666666666,2.0,3.0,3.0,0.0,
7687,512341,Sidarevicius Adomas,5562,794,13.05,3.0,0.0,1.0,1.0,
7701,512342,A. Gray,792,791,24.933333333333334,12.0,4.0,3.0,3.0,
7696,512342,Berucka Arnas,791,792,1.9666666666666668,1.0,0.0,0.0,0.0,
7710,512342,D. Andrews,792,791,32.6,20.0,3.0,3.0,4.0,
7699,512342,Drell Henri,791,792,18.7,14.0,8.0,2.0,1.0,
7695,512342,E. Tubutis,791,792,17.9,0.0,5.0,0.0,0.0,
7693,512342,Echodas Martynas,791,792,22.483333333333334,10.0,6.0,1.0,0.0,
7705,512342,F. Boardman-Raffet,792,791,21.4,0.0,1.0,2.0,0.0,
7692,512342,Franke Yannick,791,792,22.016666666666666,25.0,6.0,3.0,6.0,
7690,512342,Fridriksson Elvar,791,792,22.516666666666666,9.0,1.0,10.0,1.0,
7698,512342,Girdziunas Mindaugas,791,792,14.033333333333333,1.0,1.0,0.0,0.0,
7702,512342,J. Hopkins,792,791,24.583333333333332,8.0,2.0,2.0,0.0,
7694,512342,Kreismontas Lukas,791,792,22.166666666666668,6.0,4.0,3.0,0.0,
7707,512342,Lavrinovicius Danielius,792,791,15.683333333333334,3.0,1.0,0.0,1.0,
7703,512342,M. Kancleris,792,791,21.516666666666666,7.0,5.0,0.0,0.0,
7706,512342,N. Sabutis,792,791,3.7666666666666666,0.0,0.0,0.0,0.0,
7704,512342,Petrilevicius Paulius,792,791,21.866666666666667,4.0,5.0,3.0,0.0,
7700,512342,R. Somerville,791,792,15.4,8.0,2.0,1.0,0.0,
7691,512342,Tarolis Donatas,791,792,21.383333333333333,14.0,3.0,4.0,0.0,
7708,512342,Wiley Jacob,792,791,14.316666666666666,2.0,4.0,1.0,0.0,
7709,512342,Zakas Jonas,792,791,19.333333333333332,6.0,1.0,2.0,0.0,
7697,512342,Zemaitis Kristupas,791,792,17.483333333333334,0.0,2.0,3.0,0.0,
7715,512343,Arlauskas Martynas,2315,795,17.55,2.0,3.0,1.0,0.0,
7714,512343,C. Brown,2315,795,30.25,9.0,6.0,0.0,1.0,
7729,512343,Caffey Michael,795,2315,19.6,5.0,0.0,5.0,0.0,
7723,512343,D. McKnight,795,2315,20.4,4.0,5.0,7.0,0.0,
7725,512343,Fofana Selim,795,2315,20.75,9.0,5.0,3.0,1.0,
7720,512343,Henderson Cedric,795,2315,19.25,8.0,3.0,1.0,0.0,
7728,512343,Jarumbauskas Simas,795,2315,13.533333333333333,7.0,3.0,0.0,0.0,
7727,512343,Jogela Tauras,795,2315,18.0,16.0,4.0,1.0,4.0,
7718,512343,Kuliesa Nojus,2315,795,5.35,3.0,1.0,0.0,1.0,
7713,512343,Lambrecht Tim,2315,795,29.016666666666666,11.0,5.0,0.0,1.0,
7722,512343,Lukosiunas Karolis,795,2315,17.783333333333335,0.0,1.0,0.0,0.0,
7711,512343,N. Johnson,2315,795,33.2,15.0,2.0,2.0,1.0,
7721,512343,Pacevicius Martynas,795,2315,19.45,5.0,5.0,0.0,0.0,
7730,512343,R. Civilis,795,2315,1.8166666666666667,2.0,0.0,0.0,0.0,
7719,512343,R. Mesidor,2315,795,27.366666666666667,13.0,3.0,1.0,1.0,
7716,512343,Repsys Matas,2315,795,20.683333333333334,4.0,2.0,0.0,0.0,
7724,512343,Romancenko Dovydas,795,2315,18.15,12.0,2.0,2.0,2.0,
7712,512343,Sabeckis Donatas,2315,795,32.266666666666666,6.0,2.0,7.0,0.0,
7717,512343,Valantinas Lukas,2315,795,4.316666666666666,0.0,2.0,0.0,0.0,
7726,512343,Venskus Erikas,795,2315,22.583333333333332,6.0,5.0,3.0,1.0,
7743,512344,A. Schumacher,790,796,27.366666666666667,21.0,0.0,3.0,1.0,
7741,512344,Akobundu-ehiogu Kaodirichi Nkemjika,796,790,8.733333333333333,1.0,3.0,0.0,0.0,
7744,512344,Baslyk Daniel,790,796,15.883333333333333,5.0,0.0,0.0,0.0,
7737,512344,Blazevic Marek,796,790,16.55,6.0,3.0,1.0,0.0,
7740,512344,Brown Sterling,796,790,17.883333333333333,7.0,1.0,3.0,1.0,
7735,512344,Butkevicius Arnas,796,790,19.3,5.0,5.0,3.0,1.0,
7731,512344,Edwards Carsen,796,790,16.8,11.0,0.0,6.0,3.0,
7747,512344,Fevrier Ivan,790,796,24.85,11.0,2.0,2.0,1.0,
7749,512344,G. Nemeiksa,790,796,9.516666666666667,2.0,0.0,0.0,0.0,
7732,512344,Giedraitis Dovydas,796,790,12.233333333333333,5.0,2.0,1.0,1.0,
7739,512344,Grigonis Marius,796,790,19.333333333333332,17.0,0.0,3.0,5.0,
7745,512344,Jaramaz Ognjen,790,796,23.3,0.0,1.0,4.0,0.0,
7751,512344,K. Kennedy,790,796,21.016666666666666,11.0,3.0,0.0,1.0,
7738,512344,Lo Maodo,796,790,15.783333333333333,2.0,0.0,1.0,0.0,
7746,512344,M. Ilic,790,796,19.65,7.0,0.0,1.0,0.0,
7750,512344,Maldunas Gabrielius,790,796,20.35,2.0,5.0,2.0,0.0,
7748,512344,Radzius Nojus,790,796,12.633333333333333,3.0,1.0,0.0,0.0,
7752,512344,Simonis Zygimantas,790,796,6.8,0.0,0.0,0.0,0.0,
7736,512344,Sirvydis Deividas,796,790,21.5,14.0,2.0,4.0,1.0,
7733,512344,Sleva Dustin,796,790,15.2,11.0,4.0,2.0,0.0,
7742,512344,Ulanovas Edgaras,796,790,20.566666666666666,3.0,6.0,3.0,0.0,
7734,512344,Valanciunas Jonas,796,790,16.116666666666667,15.0,7.0,0.0,0.0,
7753,512344,Valinskas Marius,790,796,18.633333333333333,6.0,1.0,1.0,0.0,
7762,512345,B. Huntley-Hatfield,789,7936,19.5,0.0,6.0,1.0,0.0,
7759,512345,Beliauskas Laurynas,789,7936,23.85,8.0,6.0,1.0,1.0,
7754,512345,Beniusis Sarunas,789,7936,20.066666666666666,12.0,5.0,1.0,0.0,
7773,512345,Bratanovic Haris,7936,789,14.333333333333334,4.0,4.0,1.0,0.0,
7775,512345,C. Hayes,7936,789,21.083333333333332,10.0,3.0,3.0,0.0,
7764,512345,C. Hunter,789,7936,20.316666666666666,10.0,1.0,1.0,1.0,
7769,512345,D. Jackson,7936,789,24.85,9.0,0.0,1.0,1.0,
7772,512345,Doualla Darryl,7936,789,15.85,5.0,1.0,1.0,1.0,
7760,512345,G. Matulis,789,7936,11.966666666666667,4.0,2.0,3.0,0.0,
7766,512345,Griciunas Benas,7936,789,15.6,2.0,1.0,1.0,0.0,
7774,512345,J. Blackmon,7936,789,20.866666666666667,10.0,3.0,0.0,2.0,
7761,512345,J. Furmanavcius,789,7936,28.0,12.0,4.0,5.0,1.0,
7757,512345,J. Pagenkopf,789,7936,19.683333333333334,10.0,1.0,4.0,2.0,
7756,512345,Jones Tevian,789,7936,20.033333333333335,18.0,2.0,0.0,2.0,
7755,512345,K. Pohto,789,7936,12.666666666666666,2.0,2.0,1.0,0.0,
7771,512345,K. Zikas,7936,789,1.0,0.0,0.0,0.0,0.0,
7765,512345,Kariniauskas Vaidas,7936,789,17.65,15.0,1.0,5.0,1.0,
7770,512345,Kozys Vitalijus,7936,789,19.083333333333332,11.0,5.0,0.0,2.0,
7767,512345,Mineikis Nojus,7936,789,20.933333333333334,2.0,3.0,0.0,0.0,
7763,512345,N. Jursys,789,7936,1.0,0.0,0.0,0.0,0.0,
7758,512345,Reynolds Cameron,789,7936,22.916666666666668,14.0,6.0,0.0,2.0,
7768,512345,Voinalovych Andrii,7936,789,27.616666666666667,9.0,4.0,0.0,0.0,
7780,512755,B. Cseh,630,919,20.05,5.0,2.0,2.0,1.0,
7778,512755,Barnes Auston,630,919,30.3,11.0,4.0,0.0,2.0,
7789,512755,Beech Beau,919,630,21.816666666666666,10.0,6.0,3.0,2.0,
7777,512755,C. Goodwin,630,919,21.583333333333332,4.0,3.0,1.0,0.0,
7785,512755,C. J. Garrison,919,630,29.966666666666665,0.0,5.0,3.0,0.0,
7793,512755,Denis Gauthier,919,630,20.766666666666666,5.0,4.0,3.0,1.0,
7790,512755,J. Galewski,919,630,2.033333333333333,1.0,0.0,0.0,0.0,
7776,512755,J. Pierre-Louis,630,919,30.266666666666666,16.0,4.0,0.0,0.0,
7794,512755,J. Wojcik,919,630,7.716666666666667,2.0,0.0,0.0,0.0,
7779,512755,Krnjajski Boris,630,919,31.583333333333332,16.0,6.0,8.0,1.0,
7792,512755,Matczak Filip,919,630,23.816666666666666,9.0,1.0,0.0,3.0,
7786,512755,Mazurczak Andrzej,919,630,28.8,6.0,1.0,6.0,0.0,
7783,512755,Molnar Marton,630,919,17.9,9.0,4.0,0.0,0.0,
7781,512755,Pallai Tamas,630,919,13.066666666666666,2.0,3.0,3.0,0.0,
7784,512755,Rudner Gabor,630,919,15.6,3.0,2.0,1.0,1.0,
7791,512755,Sulima Krzysztof,919,630,16.966666666666665,8.0,4.0,1.0,0.0,
7787,512755,T. White,919,630,28.85,43.0,6.0,1.0,3.0,
7782,512755,U. M. Brantley K.,630,919,19.65,14.0,2.0,2.0,2.0,
7788,512755,V. Brkic,919,630,19.266666666666666,6.0,0.0,0.0,0.0,
7801,512756,Boshaleski Petar,867,609,16.6,0.0,4.0,0.0,0.0,
7808,512756,C. Syllas,609,867,22.416666666666668,9.0,4.0,1.0,1.0,
7798,512756,D. Stojanovski,867,609,19.733333333333334,3.0,3.0,0.0,1.0,
7809,512756,D. Styles,609,867,26.933333333333334,9.0,3.0,0.0,1.0,
7812,512756,G. Arnokouros,609,867,10.733333333333333,0.0,1.0,1.0,0.0,
7806,512756,H. Diarra,609,867,19.783333333333335,6.0,2.0,1.0,0.0,
7810,512756,J. Hutson,609,867,11.85,3.0,3.0,1.0,0.0,
7804,512756,J. Lecque,609,867,30.75,18.0,2.0,5.0,0.0,
7802,512756,Krajinic Emir,867,609,16.683333333333334,7.0,3.0,0.0,0.0,
7800,512756,L. Varner,867,609,25.583333333333332,11.0,3.0,1.0,1.0,
7797,512756,Maslinko Andrej,867,609,25.233333333333334,4.0,5.0,0.0,0.0,
7805,512756,Melvin Cleveland Hubert,609,867,25.5,9.0,6.0,1.0,1.0,
7811,512756,Mouratos Vassilis,609,867,5.366666666666666,3.0,0.0,2.0,0.0,
7803,512756,N. Farrakhan,867,609,26.95,18.0,3.0,2.0,1.0,
7799,512756,Nikolic Dimitrije,867,609,22.65,6.0,4.0,2.0,1.0,
7813,512756,S. Mastrogiannopoulos,609,867,23.433333333333334,5.0,2.0,3.0,1.0,
7807,512756,Slaftsakis Diamantis,609,867,23.25,2.0,7.0,2.0,0.0,
7795,512756,Stojanovski Luka,867,609,15.166666666666666,2.0,1.0,1.0,0.0,
7796,512756,Tadic Tadija,867,609,31.383333333333333,8.0,4.0,4.0,0.0,
7821,512757,A. Aksu,5680,7929,2.15,0.0,0.0,0.0,0.0,
7830,512757,A. Ibrahimov,7929,5680,2.15,0.0,0.0,0.0,0.0,
7834,512757,A. Mammadli,7929,5680,18.083333333333332,2.0,2.0,0.0,0.0,
7824,512757,Akyel Metehan,5680,7929,5.75,1.0,2.0,1.0,0.0,
7818,512757,Arna Egehan,5680,7929,20.483333333333334,5.0,3.0,8.0,1.0,
7822,512757,E. Tunca,5680,7929,14.45,8.0,5.0,0.0,0.0,
7833,512757,F. Alakbarov,7929,5680,13.016666666666667,0.0,0.0,2.0,0.0,
7825,512757,Garrett Jarvis,7929,5680,23.85,5.0,3.0,2.0,1.0,
7828,512757,K. Magee,7929,5680,33.43333333333333,16.0,4.0,2.0,2.0,
7829,512757,L. Mitchell,7929,5680,27.4,13.0,7.0,3.0,0.0,
7814,512757,M. Davis Jr,5680,7929,21.416666666666668,7.0,3.0,3.0,1.0,
7827,512757,M. Murphy,7929,5680,21.916666666666668,7.0,2.0,0.0,0.0,
7820,512757,McCollum Errick,5680,7929,17.716666666666665,15.0,2.0,3.0,0.0,
7832,512757,N. Ellington,7929,5680,21.183333333333334,11.0,10.0,1.0,0.0,
7826,512757,Rhodes Xavier,7929,5680,32.1,9.0,3.0,4.0,0.0,
7817,512757,Sow Amadou,5680,7929,21.666666666666668,10.0,5.0,1.0,0.0,
7831,512757,T. Yusifzada,7929,5680,6.866666666666667,0.0,1.0,0.0,0.0,
7823,512757,Usher Jordan,5680,7929,20.35,6.0,2.0,0.0,0.0,
7815,512757,Van Der Vuurst Keye,5680,7929,24.9,7.0,2.0,2.0,1.0,
7819,512757,Webb James,5680,7929,24.95,13.0,2.0,1.0,3.0,
7816,512757,Yebo Kevin,5680,7929,26.166666666666668,20.0,11.0,1.0,1.0,
7853,512758,A. Galko,6484,916,0.31666666666666665,0.0,0.0,0.0,0.0,
7848,512758,Bolek Lukas,6484,916,27.1,7.0,4.0,1.0,1.0,
7835,512758,Chassang Alexandre,916,6484,22.166666666666668,6.0,8.0,3.0,0.0,
7845,512758,D. Bonner,6484,916,30.316666666666666,16.0,3.0,4.0,1.0,
7851,512758,Fusek Michael,6484,916,20.25,2.0,2.0,2.0,0.0,
7836,512758,Gielo Tomazs,916,6484,24.833333333333332,11.0,8.0,2.0,1.0,
7844,512758,Ikpe Tristan,6484,916,35.31666666666667,25.0,9.0,1.0,2.0,
7843,512758,Kostrzewski Mateusz,916,6484,11.85,6.0,0.0,1.0,0.0,
7850,512758,M. Safford,6484,916,9.883333333333333,0.0,1.0,0.0,0.0,
7842,512758,Majcherek Antoni,916,6484,7.183333333333334,0.0,1.0,0.0,0.0,
7838,512758,N. Reynolds,916,6484,25.516666666666666,16.0,3.0,5.0,4.0,
7849,512758,P. Kovacik,6484,916,20.1,12.0,1.0,2.0,2.0,
7837,512758,Sehnal Ondrej,916,6484,30.533333333333335,12.0,2.0,5.0,2.0,
7846,512758,T. Adley,6484,916,29.933333333333334,10.0,4.0,1.0,2.0,
7847,512758,T. Ingraham,6484,916,12.7,4.0,4.0,0.0,0.0,
7852,512758,Urban Lubomir,6484,916,14.083333333333334,5.0,0.0,0.0,1.0,
7840,512758,Witlinski Mikolaj,916,6484,21.15,12.0,4.0,1.0,0.0,
7841,512758,Z. Porter,916,6484,27.333333333333332,15.0,4.0,2.0,2.0,
7839,512758,Zolnierewicz Przemyslaw,916,6484,29.416666666666668,10.0,7.0,4.0,0.0,
7860,512759,A. Azemi,778,2746,9.7,3.0,2.0,1.0,1.0,
7854,512759,A. Bailey,778,2746,28.8,14.0,10.0,1.0,3.0,
7867,512759,A. Mohammed,2746,778,30.683333333333334,16.0,15.0,4.0,2.0,
7871,512759,B. McBride,2746,778,32.25,25.0,4.0,6.0,6.0,
7862,512759,Clavell Gian,778,2746,24.316666666666666,5.0,1.0,6.0,1.0,
7863,512759,D. Williams,2746,778,32.56666666666667,10.0,4.0,5.0,2.0,
7868,512759,J. Heidbreder,2746,778,16.533333333333335,0.0,1.0,0.0,0.0,
7858,512759,Johnson JaJuan,778,2746,28.533333333333335,16.0,2.0,1.0,0.0,
7865,512759,Kohs Verners,2746,778,29.316666666666666,11.0,5.0,1.0,2.0,
7857,512759,L. Thomas,778,2746,16.983333333333334,4.0,2.0,1.0,0.0,
7855,512759,Myles Divine,778,2746,31.916666666666668,21.0,2.0,0.0,4.0,
7864,512759,Oduro Prince,2746,778,23.633333333333333,7.0,4.0,0.0,0.0,
7866,512759,Ozers Davis,2746,778,15.85,0.0,2.0,2.0,0.0,
7870,512759,P. Dziuba,2746,778,12.083333333333334,8.0,5.0,0.0,0.0,
7869,512759,R. Murnieks,2746,778,7.083333333333333,0.0,2.0,1.0,0.0,
7856,512759,Shorter Shannon,778,2746,30.833333333333332,6.0,6.0,7.0,0.0,
7859,512759,V. Kakruki,778,2746,6.583333333333333,2.0,0.0,0.0,0.0,
7861,512759,Zekiri Lejson,778,2746,22.333333333333332,8.0,8.0,0.0,1.0,
7884,513000,Abromaitis Tim,2339,2340,18.983333333333334,7.0,6.0,0.0,1.0,
7880,513000,Barreiro Jonathan,2340,2339,13.666666666666666,5.0,4.0,0.0,0.0,
7872,513000,Brazdeikis Ignas,2340,2339,18.7,4.0,2.0,2.0,0.0,
7882,513000,Djedovic Nihad,2340,2339,8.183333333333334,0.0,0.0,1.0,0.0,
7893,513000,Doornekamp Aaron,2339,2340,13.383333333333333,3.0,3.0,0.0,1.0,
7889,513000,Fernandez Jaime,2339,2340,17.633333333333333,13.0,2.0,2.0,3.0,
7890,513000,Fitipaldo Bruno,2339,2340,13.733333333333333,0.0,1.0,1.0,0.0,
7887,513000,Guy Kyle,2339,2340,25.6,18.0,4.0,1.0,2.0,
7892,513000,H. Alderete,2339,2340,16.216666666666665,0.0,1.0,1.0,0.0,
7885,513000,Happ Ethan,2339,2340,15.016666666666667,8.0,1.0,1.0,0.0,
7879,513000,Hernangomez Willy,2340,2339,15.25,6.0,7.0,0.0,0.0,
7886,513000,Huertas Marcelo,2339,2340,23.75,17.0,1.0,7.0,3.0,
7876,513000,Hunt Cameron,2340,2339,33.96666666666667,13.0,6.0,3.0,2.0,
7891,513000,Hunter Vince,2339,2340,19.083333333333332,5.0,3.0,2.0,0.0,
7874,513000,Kravish David,2340,2339,24.7,9.0,7.0,0.0,1.0,
7894,513000,Kurucs Arturs,2339,2340,11.216666666666667,3.0,0.0,0.0,1.0,
7883,513000,Lopez-Arostegui Xabier,2339,2340,19.533333333333335,6.0,3.0,1.0,2.0,
7873,513000,Noua Amine,2340,2339,22.433333333333334,13.0,6.0,1.0,2.0,
7877,513000,Pantzar Melwin Jan,2340,2339,15.533333333333333,2.0,2.0,1.0,0.0,
7875,513000,Perry Kendrick,2340,2339,26.966666666666665,23.0,2.0,4.0,2.0,
7881,513000,S. Lukosius,2340,2339,13.8,0.0,0.0,1.0,0.0,
7888,513000,Shermadini Giorgi,2339,2340,5.85,0.0,0.0,1.0,0.0,
7878,513000,Thomas Matt,2340,2339,6.8,0.0,0.0,0.0,0.0,
7916,513001,A. Mejia,1120,1698,19.016666666666666,7.0,4.0,0.0,0.0,
7915,513001,Alonso Francisco,1120,1698,21.883333333333333,13.0,4.0,1.0,1.0,
7908,513001,Andric Mihajlo,1120,1698,21.083333333333332,2.0,3.0,1.0,0.0,
7912,513001,Aranitovic Aleksandar,1120,1698,19.583333333333332,7.0,4.0,0.0,1.0,
7905,513001,Bassas Ferran,1698,1120,20.6,0.0,3.0,4.0,0.0,
7903,513001,Beaufort Lucas,1698,1120,9.716666666666667,3.0,0.0,0.0,1.0,
7910,513001,Bolton Rasir,1120,1698,20.633333333333333,13.0,1.0,4.0,1.0,
7909,513001,Brankovic Danko,1120,1698,16.483333333333334,9.0,6.0,0.0,0.0,
7907,513001,Brown Tevin,1120,1698,26.05,17.0,5.0,5.0,2.0,
7895,513001,C. Agbo,1698,1120,24.35,14.0,3.0,1.0,4.0,
7913,513001,D. Mavra,1120,1698,26.266666666666666,22.0,1.0,10.0,4.0,
7914,513001,Ilic Aleksa,1120,1698,13.066666666666666,4.0,2.0,0.0,0.0,
7899,513001,J. Notae,1698,1120,20.283333333333335,20.0,1.0,2.0,0.0,
7911,513001,J. Peris,1120,1698,5.583333333333333,3.0,0.0,0.0,1.0,
7917,513001,Kasibabu Jonathan,1120,1698,10.35,4.0,5.0,0.0,0.0,
7901,513001,Kolenda Lukasz,1698,1120,18.816666666666666,7.0,4.0,2.0,1.0,
7904,513001,M. Enabulele,1698,1120,7.6,0.0,1.0,0.0,0.0,
7906,513001,Minchev Yordan,1698,1120,19.433333333333334,1.0,6.0,4.0,0.0,
7897,513001,N. Ongenda,1698,1120,12.966666666666667,7.0,1.0,2.0,0.0,
7900,513001,P. Tamba,1698,1120,14.0,6.0,4.0,0.0,0.0,
7896,513001,T. Allen,1698,1120,27.516666666666666,30.0,8.0,3.0,3.0,
7902,513001,Vila Martinez Eric,1698,1120,5.833333333333333,0.0,0.0,0.0,0.0,
7898,513001,Villar Rafael,1698,1120,18.883333333333333,7.0,0.0,3.0,1.0,
7938,513002,Almazan Pablo,1699,1123,6.366666666666666,0.0,1.0,0.0,0.0,
7923,513002,Batemon Jame,1123,1699,26.066666666666666,16.0,3.0,4.0,1.0,
7936,513002,C. Audige,1699,1123,22.9,20.0,4.0,1.0,2.0,
7921,513002,D. McGhee,1123,1699,25.85,3.0,5.0,7.0,0.0,
7929,513002,D. Radosavljevic,1699,1123,20.333333333333332,2.0,4.0,2.0,0.0,
7933,513002,D. Steward,1699,1123,23.216666666666665,20.0,6.0,3.0,2.0,
7934,513002,Diez Daniel,1699,1123,16.0,3.0,3.0,0.0,1.0,
7937,513002,Doumbouya Sekou,1699,1123,21.55,11.0,3.0,1.0,1.0,
7919,513002,Ejim Melvin,1123,1699,24.983333333333334,15.0,2.0,3.0,2.0,
7928,513002,Garcia Dani,1123,1699,14.466666666666667,6.0,2.0,1.0,2.0,
7922,513002,Hughes Mark,1123,1699,18.4,3.0,2.0,0.0,1.0,
7939,513002,J. Taboada,1699,1123,15.7,0.0,1.0,0.0,0.0,
7927,513002,K. Kuath,1123,1699,13.116666666666667,8.0,4.0,0.0,0.0,
7931,513002,Koprivica Balsa,1699,1123,18.433333333333334,13.0,6.0,0.0,0.0,
7925,513002,M. Sanz,1123,1699,10.166666666666666,3.0,3.0,1.0,0.0,
7918,513002,Pauli Fornells Oriol,1123,1699,21.55,8.0,5.0,2.0,0.0,
7932,513002,R. Lobaco,1699,1123,9.383333333333333,0.0,2.0,1.0,0.0,
7924,513002,Rodriguez Adria,1123,1699,3.5166666666666666,0.0,0.0,0.0,0.0,
7935,513002,Samar Ziga,1699,1123,22.116666666666667,14.0,2.0,5.0,2.0,
7930,513002,Sengfelder Christian,1699,1123,24.0,11.0,6.0,1.0,1.0,
7926,513002,Shurna John,1123,1699,15.016666666666667,2.0,1.0,0.0,0.0,
7920,513002,Z. Perrin,1123,1699,26.866666666666667,17.0,3.0,2.0,0.0,
7946,513003,Cuevas Didac,1127,1695,12.783333333333333,4.0,2.0,6.0,1.0,
7950,513003,Diaz Jacobo,1127,1695,16.283333333333335,4.0,5.0,1.0,1.0,
7958,513003,Font Aleix,1695,1127,6.516666666666667,2.0,2.0,0.0,0.0,
7954,513003,Frey Harald,1695,1127,28.15,13.0,1.0,5.0,3.0,
7942,513003,G. Conditt,1127,1695,19.516666666666666,6.0,2.0,1.0,0.0,
7951,513003,Hilliard Darrun,1695,1127,30.766666666666666,17.0,3.0,3.0,3.0,
7953,513003,Hlinason Tryggvi,1695,1127,22.066666666666666,10.0,11.0,0.0,0.0,
7947,513003,Jou Coll Guilliem,1127,1695,9.833333333333334,2.0,2.0,0.0,0.0,
7956,513003,M. Krampelj,1695,1127,15.55,9.0,0.0,1.0,1.0,
7957,513003,N. Darling,1695,1127,23.85,12.0,3.0,2.0,2.0,
7955,513003,Normantas Margiris,1695,1127,29.35,16.0,3.0,2.0,2.0,
7944,513003,P. Jorgensen,1127,1695,18.966666666666665,9.0,2.0,0.0,2.0,
7945,513003,Pacheco Caio,1127,1695,28.2,13.0,2.0,1.0,2.0,
7952,513003,Petrasek Luke,1695,1127,31.683333333333334,11.0,8.0,2.0,1.0,
7948,513003,Radoncic Dino,1127,1695,21.316666666666666,6.0,3.0,3.0,0.0,
7941,513003,Silins Karlis,1127,1695,18.483333333333334,5.0,5.0,2.0,0.0,
7949,513003,Skapintsev Dmytro,1127,1695,20.066666666666666,12.0,4.0,0.0,1.0,
7959,513003,Somogyi Adam,1695,1127,16.366666666666667,8.0,2.0,0.0,0.0,
7940,513003,Uleckas Lukas,1127,1695,29.233333333333334,14.0,7.0,0.0,1.0,
7960,513003,Vautier Bastien,1695,1127,20.7,3.0,5.0,1.0,0.0,
7943,513003,Verge Alonzo,1127,1695,30.316666666666666,29.0,4.0,6.0,2.0,
7966,513004,Agada Caleb,2337,2338,20.15,16.0,3.0,5.0,2.0,
7970,513004,Barcello Alex,2337,2338,16.016666666666666,13.0,1.0,0.0,1.0,
7967,513004,Barrueta Yunio,2337,2338,23.533333333333335,13.0,1.0,2.0,2.0,
7965,513004,Brito Diogo,2337,2338,18.083333333333332,4.0,4.0,1.0,0.0,
7964,513004,Childress Brandon,2337,2338,27.166666666666668,23.0,2.0,3.0,3.0,
7971,513004,E. Abogidi,2337,2338,10.033333333333333,0.0,2.0,0.0,0.0,
7975,513004,Feliz Andres,2338,2337,26.916666666666668,6.0,5.0,5.0,1.0,
7962,513004,Galan Alejandro,2337,2338,23.466666666666665,2.0,4.0,1.0,0.0,
7963,513004,J. Soriano,2337,2338,23.183333333333334,13.0,6.0,1.0,0.0,
7979,513004,Jantunen Mikael,2338,2337,19.3,13.0,7.0,0.0,1.0,
7961,513004,L. Meindl,2337,2338,25.816666666666666,9.0,7.0,2.0,2.0,
7976,513004,Llull Sergio,2338,2337,12.45,2.0,1.0,4.0,0.0,
7972,513004,Luwawu-Cabarrot Timothe,2338,2337,31.266666666666666,25.0,4.0,1.0,5.0,
7981,513004,M. Shulga,2338,2337,4.333333333333333,3.0,1.0,0.0,0.0,
7978,513004,Maledon Theo,2338,2337,27.916666666666668,25.0,3.0,7.0,2.0,
7982,513004,Okeke Chuma,2338,2337,19.366666666666667,8.0,5.0,4.0,2.0,
7973,513004,Pradilla Jaime,2338,2337,20.216666666666665,8.0,7.0,1.0,1.0,
7977,513004,Procida Gabriele,2338,2337,13.566666666666666,6.0,0.0,1.0,0.0,
7969,513004,Quintela Sergi,2337,2338,15.733333333333333,5.0,1.0,1.0,1.0,
7983,513004,Sarr Olivier,2338,2337,8.1,0.0,0.0,0.0,0.0,
7980,513004,Smith Nick,2338,2337,18.55,10.0,2.0,1.0,1.0,
7974,513004,Tavares Edy,2338,2337,23.016666666666666,8.0,8.0,0.0,0.0,
7968,513004,dos Anjos Felipe,2337,2338,21.816666666666666,9.0,5.0,2.0,0.0,
8000,513005,A. Cardenas,2341,2330,19.216666666666665,9.0,0.0,5.0,3.0,
7987,513005,Bell-Haynes Trae,2330,2341,16.383333333333333,5.0,1.0,4.0,0.0,
7992,513005,Birutis Laurynas,2330,2341,16.683333333333334,5.0,4.0,0.0,0.0,
7985,513005,Blumbergs Roberts,2330,2341,30.35,4.0,5.0,0.0,0.0,
8001,513005,Brooks Armoni,2341,2330,22.916666666666668,4.0,4.0,4.0,0.0,
7989,513005,Brussino Nicolas,2330,2341,22.816666666666666,9.0,6.0,1.0,1.0,
8004,513005,Corbalan Gonzala,2341,2330,14.116666666666667,5.0,1.0,0.0,1.0,
7990,513005,Fernandez Manzanares Jaime,2330,2341,9.65,1.0,1.0,0.0,0.0,
7994,513005,Garcia Sergi,2330,2341,4.233333333333333,0.0,0.0,0.0,0.0,
7988,513005,Gonzalez Miguel,2330,2341,12.266666666666667,6.0,4.0,0.0,2.0,
8003,513005,Gueye Mouhamadou,2341,2330,8.116666666666667,0.0,0.0,0.0,0.0,
7991,513005,Homesley Caleb,2330,2341,17.433333333333334,9.0,1.0,1.0,0.0,
7984,513005,Jaworski Justin,2330,2341,27.483333333333334,22.0,3.0,0.0,3.0,
7996,513005,Mirotic Nikola,2341,2330,21.05,17.0,5.0,1.0,2.0,
7986,513005,Olaseni Gabriel,2330,2341,23.316666666666666,12.0,11.0,2.0,0.0,
8002,513005,Puerto Josep,2341,2330,13.183333333333334,16.0,2.0,0.0,4.0,
8005,513005,Reuvers Nathan,2341,2330,16.5,5.0,5.0,0.0,0.0,
8006,513005,Rivero Jasiel,2341,2330,11.95,1.0,2.0,1.0,0.0,
7999,513005,Saint-Supery Mario,2341,2330,14.0,6.0,0.0,2.0,2.0,
7997,513005,Sako Neal,2341,2330,18.316666666666666,4.0,5.0,0.0,0.0,
7998,513005,Shorts T.J.,2341,2330,20.783333333333335,21.0,2.0,5.0,3.0,
7995,513005,Taylor Kameron,2341,2330,19.85,9.0,3.0,2.0,2.0,
7993,513005,Vives Guillem,2330,2341,19.383333333333333,9.0,1.0,6.0,2.0,
8025,513006,Busquets Josep,1139,2331,19.85,11.0,3.0,1.0,3.0,
8015,513006,D. Baugh,2331,1139,18.366666666666667,6.0,0.0,3.0,0.0,
8019,513006,D. N'Guessan,1139,2331,24.883333333333333,10.0,4.0,1.0,0.0,
8029,513006,D. Stenionis,1139,2331,6.25,0.0,0.0,0.0,0.0,
8014,513006,Duarte Chris,2331,1139,13.25,19.0,3.0,2.0,4.0,
8017,513006,Frisch Clement,2331,1139,7.116666666666666,4.0,1.0,0.0,0.0,
8021,513006,Geben Martinas,1139,2331,21.816666666666666,10.0,4.0,1.0,0.0,
8023,513006,J. Perez,1139,2331,19.766666666666666,15.0,5.0,2.0,1.0,
8026,513006,K. Brunot,1139,2331,5.066666666666666,0.0,2.0,0.0,0.0,
8011,513006,K. Faried,2331,1139,20.583333333333332,11.0,8.0,2.0,1.0,
8008,513006,K. Simmons,2331,1139,18.0,9.0,1.0,4.0,2.0,
8028,513006,Kunc Aljaz,1139,2331,9.166666666666666,0.0,2.0,0.0,0.0,
8012,513006,Kurucs Rodions,2331,1139,16.116666666666667,13.0,1.0,0.0,1.0,
8007,513006,Lawson A.J.,2331,1139,17.933333333333334,9.0,2.0,3.0,1.0,
8016,513006,Marcio,2331,1139,16.216666666666665,11.0,4.0,2.0,2.0,
8030,513006,Maric Nikola,1139,2331,16.416666666666668,6.0,3.0,2.0,0.0,
8022,513006,Martinez Sergi,1139,2331,22.8,2.0,0.0,0.0,0.0,
8024,513006,McClung Mac,1139,2331,18.866666666666667,12.0,5.0,1.0,1.0,
8027,513006,Pluta Andrzej,1139,2331,15.066666666666666,4.0,0.0,4.0,0.0,
8018,513006,S. Joksimovic,2331,1139,18.633333333333333,11.0,2.0,2.0,1.0,
8020,513006,S. Whittaker,1139,2331,20.05,8.0,1.0,4.0,2.0,
8009,513006,Sedekerskis Tadas,2331,1139,19.966666666666665,11.0,9.0,4.0,1.0,
8010,513006,Spagnolo Matteo,2331,1139,17.383333333333333,11.0,2.0,4.0,3.0,
8013,513006,Stewart D.J.,2331,1139,16.433333333333334,3.0,3.0,0.0,0.0,
8044,513007,Balcerowski Aleksander,2329,2336,17.533333333333335,12.0,6.0,1.0,0.0,
8047,513007,Brizuela Dario,2329,2336,20.2,7.0,2.0,2.0,1.0,
8033,513007,Cate Emanuel,2336,2329,14.066666666666666,9.0,1.0,2.0,0.0,
8031,513007,Ennis Dylan,2336,2329,14.216666666666667,9.0,0.0,1.0,1.0,
8035,513007,Falk Wilhelm,2336,2329,18.616666666666667,2.0,4.0,1.0,0.0,
8036,513007,Forrest Michael,2336,2329,9.433333333333334,11.0,2.0,1.0,1.0,
8049,513007,Gibson Umoja,2329,2336,17.25,10.0,1.0,2.0,2.0,
8040,513007,Marcos Juan,2336,2329,19.383333333333333,8.0,3.0,5.0,1.0,
8042,513007,Minaya Justin,2329,2336,14.466666666666667,0.0,1.0,0.0,0.0,
8032,513007,Nakic Toni,2336,2329,21.416666666666668,9.0,5.0,0.0,1.0,
8048,513007,O. Nkamhoua,2329,2336,22.466666666666665,14.0,3.0,1.0,1.0,
8038,513007,Pansa Jean-Marc,2336,2329,25.65,11.0,11.0,1.0,0.0,
8043,513007,Parra Joel,2329,2336,24.466666666666665,8.0,5.0,0.0,0.0,
8046,513007,Punter Kevin,2329,2336,22.966666666666665,18.0,3.0,2.0,3.0,
8041,513007,Radebaugh Jonah,2336,2329,22.4,16.0,2.0,1.0,4.0,
8037,513007,Raieste Sander,2336,2329,22.566666666666666,7.0,3.0,0.0,1.0,
8045,513007,Robinson Justin,2329,2336,23.833333333333332,17.0,1.0,3.0,3.0,
8034,513007,S. Boum,2336,2329,19.983333333333334,15.0,1.0,3.0,2.0,
8039,513007,Steinbergs Marcis,2336,2329,12.266666666666667,3.0,3.0,0.0,0.0,
8050,513007,T. Martin,2329,2336,21.283333333333335,6.0,5.0,0.0,0.0,
8051,513007,Umude Stanley,2329,2336,15.533333333333333,2.0,2.0,0.0,0.0,
8064,513296,A. Cooley,5215,5212,38.483333333333334,23.0,9.0,2.0,2.0,
8053,513296,J. Charity,5212,5215,36.016666666666666,19.0,8.0,3.0,0.0,
8057,513296,J. Farin,5212,5215,19.9,6.0,1.0,2.0,2.0,
8069,513296,J. Kuokkanen,5215,5212,1.1833333333333333,0.0,0.0,0.0,0.0,
8054,513296,K. Kalin,5212,5215,33.2,9.0,4.0,1.0,1.0,
8068,513296,L. Koskelo,5215,5212,11.05,2.0,1.0,1.0,0.0,
8062,513296,L. Vlajkovic,5215,5212,35.96666666666667,12.0,11.0,4.0,1.0,
8067,513296,M. Schukov,5215,5212,4.683333333333334,0.0,1.0,0.0,0.0,
8055,513296,N. Ahola,5212,5215,25.55,6.0,7.0,0.0,2.0,
8058,513296,N. Enkenberg,5212,5215,15.416666666666666,9.0,3.0,0.0,3.0,
8059,513296,N. Salovaara,5212,5215,4.483333333333333,0.0,0.0,0.0,0.0,
8056,513296,N. Tammi,5212,5215,21.266666666666666,10.0,2.0,0.0,2.0,
8061,513296,N. Vesanen,5212,5215,5.683333333333334,2.0,0.0,0.0,0.0,
8065,513296,Poutiainen Patrik,5215,5212,29.933333333333334,20.0,4.0,1.0,4.0,
8052,513296,Q. Jackson II,5212,5215,36.31666666666667,8.0,3.0,8.0,0.0,
8060,513296,S. Asikainen,5212,5215,2.1666666666666665,2.0,0.0,0.0,0.0,
8070,513296,S. Nappinen,5215,5212,2.5666666666666664,0.0,0.0,0.0,0.0,
8063,513296,T. Flinck,5215,5212,37.68333333333333,5.0,3.0,4.0,1.0,
8066,513296,V. Heiskanen,5215,5212,38.45,19.0,11.0,0.0,0.0,
8086,513297,A. Abbey,6442,7526,32.18333333333333,15.0,9.0,2.0,2.0,
8073,513297,A. Montonen,7526,6442,24.716666666666665,10.0,3.0,0.0,3.0,
8088,513297,A. Nieminen,6442,7526,19.466666666666665,9.0,3.0,0.0,0.0,
8077,513297,A. Nikkila,7526,6442,9.666666666666666,3.0,1.0,1.0,0.0,
8087,513297,A. Vanhainen,6442,7526,4.883333333333333,0.0,0.0,1.0,0.0,
8071,513297,E. Ylivakeri,7526,6442,25.683333333333334,8.0,2.0,1.0,0.0,
8091,513297,J. Hilden,6442,7526,16.916666666666668,0.0,2.0,2.0,0.0,
8080,513297,J. Ketola,7526,6442,17.066666666666666,5.0,4.0,3.0,1.0,
8074,513297,J. Nieminen,7526,6442,19.466666666666665,9.0,3.0,0.0,0.0,
8085,513297,J. Saarinen,6442,7526,22.116666666666667,16.0,7.0,1.0,1.0,
8082,513297,K. Honkonen,6442,7526,26.783333333333335,10.0,7.0,0.0,2.0,
8083,513297,M. Kollanen,6442,7526,31.266666666666666,5.0,4.0,6.0,0.0,
8093,513297,M. Visakko,6442,7526,2.216666666666667,0.0,0.0,0.0,0.0,
8079,513297,N. Larm,7526,6442,11.883333333333333,3.0,2.0,0.0,0.0,
8081,513297,O. Alanaatu,7526,6442,5.433333333333334,0.0,0.0,0.0,0.0,
8076,513297,P. Okofi,7526,6442,11.333333333333334,2.0,2.0,0.0,0.0,
8078,513297,Purmonen Otso,7526,6442,19.933333333333334,1.0,4.0,1.0,0.0,
8090,513297,R. De Santana,6442,7526,0.4166666666666667,0.0,0.0,0.0,0.0,
8092,513297,R. Otabor,6442,7526,14.316666666666666,2.0,0.0,0.0,0.0,
8089,513297,S. Petanen,6442,7526,1.45,0.0,0.0,0.0,0.0,
8075,513297,V. Eskelinen,7526,6442,31.85,21.0,15.0,0.0,3.0,
8072,513297,V. Honkanen,7526,6442,13.05,1.0,3.0,0.0,0.0,
8084,513297,de Santana William,6442,7526,27.983333333333334,17.0,6.0,6.0,1.0,
8094,513609,A. Kolyandrova,7932,2966,30.25,21.0,5.0,6.0,2.0,
8107,513609,A. Subotic,2966,7932,17.816666666666666,5.0,3.0,0.0,1.0,
8112,513609,E. Hager,2966,7932,12.083333333333334,0.0,2.0,1.0,0.0,
8113,513609,E. Kress,2966,7932,28.416666666666668,7.0,5.0,8.0,0.0,
8104,513609,E. Prechtl,7932,2966,0.2833333333333333,0.0,0.0,0.0,0.0,
8100,513609,E. Zoric,7932,2966,2.1,0.0,0.0,0.0,0.0,
8114,513609,I. Linsenmeyer,2966,7932,6.266666666666667,4.0,0.0,1.0,0.0,
8097,513609,I. Pilic,7932,2966,37.28333333333333,33.0,14.0,2.0,4.0,
8105,513609,J. Schmidt,2966,7932,17.05,8.0,2.0,0.0,2.0,
8096,513609,L. Ganhor,7932,2966,33.166666666666664,8.0,3.0,11.0,0.0,
8102,513609,L. Pap,7932,2966,12.15,0.0,3.0,0.0,0.0,
8111,513609,L. Sammer Forcher,2966,7932,29.383333333333333,17.0,5.0,3.0,1.0,
8106,513609,M. Arts,2966,7932,17.5,3.0,3.0,4.0,1.0,
8103,513609,M. Bajric,7932,2966,4.533333333333333,0.0,1.0,0.0,0.0,
8110,513609,M. Eze,2966,7932,21.233333333333334,8.0,3.0,1.0,1.0,
8095,513609,M. Kolyandrova,7932,2966,26.366666666666667,13.0,4.0,1.0,1.0,
8098,513609,M. Spanring,7932,2966,30.233333333333334,3.0,7.0,0.0,0.0,
8099,513609,N. Sudarevic,7932,2966,4.933333333333334,2.0,1.0,0.0,0.0,
8115,513609,P. Wagner,2966,7932,3.0166666666666666,2.0,1.0,0.0,0.0,
8108,513609,R. Kun,2966,7932,16.483333333333334,7.0,6.0,0.0,1.0,
8101,513609,S. Erlebach,7932,2966,18.7,2.0,5.0,0.0,0.0,
8109,513609,T. Stejskal,2966,7932,30.75,13.0,8.0,2.0,3.0,
8116,513610,A. Alborova,3554,3555,26.216666666666665,16.0,7.0,0.0,1.0,
8130,513610,A. Meskic,3555,3554,24.016666666666666,6.0,4.0,2.0,0.0,
8128,513610,Bobic Uma,3555,3554,33.15,15.0,10.0,1.0,1.0,
8129,513610,D. Sow,3555,3554,32.916666666666664,9.0,5.0,2.0,0.0,
8133,513610,E. Muharemovic,3555,3554,4.533333333333333,0.0,0.0,0.0,0.0,
8122,513610,E. Pocrnja,3554,3555,10.966666666666667,4.0,5.0,0.0,0.0,
8124,513610,E. Zdero,3554,3555,4.083333333333333,3.0,0.0,0.0,1.0,
8134,513610,F. Bucchieri,3555,3554,24.533333333333335,17.0,4.0,1.0,0.0,
8120,513610,G. Kittinger,3554,3555,26.7,12.0,4.0,1.0,3.0,
8132,513610,L. Dzanko,3555,3554,10.916666666666666,2.0,0.0,0.0,0.0,
8123,513610,L. Petrusic,3554,3555,8.9,3.0,0.0,0.0,1.0,
8121,513610,L. Sanchez,3554,3555,19.0,6.0,7.0,3.0,0.0,
8117,513610,M. Laborda,3554,3555,26.533333333333335,7.0,1.0,8.0,0.0,
8127,513610,N. Kupres,3555,3554,28.95,8.0,3.0,2.0,0.0,
8136,513610,N. Razic,3555,3554,2.85,0.0,0.0,0.0,0.0,
8119,513610,Okodugha Amanda,3554,3555,19.25,6.0,7.0,3.0,0.0,
8118,513610,S. Kuranovic,3554,3555,18.933333333333334,13.0,5.0,5.0,0.0,
8135,513610,S. Ogunfolaju,3555,3554,18.766666666666666,3.0,1.0,1.0,0.0,
8131,513610,S. Werner,3555,3554,19.366666666666667,4.0,1.0,0.0,0.0,
8125,513610,T. Puritscher,3554,3555,18.816666666666666,6.0,0.0,1.0,2.0,
8126,513610,V. Voithofer,3554,3555,16.683333333333334,8.0,2.0,0.0,0.0,
8137,513611,A. Boruta,2965,2962,31.05,6.0,2.0,0.0,1.0,
8155,513611,A. Dumancic,2962,2965,13.2,3.0,2.0,1.0,0.0,
8143,513611,A. Kunert,2965,2962,7.35,0.0,2.0,0.0,0.0,
8152,513611,A. Reissner,2962,2965,30.783333333333335,2.0,11.0,3.0,0.0,
8144,513611,C. Hofstetter,2965,2962,13.316666666666666,1.0,2.0,0.0,0.0,
8151,513611,H. Linder,2962,2965,35.65,6.0,9.0,2.0,0.0,
8150,513611,I. Orekhova,2962,2965,27.3,8.0,2.0,2.0,2.0,
8147,513611,J. Molls,2965,2962,10.116666666666667,1.0,0.0,1.0,0.0,
8153,513611,K. Theodorovics,2962,2965,11.933333333333334,3.0,0.0,0.0,1.0,
8141,513611,Koizar Sigi,2965,2962,37.81666666666667,8.0,10.0,5.0,0.0,
8154,513611,L. Haslwanter,2962,2965,4.166666666666667,0.0,0.0,0.0,0.0,
8142,513611,L. Pyvovarova,2965,2962,2.783333333333333,0.0,3.0,0.0,0.0,
8146,513611,M. Bayer,2965,2962,2.1333333333333333,0.0,0.0,0.0,0.0,
8138,513611,M. Malbasic,2965,2962,21.833333333333332,4.0,5.0,0.0,0.0,
8148,513611,M. Pietsch,2962,2965,40.0,26.0,7.0,3.0,4.0,
8149,513611,O. Bolotnikova,2962,2965,36.96666666666667,8.0,7.0,2.0,2.0,
8145,513611,P. Pammer,2965,2962,27.766666666666666,9.0,6.0,0.0,0.0,
8140,513611,S. Kunert,2965,2962,34.5,22.0,6.0,1.0,2.0,
8139,513611,Y. Renhevych,2965,2962,11.333333333333334,0.0,4.0,0.0,0.0,
8167,513612,A. Knoflach,2964,2961,25.983333333333334,10.0,6.0,1.0,1.0,
8164,513612,Braun Zoe,2961,2964,19.45,12.0,5.0,1.0,0.0,
8158,513612,C. Kronfuss,2961,2964,25.366666666666667,11.0,6.0,0.0,0.0,
8175,513612,E. Burns,2964,2961,24.116666666666667,17.0,6.0,2.0,3.0,
8172,513612,E. Falkenberg,2964,2961,2.1333333333333333,0.0,0.0,0.0,0.0,
8173,513612,E. Nizamic,2964,2961,23.1,5.0,5.0,1.0,1.0,
8166,513612,I. Fleischanderl,2961,2964,13.583333333333334,1.0,3.0,0.0,0.0,
8168,513612,J. Hill,2964,2961,31.316666666666666,11.0,3.0,8.0,2.0,
8162,513612,K. Jemming,2961,2964,19.766666666666666,2.0,4.0,3.0,0.0,
8169,513612,K. Kulesha,2964,2961,26.35,16.0,11.0,3.0,0.0,
8163,513612,L. Binder,2961,2964,9.933333333333334,3.0,0.0,0.0,1.0,
8156,513612,L. Kenens,2961,2964,19.733333333333334,7.0,3.0,0.0,1.0,
8160,513612,M. Brunner,2961,2964,19.383333333333333,4.0,2.0,1.0,0.0,
8174,513612,N. Cic,2964,2961,16.383333333333333,2.0,1.0,2.0,0.0,
8159,513612,P. Jurhar,2961,2964,25.2,9.0,10.0,3.0,0.0,
8165,513612,P. Sutterluty-Fall,2961,2964,19.083333333333332,4.0,6.0,0.0,0.0,
8170,513612,S. Sill,2964,2961,30.55,14.0,5.0,5.0,1.0,
8157,513612,Schumacher Laetitia,2961,2964,13.9,2.0,4.0,3.0,0.0,
8161,513612,T. Zaboji,2961,2964,14.6,2.0,4.0,3.0,0.0,
8171,513612,V. Schwarzmann,2964,2961,20.066666666666666,2.0,1.0,0.0,0.0,
8177,513695,B. Tozer Nemes,7472,638,15.45,4.0,2.0,0.0,0.0,
8179,513695,Carangelo Debora,7472,638,22.016666666666666,3.0,3.0,3.0,0.0,
8176,513695,D. Adams,7472,638,35.8,12.0,12.0,1.0,0.0,
8189,513695,D. Byne,638,7472,35.63333333333333,19.0,7.0,0.0,2.0,
8178,513695,Dubei Debora,7472,638,28.1,16.0,6.0,2.0,4.0,
8184,513695,G. Laufer,7472,638,2.3666666666666667,0.0,0.0,0.0,0.0,
8193,513695,H. Gaal,638,7472,5.166666666666667,0.0,1.0,0.0,0.0,
8187,513695,H. Galos,638,7472,14.833333333333334,3.0,0.0,1.0,1.0,
8181,513695,Hegedus Janka,7472,638,5.283333333333333,0.0,0.0,0.0,0.0,
8182,513695,J. Boricic,7472,638,19.416666666666668,5.0,2.0,0.0,0.0,
8192,513695,K. Dempsey,638,7472,10.833333333333334,4.0,7.0,0.0,0.0,
8196,513695,L. Acs,638,7472,4.916666666666667,0.0,2.0,0.0,0.0,
8191,513695,L. Rozman,638,7472,3.966666666666667,0.0,1.0,0.0,0.0,
8180,513695,M. Marisa,7472,638,33.86666666666667,16.0,5.0,2.0,3.0,
8185,513695,P. Biczo,7472,638,7.866666666666667,0.0,1.0,0.0,0.0,
8190,513695,P. Dul,638,7472,30.683333333333334,11.0,8.0,7.0,1.0,
8186,513695,P. Pusztai,638,7472,26.25,13.0,4.0,0.0,1.0,
8188,513695,S. Sanogo,638,7472,20.683333333333334,11.0,3.0,2.0,1.0,
8194,513695,T. Dul,638,7472,26.133333333333333,2.0,4.0,4.0,0.0,
8195,513695,V. Zsebe-Weninger,638,7472,20.9,8.0,4.0,4.0,2.0,
8183,513695,Wentzel Nora,7472,638,29.833333333333332,5.0,1.0,2.0,0.0,
8198,513696,Aho Nina,635,2323,24.266666666666666,6.0,5.0,2.0,0.0,
8206,513696,Balayera Diana,635,2323,18.9,7.0,9.0,0.0,1.0,
8199,513696,Boros Julia,635,2323,17.566666666666666,6.0,0.0,2.0,0.0,
8215,513696,D. Baa,2323,635,7.783333333333333,2.0,2.0,0.0,0.0,
8214,513696,D. Nyari,2323,635,8.75,0.0,1.0,0.0,0.0,
8216,513696,Dombai Reka,2323,635,29.283333333333335,8.0,5.0,3.0,2.0,
8197,513696,E. Farbas,635,2323,11.916666666666666,2.0,3.0,2.0,0.0,
8211,513696,E. Ratkai,2323,635,27.066666666666666,4.0,6.0,6.0,1.0,
8204,513696,F. Szabo,635,2323,21.466666666666665,2.0,1.0,0.0,0.0,
8213,513696,G. Szucs,2323,635,23.45,0.0,5.0,0.0,0.0,
8208,513696,Holcz Rebecca,2323,635,17.4,2.0,0.0,1.0,0.0,
8201,513696,I. Smuda,635,2323,17.05,3.0,7.0,1.0,0.0,
8200,513696,Kanyasi Veronika,635,2323,23.85,13.0,7.0,1.0,1.0,
8212,513696,M. David,2323,635,1.9166666666666665,0.0,0.0,0.0,0.0,
8210,513696,N. Vargas,2323,635,20.583333333333332,15.0,4.0,0.0,2.0,
8209,513696,O. Toth,2323,635,29.716666666666665,6.0,5.0,2.0,1.0,
8203,513696,T. Aho,635,2323,24.766666666666666,12.0,5.0,6.0,1.0,
8207,513696,Z. Jahni,2323,635,34.05,20.0,10.0,3.0,2.0,
8205,513696,Z. Poczkodi,635,2323,8.083333333333334,0.0,0.0,0.0,0.0,
8202,513696,Z. Telegdy,635,2323,6.2,3.0,3.0,0.0,1.0,
8220,513698,A. Janzso,643,641,30.2,8.0,1.0,2.0,1.0,
8232,513698,A. Orban,641,643,5.433333333333334,0.0,1.0,0.0,0.0,
8230,513698,B. Caitlin,641,643,36.0,27.0,12.0,4.0,2.0,
8224,513698,B. Vigh,643,641,17.866666666666667,8.0,2.0,3.0,2.0,
8221,513698,Bernath Reka,643,641,22.966666666666665,6.0,3.0,3.0,0.0,
8235,513698,C. Szerelem-Kobolak,641,643,9.433333333333334,0.0,1.0,0.0,0.0,
8233,513698,E. Varga,641,643,22.733333333333334,6.0,3.0,3.0,0.0,
8234,513698,H. Pettner,641,643,0.95,0.0,0.0,0.0,0.0,
8231,513698,J. Barnai,641,643,33.61666666666667,24.0,17.0,6.0,0.0,
8223,513698,K. Babay-Bognar,643,641,6.0,0.0,0.0,0.0,0.0,
8217,513698,K. Jackson,643,641,32.4,13.0,5.0,5.0,2.0,
8218,513698,L. Gabor,643,641,22.5,14.0,2.0,0.0,2.0,
8222,513698,L. Volgyi,643,641,7.6,3.0,0.0,1.0,0.0,
8228,513698,M. Szoboszlai,641,643,25.083333333333332,0.0,2.0,3.0,0.0,
8219,513698,Manyoky Reka,643,641,31.933333333333334,10.0,9.0,4.0,1.0,
8229,513698,P. Farkas,641,643,23.533333333333335,6.0,4.0,1.0,2.0,
8227,513698,R. Silvino Oliveira,641,643,31.75,3.0,2.0,3.0,1.0,
8226,513698,R. Vladar,643,641,11.5,2.0,1.0,0.0,0.0,
8236,513698,S. Albert,641,643,11.466666666666667,4.0,2.0,1.0,0.0,
8225,513698,Tenyer Zsofia,643,641,17.033333333333335,3.0,5.0,3.0,1.0,
8252,513699,Aijanen Maria,3096,639,37.6,9.0,9.0,1.0,0.0,
8242,513699,C. Dangelo,639,3096,24.183333333333334,20.0,5.0,6.0,0.0,
8255,513699,D. Hevizi,3096,639,19.316666666666666,6.0,3.0,0.0,2.0,
8248,513699,D. Takacs,3096,639,31.266666666666666,10.0,7.0,2.0,0.0,
8254,513699,E. Szabo Kiss,3096,639,8.366666666666667,0.0,0.0,0.0,0.0,
8239,513699,H. Dobo,639,3096,17.183333333333334,8.0,1.0,2.0,0.0,
8253,513699,J. Gergo,3096,639,23.733333333333334,9.0,8.0,3.0,3.0,
8238,513699,L. Drahos,639,3096,25.433333333333334,25.0,3.0,4.0,2.0,
8250,513699,L. Kiss,3096,639,21.166666666666668,0.0,2.0,2.0,0.0,
8244,513699,L. Puskas,639,3096,8.2,4.0,2.0,0.0,1.0,
8237,513699,M. Fisher,639,3096,25.666666666666668,19.0,8.0,5.0,0.0,
8243,513699,O. Schlegl,639,3096,10.783333333333333,0.0,3.0,0.0,0.0,
8246,513699,P. Dinnyes,639,3096,18.583333333333332,3.0,6.0,0.0,0.0,
8241,513699,S. Varga,639,3096,21.616666666666667,7.0,3.0,2.0,1.0,
8249,513699,V. Szeitl,3096,639,21.4,7.0,6.0,0.0,0.0,
8245,513699,Z. Grets,639,3096,7.166666666666667,4.0,3.0,1.0,0.0,
8251,513699,Z. Madankova,3096,639,37.15,15.0,8.0,4.0,1.0,
8247,513699,Z. Racz,639,3096,15.7,2.0,2.0,1.0,0.0,
8240,513699,Z. Salamon,639,3096,25.483333333333334,2.0,3.0,2.0,0.0,
8261,513700,A. Hencsik,2323,639,2.45,1.0,1.0,0.0,0.0,
8272,513700,C. Dangelo,639,2323,20.9,7.0,3.0,0.0,0.0,
8266,513700,D. Baa,2323,639,17.716666666666665,16.0,4.0,4.0,2.0,
8264,513700,D. Nyari,2323,639,12.783333333333333,2.0,0.0,2.0,0.0,
8258,513700,Dombai Reka,2323,639,21.383333333333333,12.0,3.0,4.0,2.0,
8257,513700,E. Ratkai,2323,639,27.05,9.0,2.0,6.0,0.0,
8263,513700,G. Szucs,2323,639,28.433333333333334,13.0,9.0,5.0,2.0,
8269,513700,H. Dobo,639,2323,25.966666666666665,7.0,2.0,1.0,0.0,
8265,513700,Holcz Rebecca,2323,639,17.883333333333333,4.0,0.0,1.0,0.0,
8268,513700,L. Drahos,639,2323,24.183333333333334,16.0,2.0,1.0,1.0,
8274,513700,L. Puskas,639,2323,12.383333333333333,0.0,1.0,0.0,0.0,
8262,513700,M. David,2323,639,19.883333333333333,13.0,6.0,0.0,3.0,
8267,513700,M. Fisher,639,2323,26.066666666666666,17.0,8.0,3.0,0.0,
8259,513700,N. Vargas,2323,639,18.466666666666665,3.0,9.0,0.0,0.0,
8273,513700,O. Schlegl,639,2323,14.95,1.0,1.0,1.0,0.0,
8260,513700,O. Toth,2323,639,11.433333333333334,15.0,5.0,0.0,3.0,
8271,513700,S. Varga,639,2323,19.633333333333333,0.0,3.0,0.0,0.0,
8275,513700,Z. Grets,639,2323,10.766666666666667,5.0,2.0,0.0,1.0,
8256,513700,Z. Jahni,2323,639,22.033333333333335,10.0,2.0,2.0,2.0,
8276,513700,Z. Racz,639,2323,19.333333333333332,2.0,1.0,0.0,0.0,
8270,513700,Z. Salamon,639,2323,25.816666666666666,8.0,5.0,1.0,1.0,
8284,513701,A. Babovic,644,7472,1.8166666666666667,0.0,1.0,0.0,0.0,
8277,513701,A. Czirkos,644,7472,30.733333333333334,12.0,1.0,4.0,0.0,
8292,513701,B. Tozer Nemes,7472,644,20.033333333333335,9.0,0.0,2.0,1.0,
8297,513701,Carangelo Debora,7472,644,17.733333333333334,7.0,2.0,4.0,0.0,
8288,513701,D. Adams,7472,644,22.116666666666667,10.0,5.0,2.0,1.0,
8278,513701,D. Szirony,644,7472,20.55,4.0,0.0,0.0,0.0,
8298,513701,Dubei Debora,7472,644,20.85,14.0,5.0,0.0,3.0,
8283,513701,E. Madar,644,7472,26.9,10.0,6.0,0.0,0.0,
8293,513701,G. Laufer,7472,644,14.4,8.0,2.0,1.0,1.0,
8291,513701,Hegedus Janka,7472,644,19.7,7.0,2.0,2.0,1.0,
8294,513701,J. Boricic,7472,644,20.783333333333335,3.0,10.0,5.0,1.0,
8280,513701,Kiss Angelika,644,7472,26.933333333333334,9.0,14.0,2.0,1.0,
8282,513701,L. Karpathegyi,644,7472,20.45,3.0,0.0,2.0,0.0,
8279,513701,L. Kendelenyi,644,7472,11.166666666666666,8.0,5.0,0.0,0.0,
8296,513701,L. Nemeth,7472,644,10.9,4.0,0.0,0.0,0.0,
8286,513701,L. Szoboszlai,644,7472,9.266666666666667,0.0,1.0,0.0,0.0,
8289,513701,M. Marisa,7472,644,19.733333333333334,13.0,2.0,2.0,2.0,
8287,513701,O. Kadar,644,7472,9.55,2.0,1.0,1.0,0.0,
8299,513701,P. Biczo,7472,644,6.65,2.0,1.0,0.0,0.0,
8281,513701,P. Hogye,644,7472,32.13333333333333,15.0,3.0,2.0,2.0,
8285,513701,T. Szerencses,644,7472,10.166666666666666,0.0,2.0,0.0,0.0,
8295,513701,V. Vegh,7472,644,3.8333333333333335,2.0,1.0,1.0,0.0,
8290,513701,Wentzel Nora,7472,644,22.0,11.0,3.0,5.0,0.0,
8318,513702,B. Angyal,2469,638,21.516666666666666,3.0,2.0,5.0,1.0,
8303,513702,D. Byne,638,2469,31.2,7.0,5.0,0.0,1.0,
8307,513702,F. Baffy,638,2469,2.5833333333333335,0.0,0.0,0.0,0.0,
8320,513702,F. Toth,2469,638,21.25,10.0,6.0,1.0,1.0,
8314,513702,Friskovec Zala,2469,638,26.65,13.0,6.0,9.0,3.0,
8308,513702,H. Gaal,638,2469,7.55,3.0,1.0,0.0,1.0,
8301,513702,H. Galos,638,2469,15.05,4.0,1.0,0.0,1.0,
8319,513702,Jankovic Masa,2469,638,19.716666666666665,11.0,3.0,1.0,0.0,
8306,513702,K. Dempsey,638,2469,13.983333333333333,0.0,5.0,0.0,0.0,
8312,513702,K. Todd-Williams,2469,638,29.3,15.0,12.0,3.0,1.0,
8311,513702,L. Acs,638,2469,4.216666666666667,0.0,1.0,0.0,0.0,
8305,513702,L. Rozman,638,2469,5.316666666666666,3.0,0.0,0.0,1.0,
8316,513702,N. Ezeigbo,2469,638,21.933333333333334,10.0,13.0,2.0,0.0,
8304,513702,P. Dul,638,2469,24.2,7.0,2.0,2.0,1.0,
8310,513702,P. Pusztai,638,2469,20.433333333333334,4.0,2.0,2.0,0.0,
8302,513702,S. Sanogo,638,2469,30.583333333333332,8.0,1.0,0.0,0.0,
8313,513702,S. Sinka-Palinkas,2469,638,20.966666666666665,7.0,0.0,1.0,1.0,
8309,513702,T. Dul,638,2469,21.983333333333334,7.0,2.0,4.0,0.0,
8300,513702,V. Zsebe-Weninger,638,2469,22.85,10.0,1.0,2.0,2.0,
8317,513702,Z. Rokob,2469,638,19.033333333333335,8.0,0.0,1.0,2.0,
8315,513702,Z. Sitku,2469,638,19.633333333333333,11.0,3.0,1.0,3.0,
8326,513703,A. Orban,641,6533,1.6333333333333333,0.0,0.0,0.0,0.0,
8324,513703,B. Caitlin,641,6533,37.53333333333333,10.0,4.0,5.0,0.0,
8329,513703,C. Szerelem-Kobolak,641,6533,5.166666666666667,0.0,2.0,2.0,0.0,
8336,513703,Cvijanovic Tina,6533,641,32.43333333333333,8.0,3.0,1.0,1.0,
8327,513703,E. Varga,641,6533,7.1,0.0,1.0,0.0,0.0,
8328,513703,H. Pettner,641,6533,0.25,0.0,0.0,0.0,0.0,
8325,513703,J. Barnai,641,6533,37.05,9.0,13.0,4.0,0.0,
8337,513703,K. Halmagyi,6533,641,2.6666666666666665,0.0,0.0,0.0,0.0,
8338,513703,L. Szucs,6533,641,5.183333333333334,0.0,0.0,0.0,0.0,
8322,513703,M. Szoboszlai,641,6533,21.083333333333332,7.0,2.0,1.0,1.0,
8332,513703,O. Kecsmarik,6533,641,11.783333333333333,0.0,1.0,1.0,0.0,
8323,513703,P. Farkas,641,6533,37.11666666666667,19.0,10.0,1.0,5.0,
8321,513703,R. Silvino Oliveira,641,6533,23.95,3.0,2.0,3.0,1.0,
8330,513703,S. Albert,641,6533,29.116666666666667,8.0,1.0,1.0,0.0,
8331,513703,Smailbegovic Nadija,6533,641,23.583333333333332,4.0,5.0,2.0,0.0,
8333,513703,Studer Agnes,6533,641,36.75,15.0,5.0,6.0,0.0,
8335,513703,Torok Agnes,6533,641,32.43333333333333,6.0,13.0,0.0,0.0,
8334,513703,Williams Zada Keandre,6533,641,37.0,17.0,8.0,0.0,0.0,
8355,513704,A. Aijanen,3096,643,34.7,9.0,9.0,1.0,0.0,
8340,513704,A. Janzso,643,3096,26.866666666666667,18.0,5.0,1.0,2.0,
8344,513704,Bernath Reka,643,3096,18.133333333333333,16.0,1.0,4.0,4.0,
8356,513704,D. Hevizi,3096,643,22.8,6.0,0.0,0.0,2.0,
8357,513704,E. Szabo Kiss,3096,643,20.983333333333334,6.0,4.0,4.0,0.0,
8354,513704,J. Gergo,3096,643,24.75,10.0,5.0,4.0,1.0,
8350,513704,K. Babay-Bognar,643,3096,16.716666666666665,11.0,3.0,0.0,3.0,
8343,513704,K. Jackson,643,3096,19.616666666666667,8.0,4.0,7.0,2.0,
8342,513704,L. Gabor,643,3096,16.233333333333334,6.0,2.0,0.0,2.0,
8352,513704,L. Kiss,3096,643,37.05,6.0,3.0,3.0,1.0,
8345,513704,L. Volgyi,643,3096,17.666666666666668,15.0,3.0,2.0,2.0,
8341,513704,Manyoky Reka,643,3096,24.983333333333334,18.0,5.0,7.0,2.0,
8346,513704,P. Szauter,643,3096,16.3,4.0,3.0,4.0,0.0,
8347,513704,R. Vladar,643,3096,18.55,10.0,4.0,2.0,2.0,
8348,513704,Tenyer Zsofia,643,3096,13.2,2.0,0.0,4.0,0.0,
8351,513704,V. Szeitl,3096,643,28.75,1.0,3.0,2.0,0.0,
8349,513704,Z. Ferletyak,643,3096,11.733333333333333,6.0,0.0,1.0,2.0,
8353,513704,Z. Madankova,3096,643,30.966666666666665,13.0,5.0,1.0,0.0,
8372,513807,B. Cseh,630,6099,21.383333333333333,9.0,3.0,2.0,1.0,
8376,513807,Barnes Auston,630,6099,31.116666666666667,19.0,4.0,0.0,2.0,
8360,513807,Brbaklic Aleksa,6099,630,31.166666666666668,14.0,13.0,1.0,1.0,
8361,513807,Buglyo Barna,6099,630,27.8,3.0,5.0,0.0,1.0,
8371,513807,C. Goodwin,630,6099,18.866666666666667,7.0,9.0,0.0,0.0,
8363,513807,Gabor Bor,6099,630,20.5,14.0,3.0,1.0,1.0,
8364,513807,H. Franson,6099,630,6.45,0.0,1.0,0.0,0.0,
8359,513807,J. Lawrence,6099,630,9.9,7.0,0.0,0.0,0.0,
8362,513807,J. Moors,6099,630,32.516666666666666,14.0,8.0,4.0,0.0,
8370,513807,J. Pierre-Louis,630,6099,28.066666666666666,16.0,4.0,4.0,0.0,
8374,513807,Krnjajski Boris,630,6099,30.05,7.0,5.0,1.0,0.0,
8367,513807,Lukacsi Gabor,6099,630,12.65,1.0,0.0,2.0,0.0,
8365,513807,M. Mezofi,6099,630,2.15,2.0,0.0,0.0,0.0,
8373,513807,Molnar Marton,630,6099,20.916666666666668,6.0,8.0,1.0,0.0,
8369,513807,Pallai Tamas,630,6099,13.466666666666667,3.0,0.0,1.0,0.0,
8358,513807,Punter Kieffer,6099,630,32.0,7.0,4.0,2.0,1.0,
8375,513807,Rudner Gabor,630,6099,13.866666666666667,3.0,2.0,1.0,1.0,
8366,513807,T. Ratgeber,6099,630,12.333333333333334,6.0,0.0,0.0,1.0,
8368,513807,U. M. Brantley K.,630,6099,22.266666666666666,4.0,2.0,3.0,0.0,
8389,513808,A. Armaghani,7933,629,20.283333333333335,8.0,3.0,1.0,0.0,
8388,513808,A. Dancsecs,7933,629,35.5,9.0,1.0,1.0,2.0,
8393,513808,A. K. Emelieze,7933,629,7.466666666666667,0.0,1.0,0.0,0.0,
8385,513808,A. Szentkuti,629,7933,13.8,2.0,4.0,1.0,0.0,
8384,513808,Antalics Daniel,629,7933,8.25,4.0,0.0,0.0,1.0,
8391,513808,C. Boubacar,7933,629,11.866666666666667,4.0,4.0,0.0,0.0,
8380,513808,D. Drenovac,629,7933,37.38333333333333,19.0,8.0,2.0,1.0,
8392,513808,D. Ellis,7933,629,28.633333333333333,9.0,2.0,0.0,0.0,
8383,513808,E. Wright,629,7933,24.35,12.0,5.0,1.0,2.0,
8379,513808,G. Turner,629,7933,27.083333333333332,7.0,9.0,3.0,0.0,
8378,513808,Glisic Milos,629,7933,31.183333333333334,21.0,4.0,0.0,1.0,
8386,513808,J. Kinney,7933,629,31.516666666666666,10.0,7.0,3.0,0.0,
8377,513808,Kerpel-Fronius Gaspar,629,7933,26.2,2.0,1.0,8.0,0.0,
8387,513808,L. Juhos,7933,629,29.95,4.0,7.0,3.0,0.0,
8382,513808,O. Halasy,629,7933,15.116666666666667,7.0,1.0,1.0,0.0,
8390,513808,S. Mitchell,7933,629,34.78333333333333,27.0,6.0,1.0,2.0,
8381,513808,S. Nagy,629,7933,16.633333333333333,3.0,1.0,0.0,1.0,
8401,513809,B. Arnold,626,631,1.2666666666666666,0.0,1.0,0.0,0.0,
8398,513809,Bogdan Benedek,626,631,21.266666666666666,4.0,4.0,0.0,1.0,
8409,513809,D. Trammell,631,626,20.266666666666666,6.0,1.0,1.0,2.0,
8407,513809,Gray Juwan,631,626,24.516666666666666,9.0,2.0,1.0,2.0,
8413,513809,Herger Salamon,631,626,1.8,0.0,0.0,0.0,0.0,
8399,513809,J. Reece,626,631,16.233333333333334,8.0,9.0,4.0,0.0,
8412,513809,K. Bognar,631,626,18.983333333333334,0.0,3.0,1.0,0.0,
8394,513809,K. Johnson,626,631,35.28333333333333,11.0,3.0,0.0,0.0,
8414,513809,Keller Akos,631,626,11.883333333333333,5.0,5.0,1.0,0.0,
8403,513809,L. Kupai,626,631,12.116666666666667,5.0,1.0,0.0,1.0,
8395,513809,P. Csendes,626,631,26.816666666666666,0.0,2.0,2.0,0.0,
8400,513809,P. Zsiros,626,631,19.5,5.0,3.0,0.0,1.0,
8408,513809,Patton Joshua,631,626,22.816666666666666,16.0,9.0,1.0,0.0,
8397,513809,R. Harrison,626,631,34.75,17.0,5.0,6.0,0.0,
8411,513809,R. Horvath,631,626,1.2666666666666666,0.0,0.0,0.0,0.0,
8396,513809,Stojicic Dusan,626,631,30.433333333333334,22.0,5.0,1.0,2.0,
8404,513809,Tanoh Dez,631,626,14.483333333333333,7.0,3.0,0.0,0.0,
8410,513809,U. Rosic,631,626,15.716666666666667,10.0,4.0,0.0,2.0,
8402,513809,V. Kristyak,626,631,2.3333333333333335,2.0,1.0,0.0,0.0,
8405,513809,Varadi Benedek,631,626,21.95,11.0,5.0,7.0,3.0,
8406,513809,Whelan Patrick,631,626,23.016666666666666,15.0,0.0,2.0,4.0,
8415,513809,Z. Perl,631,626,23.3,19.0,6.0,5.0,1.0,
8431,513810,Benke Szilard,620,625,30.816666666666666,27.0,4.0,3.0,4.0,
8433,513810,C. Daniels,620,625,19.633333333333333,14.0,7.0,0.0,1.0,
8420,513810,Durazi Krisztofer,625,620,30.85,16.0,5.0,2.0,0.0,
8418,513810,E. Cohill,625,620,11.333333333333334,0.0,1.0,1.0,0.0,
8434,513810,G. Geringer,620,625,16.133333333333333,6.0,4.0,1.0,1.0,
8432,513810,Halmai Daniel,620,625,17.75,3.0,1.0,4.0,1.0,
8427,513810,J. Chandler,620,625,29.0,15.0,3.0,1.0,1.0,
8423,513810,K. Csuti,625,620,12.733333333333333,5.0,3.0,0.0,1.0,
8435,513810,Krivacsevic Marko,620,625,13.033333333333333,6.0,9.0,0.0,0.0,
8421,513810,M. Kiss,625,620,4.733333333333333,0.0,0.0,0.0,0.0,
8416,513810,M. Warrick,625,620,34.333333333333336,28.0,4.0,1.0,7.0,
8425,513810,N. Turcsanyi,625,620,0.55,0.0,0.0,0.0,0.0,
8430,513810,Revesz Adam,620,625,28.4,13.0,8.0,2.0,1.0,
8422,513810,T. Ivosev,625,620,19.3,11.0,2.0,2.0,0.0,
8424,513810,Takacs Kristof,625,620,28.116666666666667,9.0,3.0,0.0,1.0,
8417,513810,U. Iroegbu,625,620,30.433333333333334,11.0,4.0,8.0,1.0,
8419,513810,X. Cork,625,620,17.116666666666667,4.0,2.0,0.0,0.0,
8428,513810,Y. Joseph,620,625,22.25,5.0,2.0,3.0,1.0,
8429,513810,Young Kalif,620,625,22.983333333333334,6.0,7.0,3.0,0.0,
8426,513810,Z. Bartik,625,620,10.5,0.0,0.0,0.0,0.0,
8442,514025,Antic Frane,3012,2588,10.633333333333333,2.0,2.0,0.0,0.0,
8440,514025,Bjelanovic Filip,3012,2588,25.416666666666668,16.0,6.0,1.0,3.0,
8443,514025,Brozovic Jani,3012,2588,18.066666666666666,5.0,6.0,1.0,1.0,
8445,514025,Dubelj Petar,2588,3012,32.9,18.0,1.0,5.0,3.0,
8449,514025,Gulan Luka,2588,3012,20.116666666666667,2.0,2.0,1.0,0.0,
8439,514025,K. Krizanac,3012,2588,8.166666666666666,2.0,1.0,1.0,0.0,
8453,514025,L. Andric,2588,3012,11.766666666666667,6.0,2.0,0.0,0.0,
8450,514025,L. Francesevic,2588,3012,21.9,11.0,2.0,3.0,3.0,
8446,514025,Loncovic Marko,2588,3012,29.133333333333333,8.0,7.0,4.0,0.0,
8451,514025,Pavin David,2588,3012,3.3666666666666667,5.0,0.0,0.0,1.0,
8437,514025,Rudan Matej,3012,2588,35.7,15.0,8.0,2.0,2.0,
8438,514025,Savic Emil,3012,2588,36.21666666666667,15.0,6.0,1.0,3.0,
8436,514025,T. Donald,3012,2588,34.483333333333334,21.0,5.0,10.0,1.0,
8452,514025,T. Josipovic,2588,3012,3.783333333333333,0.0,0.0,0.0,0.0,
8444,514025,Tashovski Viktor,2588,3012,20.833333333333332,2.0,3.0,5.0,0.0,
8441,514025,Vidovic Mateo,3012,2588,31.316666666666666,18.0,2.0,2.0,3.0,
8447,514025,Vodopija Ivan,2588,3012,20.866666666666667,9.0,3.0,1.0,0.0,
8448,514025,Vujicic Filip,2588,3012,35.333333333333336,24.0,16.0,2.0,4.0,
8466,514026,A. Brzovic,409,3620,27.983333333333334,17.0,7.0,2.0,0.0,
8457,514026,B. Garrett,3620,409,28.85,15.0,10.0,0.0,0.0,
8469,514026,B. Jurela,409,3620,13.716666666666667,0.0,1.0,4.0,0.0,
8458,514026,Brzoja Mislav,3620,409,37.5,31.0,9.0,2.0,1.0,
8470,514026,Domazet Emanuel,409,3620,5.75,0.0,1.0,0.0,0.0,
8454,514026,G. T. Burns,3620,409,24.6,2.0,1.0,3.0,0.0,
8471,514026,Garac Dominik,409,3620,1.55,0.0,0.0,0.0,0.0,
8468,514026,Jukic Mirko,409,3620,35.266666666666666,27.0,3.0,0.0,6.0,
8461,514026,Kapusta Borna,3620,409,32.61666666666667,13.0,1.0,5.0,2.0,
8460,514026,Kos Marat,3620,409,8.133333333333333,2.0,2.0,0.0,0.0,
8459,514026,Kujundzic Luka,3620,409,2.6833333333333336,0.0,0.0,0.0,0.0,
8463,514026,L. Mandalinic,3620,409,26.766666666666666,13.0,4.0,2.0,2.0,
8472,514026,M. Harding,409,3620,9.55,2.0,3.0,0.0,0.0,
8456,514026,Majcunic Ivan,3620,409,21.683333333333334,4.0,1.0,2.0,0.0,
8473,514026,Marcinkovic Pavle,409,3620,25.7,10.0,2.0,0.0,3.0,
8455,514026,Menalo Leo,3620,409,21.6,5.0,1.0,3.0,1.0,
8462,514026,Q. Mitchell,3620,409,20.55,6.0,2.0,1.0,1.0,
8465,514026,Sisko Fabian,409,3620,33.733333333333334,8.0,5.0,6.0,0.0,
8464,514026,T. Burden,409,3620,37.15,22.0,3.0,9.0,2.0,
8467,514026,V. Granic,409,3620,34.6,9.0,8.0,0.0,1.0,
8478,514150,A. Virjoghe,3600,3611,20.266666666666666,18.0,6.0,4.0,0.0,
8483,514150,I. Tabak,3611,3600,18.916666666666668,2.0,1.0,2.0,0.0,
8487,514150,K. Maricevic,3611,3600,13.633333333333333,9.0,10.0,3.0,1.0,
8480,514150,K. Mihalj,3611,3600,18.516666666666666,0.0,2.0,2.0,0.0,
8475,514150,K. Rimarcuk,3600,3611,26.316666666666666,3.0,3.0,0.0,1.0,
8482,514150,K. Skare,3611,3600,12.75,6.0,4.0,1.0,2.0,
8484,514150,L. Marsic,3611,3600,27.283333333333335,18.0,5.0,1.0,2.0,
8486,514150,L. Packovski,3611,3600,23.716666666666665,5.0,4.0,5.0,0.0,
8476,514150,L. Phelia,3600,3611,34.78333333333333,25.0,5.0,4.0,4.0,
8479,514150,N. Novak,3611,3600,26.333333333333332,7.0,3.0,1.0,1.0,
8481,514150,N. Rodek,3611,3600,19.616666666666667,2.0,4.0,2.0,0.0,
8485,514150,T. Kokolic,3611,3600,11.583333333333334,5.0,1.0,0.0,1.0,
8477,514150,V. Vujisic,3600,3611,32.18333333333333,7.0,3.0,6.0,1.0,
8474,514150,Vojtulek Ana,3600,3611,35.266666666666666,8.0,13.0,0.0,0.0,
8489,514151,B. Masikewich,3615,4887,33.25,11.0,10.0,2.0,1.0,
8497,514151,C. Ellenrieder,4887,3615,22.5,11.0,8.0,1.0,0.0,
8496,514151,E. Skec,4887,3615,38.45,8.0,9.0,5.0,0.0,
8488,514151,H. Arnautovic,3615,4887,16.65,4.0,2.0,5.0,0.0,
8490,514151,K. Milkovic,3615,4887,38.083333333333336,8.0,6.0,0.0,0.0,
8491,514151,K. Nekic,3615,4887,35.7,14.0,6.0,3.0,2.0,
8498,514151,L. Spinderk,4887,3615,10.2,2.0,1.0,1.0,0.0,
8493,514151,L. Stipic,3615,4887,28.1,15.0,6.0,3.0,2.0,
8495,514151,M. Drazic,4887,3615,4.016666666666667,0.0,0.0,0.0,0.0,
8494,514151,M. Skara,4887,3615,32.06666666666667,2.0,4.0,1.0,0.0,
8492,514151,Skara Karla,3615,4887,12.583333333333334,6.0,4.0,0.0,2.0,
8501,514152,A. Konjevic,3601,3609,28.716666666666665,13.0,10.0,0.0,2.0,
8502,514152,D. Brandic,3601,3609,22.166666666666668,11.0,5.0,1.0,1.0,
8500,514152,Glomazic Mia,3601,3609,21.383333333333333,4.0,5.0,2.0,0.0,
8505,514152,Glomazic Petra,3601,3609,21.366666666666667,0.0,5.0,5.0,0.0,
8511,514152,I. Ujevic,3609,3601,33.56666666666667,10.0,12.0,2.0,0.0,
8513,514152,J. Marmillod,3609,3601,29.583333333333332,10.0,5.0,3.0,0.0,
8517,514152,J. Milkovic,3609,3601,11.216666666666667,6.0,0.0,0.0,2.0,
8515,514152,Kaucic Masa,3609,3601,11.066666666666666,0.0,1.0,0.0,0.0,
8509,514152,L. Pozder,3601,3609,18.9,8.0,6.0,1.0,0.0,
8508,514152,M. Dzidic,3601,3609,8.633333333333333,11.0,1.0,0.0,2.0,
8507,514152,M. Jurcic,3601,3609,17.833333333333332,2.0,2.0,0.0,0.0,
8506,514152,M. Ratkovic,3601,3609,13.283333333333333,0.0,0.0,3.0,0.0,
8514,514152,M. Vuksic,3609,3601,22.833333333333332,10.0,5.0,1.0,1.0,
8504,514152,N. Brajac,3601,3609,22.066666666666666,5.0,3.0,1.0,1.0,
8516,514152,P. Dragovic,3609,3601,7.916666666666667,5.0,0.0,1.0,1.0,
8519,514152,P. Vlaic,3609,3601,0.7333333333333333,0.0,0.0,0.0,0.0,
8512,514152,Strize Andjela,3609,3601,32.166666666666664,15.0,5.0,4.0,0.0,
8510,514152,T. Golembiewski,3609,3601,34.55,20.0,8.0,4.0,4.0,
8518,514152,T. Peric,3609,3601,16.366666666666667,2.0,6.0,0.0,0.0,
8503,514152,Zukanovic Marijana,3601,3609,25.65,6.0,6.0,0.0,0.0,
8522,514153,B. Maricic,3603,3608,38.65,22.0,13.0,3.0,0.0,
8531,514153,C. Miloglav,3608,3603,20.466666666666665,2.0,3.0,3.0,0.0,
8530,514153,E. Majstorovic,3608,3603,26.583333333333332,11.0,7.0,8.0,0.0,
8523,514153,I. Medic,3603,3608,22.883333333333333,9.0,7.0,0.0,1.0,
8525,514153,I. Menalo,3603,3608,2.3,0.0,1.0,0.0,0.0,
8532,514153,J. Mandic,3608,3603,22.816666666666666,18.0,7.0,2.0,1.0,
8520,514153,L. Hajpetar,3603,3608,36.46666666666667,8.0,6.0,3.0,2.0,
8528,514153,L. Strilic,3608,3603,26.55,4.0,3.0,2.0,0.0,
8521,514153,L. Zelic,3603,3608,37.88333333333333,12.0,4.0,3.0,2.0,
8529,514153,M. Djuranovic,3608,3603,17.183333333333334,5.0,8.0,2.0,0.0,
8524,514153,M. Lisica,3603,3608,28.916666666666668,0.0,2.0,4.0,0.0,
8533,514153,M. Stojanovic,3608,3603,15.933333333333334,7.0,5.0,3.0,1.0,
8526,514153,Rogic Viktoria,3603,3608,9.166666666666666,5.0,0.0,1.0,0.0,
8527,514153,V. M. Dobrosevic,3603,3608,9.3,2.0,3.0,0.0,0.0,
8540,514154,A. Petrak,3606,3602,35.88333333333333,12.0,6.0,5.0,2.0,
8534,514154,I. Mamic,3602,3606,36.483333333333334,11.0,5.0,2.0,1.0,
8535,514154,K. Trehub,3602,3606,39.2,33.0,17.0,1.0,1.0,
8537,514154,M. Sucic,3602,3606,6.75,0.0,0.0,0.0,0.0,
8538,514154,Miletic Lea,3606,3602,37.516666666666666,12.0,7.0,1.0,1.0,
8539,514154,Podrug Emilija,3606,3602,25.883333333333333,0.0,5.0,4.0,0.0,
8536,514154,Pogorelic Ivana,3602,3606,6.7,0.0,0.0,0.0,0.0,
8541,514154,V. Curic,3606,3602,30.266666666666666,12.0,7.0,2.0,2.0,
8544,514295,B. Mitchell-Day,7491,7935,23.883333333333333,6.0,3.0,0.0,0.0,
8553,514295,B. Tchouya,7935,7491,29.95,19.0,5.0,4.0,4.0,
8545,514295,C. Pigge,7491,7935,33.28333333333333,7.0,6.0,3.0,1.0,
8547,514295,C. Sandy,7491,7935,12.216666666666667,0.0,1.0,0.0,0.0,
8551,514295,C. Williams,7491,7935,14.6,4.0,1.0,0.0,0.0,
8558,514295,D. Lindo,7935,7491,12.45,6.0,0.0,1.0,0.0,
8550,514295,D. Shelton,7491,7935,10.55,4.0,4.0,1.0,0.0,
8560,514295,G. Williams,7935,7491,10.15,2.0,1.0,0.0,0.0,
8548,514295,J. Johnson,7491,7935,25.183333333333334,9.0,2.0,1.0,1.0,
8561,514295,J. Okonkwo,7935,7491,27.916666666666668,7.0,12.0,1.0,0.0,
8549,514295,K. Henry,7491,7935,6.15,0.0,0.0,0.0,0.0,
8542,514295,K. Thompson,7491,7935,34.35,21.0,4.0,2.0,1.0,
8557,514295,Lall Tajinder,7935,7491,4.933333333333334,0.0,1.0,0.0,0.0,
8555,514295,M. Maclellan,7935,7491,11.883333333333333,0.0,3.0,3.0,0.0,
8546,514295,M. Nicholson,7491,7935,8.15,2.0,1.0,0.0,0.0,
8543,514295,Nelson Luke,7491,7935,31.633333333333333,11.0,5.0,2.0,0.0,
8554,514295,P. Robinson,7935,7491,24.85,17.0,4.0,2.0,1.0,
8556,514295,T. Eberhart,7935,7491,11.966666666666667,0.0,2.0,0.0,0.0,
8559,514295,T. Smith,7935,7491,17.316666666666666,9.0,2.0,1.0,1.0,
8552,514295,T. Sulaiman,7935,7491,25.966666666666665,13.0,6.0,0.0,1.0,
8578,514698,A. Onar,1257,2345,14.55,10.0,1.0,0.0,2.0,
8580,514698,Allemand Julie,1257,2345,25.8,2.0,3.0,4.0,0.0,
8567,514698,B. Akbas,2345,1257,8.916666666666666,2.0,1.0,1.0,0.0,
8564,514698,Burke Kennedy,2345,1257,34.31666666666667,14.0,4.0,1.0,1.0,
8577,514698,Cakir Turgut Olcay,1257,2345,19.55,16.0,1.0,2.0,1.0,
8566,514698,Diaby Kariata,2345,1257,28.266666666666666,12.0,8.0,0.0,0.0,
8569,514698,E. Ural,2345,1257,2.2333333333333334,0.0,1.0,0.0,0.0,
8573,514698,Geiselsoder Luisa,1257,2345,23.2,9.0,7.0,2.0,1.0,
8571,514698,I. M. Anderson,1257,2345,17.45,6.0,3.0,2.0,0.0,
8565,514698,Iagupova Alina,2345,1257,31.683333333333334,4.0,8.0,4.0,1.0,
8563,514698,J. Thomas,2345,1257,32.36666666666667,10.0,5.0,4.0,1.0,
8576,514698,Juskaite Laura,1257,2345,5.133333333333334,0.0,1.0,0.0,0.0,
8582,514698,L. Betts,1257,2345,10.1,0.0,6.0,1.0,0.0,
8575,514698,Lacan Leila,1257,2345,22.616666666666667,10.0,1.0,3.0,1.0,
8562,514698,Leite Carla,2345,1257,35.15,17.0,3.0,5.0,1.0,
8572,514698,Meesseman Emma,1257,2345,31.45,14.0,8.0,7.0,0.0,
8581,514698,N. Angloma,1257,2345,13.566666666666666,6.0,2.0,0.0,0.0,
8574,514698,Pouye Tima,1257,2345,11.1,6.0,1.0,1.0,1.0,
8568,514698,S. Atas,2345,1257,0.25,0.0,0.0,0.0,0.0,
8570,514698,Samuelson Karlie,2345,1257,26.85,12.0,4.0,0.0,3.0,
8579,514698,Z. S. Gul,1257,2345,5.5,0.0,0.0,1.0,0.0,
8589,514734,A. Likar,413,1093,21.5,21.0,5.0,4.0,2.0,
8585,514734,A. Menic,413,1093,27.866666666666667,18.0,8.0,3.0,0.0,
8594,514734,C. Cabrilo,1093,413,23.416666666666668,8.0,1.0,2.0,2.0,
8600,514734,D. Gueye,1093,413,15.233333333333333,2.0,2.0,0.0,0.0,
8599,514734,F. Pirs,1093,413,18.516666666666666,5.0,2.0,2.0,0.0,
8588,514734,G. Vajngerl,413,1093,1.8833333333333333,0.0,0.0,0.0,0.0,
8586,514734,I. Struger,413,1093,29.983333333333334,10.0,12.0,1.0,0.0,
8596,514734,J. Flerin,1093,413,13.5,2.0,2.0,2.0,0.0,
8597,514734,J. Karisik,1093,413,8.783333333333333,2.0,0.0,0.0,0.0,
8590,514734,J. Kilibarda,413,1093,20.4,8.0,6.0,2.0,0.0,
8587,514734,Klobucar Jaka,413,1093,29.383333333333333,13.0,1.0,2.0,2.0,
8583,514734,L. Jereb,413,1093,21.683333333333334,4.0,3.0,3.0,0.0,
8598,514734,L. Lapajne,1093,413,24.616666666666667,2.0,6.0,0.0,0.0,
8595,514734,M. Ciperle,1093,413,33.3,20.0,3.0,3.0,2.0,
8592,514734,M. Rutar,413,1093,2.1333333333333333,0.0,0.0,1.0,0.0,
8604,514734,M. Trsan,1093,413,5.966666666666667,3.0,0.0,0.0,1.0,
8584,514734,N. Dizdarevic,413,1093,27.883333333333333,8.0,2.0,2.0,1.0,
8593,514734,N. Pajntar,413,1093,15.433333333333334,6.0,0.0,1.0,2.0,
8601,514734,T. Veit,1093,413,3.4,1.0,0.0,0.0,0.0,
8602,514734,Z. M. Loboda,1093,413,17.633333333333333,0.0,2.0,0.0,0.0,
8591,514734,Z. Petejan,413,1093,1.85,0.0,0.0,0.0,0.0,
8622,514737,A. Toplisek,1098,1096,18.083333333333332,6.0,8.0,0.0,0.0,
8619,514737,B. Markovic,1098,1096,17.866666666666667,10.0,5.0,1.0,0.0,
8608,514737,Baric Nejc,1096,1098,18.033333333333335,8.0,1.0,3.0,2.0,
8610,514737,F. Razdevsek,1096,1098,17.316666666666666,10.0,0.0,1.0,0.0,
8615,514737,Ferme Tadej,1098,1096,23.266666666666666,7.0,2.0,3.0,1.0,
8620,514737,G. Ivic,1098,1096,2.7333333333333334,3.0,0.0,0.0,1.0,
8624,514737,J. Dornik,1098,1096,23.516666666666666,4.0,5.0,0.0,0.0,
8617,514737,J. I. Benjamin,1098,1096,24.066666666666666,7.0,2.0,4.0,1.0,
8616,514737,J. Reynolds,1098,1096,27.533333333333335,5.0,6.0,0.0,0.0,
8606,514737,K. Hobbs,1096,1098,25.3,15.0,4.0,2.0,1.0,
8607,514737,L. Fila,1096,1098,24.6,12.0,1.0,2.0,4.0,
8609,514737,M. Cizej,1096,1098,24.783333333333335,4.0,12.0,0.0,0.0,
8605,514737,Muric Dino,1096,1098,26.483333333333334,14.0,12.0,7.0,0.0,
8614,514737,N. Dragan,1096,1098,16.3,7.0,6.0,0.0,1.0,
8621,514737,Nemanic Rok,1098,1096,13.666666666666666,0.0,3.0,2.0,0.0,
8623,514737,P. Tabak,1098,1096,25.7,3.0,4.0,2.0,0.0,
8618,514737,R. Kozel,1098,1096,23.566666666666666,4.0,1.0,0.0,0.0,
8611,514737,V. Borisek,1096,1098,17.366666666666667,6.0,5.0,1.0,0.0,
8613,514737,Vujasinovic Daniel,1096,1098,14.6,3.0,5.0,8.0,0.0,
8612,514737,Z. Fifolt,1096,1098,15.216666666666667,8.0,3.0,0.0,0.0,
8628,514738,D. Hornbuckle,1100,1099,16.966666666666665,3.0,1.0,2.0,1.0,
8631,514738,D. Mocnik,1100,1099,24.15,9.0,1.0,5.0,2.0,
8630,514738,Durnik Urban,1100,1099,15.366666666666667,7.0,2.0,0.0,0.0,
8642,514738,F. Chorvat,1099,1100,17.966666666666665,9.0,6.0,1.0,1.0,
8626,514738,Glavan Ozbej,1100,1099,31.133333333333333,11.0,6.0,0.0,2.0,
8643,514738,L. Bolhar,1099,1100,17.733333333333334,14.0,5.0,4.0,0.0,
8639,514738,L. Majstorovic,1099,1100,21.6,4.0,7.0,1.0,0.0,
8625,514738,M. Dolinsek,1100,1099,25.45,10.0,1.0,1.0,2.0,
8644,514738,M. Sanabor,1099,1100,6.283333333333333,2.0,1.0,0.0,0.0,
8637,514738,N. Urbanija,1099,1100,16.466666666666665,8.0,0.0,1.0,0.0,
8633,514738,N. Zajko,1100,1099,13.15,0.0,0.0,4.0,0.0,
8636,514738,Novak Jan,1099,1100,17.6,12.0,2.0,6.0,1.0,
8632,514738,R. Pajk,1100,1099,23.983333333333334,18.0,5.0,1.0,1.0,
8641,514738,Rojc Matej,1099,1100,18.7,2.0,2.0,4.0,0.0,
8638,514738,S. Grosic,1099,1100,20.133333333333333,9.0,3.0,3.0,0.0,
8627,514738,S. Knezevic,1100,1099,11.066666666666666,2.0,1.0,1.0,0.0,
8629,514738,S. Malone,1100,1099,30.9,14.0,5.0,4.0,2.0,
8647,514738,T. Kotnik,1099,1100,11.95,9.0,3.0,0.0,0.0,
8634,514738,T. Kugler,1100,1099,1.65,0.0,0.0,0.0,0.0,
8645,514738,V. Coric,1099,1100,10.133333333333333,7.0,1.0,0.0,1.0,
8635,514738,V. Loncaric,1100,1099,6.183333333333334,0.0,0.0,1.0,0.0,
8646,514738,Vanags Ricards,1099,1100,19.166666666666668,12.0,4.0,0.0,0.0,
8640,514738,X. Lipscomb,1099,1100,22.266666666666666,11.0,0.0,1.0,0.0,
8662,514742,Baldwin Diante,1094,1684,31.766666666666666,20.0,8.0,7.0,1.0,
8653,514742,Cibej Matej,1684,1094,18.25,8.0,3.0,0.0,0.0,
8669,514742,D. Bozic,1094,1684,6.083333333333333,0.0,0.0,0.0,0.0,
8648,514742,E. Muric,1684,1094,21.733333333333334,11.0,3.0,1.0,1.0,
8655,514742,Gabrijel Bine,1684,1094,9.4,2.0,2.0,0.0,0.0,
8652,514742,H. Dean,1684,1094,29.383333333333333,6.0,6.0,2.0,0.0,
8657,514742,J. Copot,1684,1094,5.316666666666666,0.0,2.0,0.0,0.0,
8667,514742,J. Dolnicar,1094,1684,12.233333333333333,6.0,0.0,0.0,0.0,
8658,514742,J. Jones,1684,1094,6.883333333333333,0.0,2.0,0.0,0.0,
8659,514742,J. Rebec,1094,1684,22.066666666666666,7.0,1.0,1.0,1.0,
8666,514742,Klobucar Jaka,1094,1684,23.133333333333333,14.0,5.0,1.0,2.0,
8649,514742,L. Boisa,1684,1094,15.9,8.0,5.0,0.0,2.0,
8656,514742,L. Faganel,1684,1094,6.4,4.0,3.0,0.0,0.0,
8664,514742,Mahkovic Blaz,1094,1684,19.0,11.0,2.0,5.0,2.0,
8668,514742,N. Smith,1094,1684,13.783333333333333,2.0,2.0,1.0,0.0,
8660,514742,Oman Urban,1094,1684,31.683333333333334,10.0,5.0,4.0,2.0,
8651,514742,S. Todorovic,1684,1094,33.43333333333333,20.0,6.0,5.0,2.0,
8650,514742,Shelton Cameron,1684,1094,27.733333333333334,17.0,4.0,6.0,1.0,
8665,514742,Sirc Lenart,1094,1684,7.166666666666667,2.0,3.0,0.0,0.0,
8663,514742,Smith Galin,1094,1684,24.316666666666666,8.0,3.0,0.0,0.0,
8661,514742,U. Sikanic,1094,1684,8.766666666666667,3.0,2.0,1.0,1.0,
8654,514742,V. Hrabar,1684,1094,25.566666666666666,6.0,1.0,1.0,2.0,
8678,514827,A. Azemi,778,785,19.816666666666666,3.0,0.0,0.0,1.0,
8670,514827,A. Bailey,778,785,29.966666666666665,19.0,4.0,0.0,2.0,
8680,514827,Bracy-Davis Kevin,785,778,21.716666666666665,8.0,6.0,2.0,0.0,
8675,514827,Bunjaku Valon,778,785,11.1,8.0,0.0,2.0,1.0,
8673,514827,Clavell Gian,778,785,24.8,9.0,5.0,3.0,1.0,
8685,514827,Hajrizi Drilon,785,778,23.133333333333333,13.0,4.0,1.0,2.0,
8687,514827,Hasbrouck Kenny,785,778,30.75,17.0,4.0,3.0,3.0,
8681,514827,J. Payne,785,778,28.433333333333334,13.0,1.0,4.0,1.0,
8671,514827,Johnson JaJuan,778,785,27.05,13.0,6.0,0.0,0.0,
8686,514827,Jones Shawn,785,778,10.4,2.0,1.0,0.0,0.0,
8683,514827,Kapiti Dardan,785,778,29.483333333333334,8.0,4.0,0.0,1.0,
8682,514827,M. Mobbley,785,778,30.8,8.0,4.0,1.0,2.0,
8674,514827,Myles Divine,778,785,26.383333333333333,12.0,2.0,3.0,2.0,
8679,514827,R. Dahsyla,785,778,4.966666666666667,0.0,1.0,0.0,0.0,
8676,514827,Shorter Shannon,778,785,25.4,5.0,8.0,5.0,1.0,
8684,514827,Tmusic Mikaile,785,778,19.75,7.0,4.0,1.0,1.0,
8677,514827,V. Kakruki,778,785,12.833333333333334,4.0,3.0,1.0,0.0,
8672,514827,Zekiri Lejson,778,785,22.066666666666666,10.0,8.0,3.0,2.0,
8707,514828,A. Gashi,784,6506,8.333333333333334,3.0,2.0,0.0,0.0,
8710,514828,B. Rexha,784,6506,14.766666666666667,2.0,5.0,2.0,0.0,
8708,514828,E. Kryeziu,784,6506,18.6,5.0,0.0,0.0,1.0,
8706,514828,E. Raba,784,6506,0.7333333333333333,0.0,0.0,0.0,0.0,
8709,514828,Ejupi Visar,784,6506,9.233333333333333,0.0,3.0,1.0,0.0,
8705,514828,H. Durguti,784,6506,7.816666666666666,0.0,1.0,0.0,0.0,
8691,514828,Hot Amin,6506,784,27.816666666666666,12.0,5.0,1.0,3.0,
8692,514828,J. Hellems,6506,784,29.516666666666666,18.0,6.0,6.0,0.0,
8693,514828,J. Ismajli,6506,784,10.383333333333333,7.0,4.0,2.0,1.0,
8698,514828,Janjeva Muhamedali,6506,784,19.333333333333332,3.0,5.0,2.0,0.0,
8701,514828,K. Rozier,784,6506,28.65,5.0,2.0,3.0,0.0,
8690,514828,L. Oke,6506,784,29.883333333333333,22.0,9.0,0.0,0.0,
8700,514828,Llapi Shendrit,784,6506,18.433333333333334,6.0,9.0,0.0,0.0,
8703,514828,M. Adams-Woods,784,6506,33.68333333333333,21.0,5.0,2.0,2.0,
8697,514828,O. Kurtaj,6506,784,5.0,3.0,0.0,0.0,0.0,
8695,514828,R. Memedi,6506,784,9.05,0.0,2.0,0.0,0.0,
8689,514828,R. Ukaj,6506,784,18.683333333333334,9.0,6.0,1.0,0.0,
8699,514828,Rugova Fisnik,6506,784,8.133333333333333,2.0,6.0,0.0,0.0,
8688,514828,T. Allen,6506,784,24.383333333333333,5.0,3.0,3.0,1.0,
8694,514828,Wheeler Jamari,6506,784,15.516666666666667,3.0,1.0,1.0,1.0,
8696,514828,Y. Pllana,6506,784,2.3333333333333335,0.0,0.0,0.0,0.0,
8702,514828,Z. Fruster,784,6506,28.316666666666666,18.0,3.0,2.0,3.0,
8704,514828,Zekiqi Samir,784,6506,31.433333333333334,5.0,6.0,0.0,1.0,
8727,514829,A. Alijaj,1593,783,13.566666666666666,0.0,3.0,1.0,0.0,
8712,514829,A. Hajdari,783,1593,22.016666666666666,3.0,4.0,2.0,1.0,
8723,514829,A. Ibishi,1593,783,16.083333333333332,5.0,4.0,1.0,0.0,
8726,514829,Ahmeti Andi,1593,783,10.816666666666666,0.0,1.0,0.0,0.0,
8721,514829,D. Davis,1593,783,38.733333333333334,21.0,1.0,1.0,5.0,
8717,514829,D. Haxhosaj,783,1593,5.8,5.0,3.0,0.0,0.0,
8713,514829,D. Wilson,783,1593,14.516666666666667,9.0,5.0,1.0,0.0,
8724,514829,Ismaili Meriton,1593,783,36.833333333333336,23.0,3.0,1.0,3.0,
8720,514829,K. Pullian,1593,783,38.63333333333333,21.0,7.0,11.0,1.0,
8715,514829,Lekndreaj Daniel,783,1593,11.766666666666667,0.0,0.0,1.0,0.0,
8718,514829,Moore Trevor,783,1593,24.483333333333334,7.0,3.0,2.0,1.0,
8716,514829,Morina Altin,783,1593,29.316666666666666,2.0,5.0,4.0,0.0,
8711,514829,R. Smith,783,1593,37.1,29.0,6.0,6.0,6.0,
8725,514829,Syla Mal,1593,783,5.383333333333334,0.0,0.0,0.0,0.0,
8722,514829,V. Jackson,1593,783,39.95,29.0,9.0,3.0,5.0,
8714,514829,X. Johnson,783,1593,34.2,27.0,10.0,0.0,1.0,
8719,514829,Zekiri Jetmir,783,1593,20.8,8.0,7.0,2.0,0.0,
8743,514830,A. Gashi,780,3006,5.116666666666666,2.0,1.0,0.0,0.0,
8731,514830,A. Ogemuno-Johnson,3006,780,28.8,13.0,9.0,1.0,0.0,
8746,514830,A. Shala,780,3006,0.8,0.0,0.0,0.0,0.0,
8734,514830,A. Sinani,3006,780,24.416666666666668,8.0,1.0,1.0,1.0,
8733,514830,Armstead Malcolm,3006,780,29.516666666666666,19.0,5.0,3.0,3.0,
8730,514830,B. Dawkins,3006,780,33.95,18.0,5.0,3.0,2.0,
8735,514830,Binqe Norik,3006,780,3.4166666666666665,0.0,1.0,0.0,0.0,
8741,514830,C. Withers,780,3006,35.6,25.0,10.0,3.0,1.0,
8745,514830,D. Bandoo,780,3006,30.816666666666666,20.0,2.0,3.0,5.0,
8737,514830,D. Krizanic,3006,780,16.55,3.0,5.0,0.0,0.0,
8732,514830,Istrefi Bardh,3006,780,14.583333333333334,0.0,5.0,0.0,0.0,
8744,514830,Kastrati Erjon,780,3006,14.383333333333333,0.0,2.0,0.0,0.0,
8729,514830,L. Zeneli,3006,780,4.016666666666667,0.0,1.0,0.0,0.0,
8740,514830,Malaj Musab,780,3006,28.716666666666665,12.0,2.0,2.0,4.0,
8747,514830,Morina Gezim,780,3006,7.866666666666667,1.0,8.0,1.0,0.0,
8738,514830,Rideau Laquincy,780,3006,30.433333333333334,3.0,4.0,7.0,0.0,
8736,514830,Sheqiri Dion,3006,780,9.533333333333333,6.0,4.0,0.0,0.0,
8739,514830,Shoshi Lis,780,3006,24.533333333333335,14.0,12.0,0.0,0.0,
8742,514830,T. Davontrey,780,3006,21.733333333333334,11.0,2.0,3.0,2.0,
8728,514830,V. Golson,3006,780,34.65,15.0,0.0,5.0,1.0,
8756,515044,C. Kask,2690,483,17.283333333333335,7.0,0.0,2.0,1.0,
8766,515044,G. Ilves,483,2690,18.9,6.0,0.0,4.0,0.0,
8751,515044,G. Suvi,2690,483,16.516666666666666,0.0,3.0,0.0,0.0,
8765,515044,H. Suurorg,483,2690,11.766666666666667,5.0,1.0,1.0,1.0,
8753,515044,Jurtsenko Karl Gustav,2690,483,19.733333333333334,14.0,7.0,2.0,2.0,
8757,515044,K. Kilk,2690,483,20.033333333333335,0.0,3.0,3.0,0.0,
8754,515044,K. Kokk,2690,483,4.666666666666667,3.0,0.0,0.0,1.0,
8755,515044,K. Rannaste,2690,483,6.4,2.0,1.0,0.0,0.0,
8758,515044,K. Reinart,2690,483,17.283333333333335,9.0,3.0,2.0,0.0,
8769,515044,K. Sonntak,483,2690,0.5166666666666667,0.0,0.0,0.0,0.0,
8749,515044,K. Valb,2690,483,28.933333333333334,7.0,2.0,2.0,1.0,
8761,515044,M. Poljakov,483,2690,19.533333333333335,4.0,3.0,0.0,0.0,
8760,515044,O. Metsalu,483,2690,13.433333333333334,3.0,5.0,2.0,0.0,
8752,515044,O. Pere,2690,483,23.616666666666667,11.0,2.0,1.0,2.0,
8768,515044,O. Suurorg,483,2690,14.5,9.0,2.0,0.0,2.0,
8762,515044,Puidet Jaan,483,2690,18.516666666666666,8.0,4.0,0.0,1.0,
8748,515044,R. Kuttis,2690,483,23.733333333333334,9.0,3.0,1.0,2.0,
8759,515044,S. Post,483,2690,21.1,7.0,4.0,4.0,1.0,
8764,515044,S. Sutt,483,2690,16.566666666666666,11.0,1.0,0.0,0.0,
8763,515044,T. Jurkatamm,483,2690,17.55,6.0,4.0,1.0,0.0,
8767,515044,T. Niits,483,2690,26.166666666666668,13.0,7.0,2.0,0.0,
8750,515044,Urvik Erki,2690,483,21.8,2.0,8.0,3.0,0.0,
8778,515045,A. Kivimagi,6559,2745,12.35,6.0,1.0,0.0,2.0,
8773,515045,C. Lenk,6559,2745,31.166666666666668,12.0,1.0,2.0,0.0,
8770,515045,J. Tillmon,6559,2745,34.56666666666667,22.0,11.0,2.0,1.0,
8784,515045,L. Koshevatskyi,2745,6559,31.15,15.0,4.0,4.0,1.0,
8779,515045,M. Avarsalu,6559,2745,3.65,2.0,0.0,0.0,0.0,
8776,515045,M. Midri,6559,2745,16.583333333333332,2.0,5.0,0.0,0.0,
8775,515045,M. Pahv,6559,2745,19.383333333333333,2.0,2.0,1.0,0.0,
8782,515045,M. Piternieks,2745,6559,25.366666666666667,14.0,5.0,0.0,0.0,
8787,515045,O. Bergmanis,2745,6559,24.133333333333333,2.0,0.0,5.0,0.0,
8783,515045,P. J. Hayes,2745,6559,30.9,17.0,13.0,4.0,3.0,
8786,515045,P. Katlaps,2745,6559,22.0,11.0,3.0,0.0,3.0,
8774,515045,P. Salmins,6559,2745,30.25,15.0,12.0,1.0,0.0,
8781,515045,R. Jugans,2745,6559,25.666666666666668,10.0,11.0,3.0,0.0,
8771,515045,R. Laane,6559,2745,26.566666666666666,7.0,8.0,6.0,1.0,
8772,515045,R. Tamkivi,6559,2745,15.933333333333334,3.0,4.0,1.0,1.0,
8777,515045,S. Chargois,6559,2745,9.55,6.0,1.0,0.0,0.0,
8780,515045,T. Reginald Deshawn,2745,6559,28.616666666666667,15.0,6.0,3.0,0.0,
8785,515045,V. Drava,2745,6559,12.166666666666666,1.0,2.0,0.0,0.0,
8801,515131,A. Stankovic,7525,7447,4.433333333333334,0.0,0.0,1.0,0.0,
8802,515131,Bilusic Klara,7525,7447,11.183333333333334,0.0,2.0,0.0,0.0,
8797,515131,Ceh Blaza,7525,7447,36.63333333333333,21.0,2.0,4.0,1.0,
8798,515131,D. Cipcic,7525,7447,24.933333333333334,4.0,6.0,3.0,0.0,
8795,515131,D. Kostova,7447,7525,11.666666666666666,4.0,0.0,0.0,0.0,
8789,515131,D. Manolova,7447,7525,32.833333333333336,14.0,11.0,2.0,0.0,
8794,515131,D. Raikova,7447,7525,1.5166666666666666,0.0,0.0,0.0,0.0,
8796,515131,E. Maguire,7525,7447,29.4,19.0,3.0,2.0,5.0,
8804,515131,F. Cuklin,7525,7447,14.633333333333333,0.0,2.0,2.0,0.0,
8790,515131,G. Nikolova,7447,7525,35.416666666666664,6.0,4.0,0.0,0.0,
8791,515131,I. Boneva,7447,7525,29.716666666666665,19.0,4.0,4.0,1.0,
8800,515131,L. Hajdin,7525,7447,35.766666666666666,15.0,10.0,2.0,3.0,
8803,515131,M. Matijevic,7525,7447,12.683333333333334,3.0,2.0,1.0,1.0,
8799,515131,M. Ostojic,7525,7447,30.333333333333332,13.0,4.0,2.0,1.0,
8793,515131,R. Dimitrova,7447,7525,5.683333333333334,2.0,0.0,2.0,0.0,
8792,515131,R. Ilieva,7447,7525,16.683333333333334,3.0,2.0,1.0,1.0,
8788,515131,Y. Todorova,7447,7525,32.083333333333336,7.0,4.0,1.0,0.0,
8806,515133,Anzic Ana,1084,3611,24.3,7.0,2.0,2.0,1.0,
8807,515133,Baric Nika,1084,3611,22.766666666666666,10.0,2.0,4.0,2.0,
8811,515133,Blagus Nika,1084,3611,11.8,6.0,1.0,0.0,2.0,
8810,515133,I. Fritz,1084,3611,14.016666666666667,7.0,1.0,2.0,1.0,
8821,515133,I. Tabak,3611,1084,27.166666666666668,11.0,4.0,5.0,1.0,
8815,515133,J. Guska,1084,3611,19.516666666666666,2.0,3.0,1.0,0.0,
8818,515133,K. Maricevic,3611,1084,11.233333333333333,2.0,5.0,0.0,0.0,
8819,515133,K. Mihalj,3611,1084,21.75,0.0,0.0,2.0,0.0,
8823,515133,K. Skare,3611,1084,19.75,18.0,4.0,1.0,1.0,
8820,515133,L. Marsic,3611,1084,18.516666666666666,2.0,2.0,1.0,0.0,
8812,515133,M. Senicar,1084,3611,15.383333333333333,3.0,7.0,2.0,0.0,
8809,515133,Misjak Ziva,1084,3611,19.816666666666666,8.0,2.0,2.0,1.0,
8816,515133,N. Novak,3611,1084,27.816666666666666,7.0,2.0,1.0,1.0,
8817,515133,N. Rodek,3611,1084,25.333333333333332,0.0,2.0,0.0,0.0,
8813,515133,O. Pozin,1084,3611,5.283333333333333,0.0,0.0,0.0,0.0,
8808,515133,R. Elgedawy,1084,3611,26.65,18.0,8.0,3.0,1.0,
8805,515133,Radonjic Zorana,1084,3611,30.25,16.0,4.0,6.0,4.0,
8814,515133,T. Jazbec,1084,3611,10.216666666666667,6.0,2.0,1.0,2.0,
8822,515133,T. Kokolic,3611,1084,19.666666666666668,3.0,3.0,1.0,1.0,
8824,515133,T. Tkachenko,3611,1084,28.766666666666666,10.0,5.0,4.0,0.0,
8838,515134,B. Dencheva,4847,7447,16.75,0.0,1.0,0.0,0.0,
8831,515134,D. Kostova,7447,4847,27.6,7.0,3.0,0.0,1.0,
8826,515134,D. Manolova,7447,4847,29.833333333333332,11.0,3.0,0.0,1.0,
8827,515134,G. Nikolova,7447,4847,39.083333333333336,8.0,3.0,2.0,1.0,
8829,515134,I. Boneva,7447,4847,39.233333333333334,12.0,7.0,9.0,0.0,
8833,515134,I. Farcy,4847,7447,24.0,11.0,4.0,0.0,0.0,
8842,515134,M. Damyanova,4847,7447,8.05,0.0,0.0,0.0,0.0,
8828,515134,M. Kenembeni,7447,4847,36.15,28.0,6.0,0.0,5.0,
8835,515134,N. Kane,4847,7447,19.45,9.0,4.0,3.0,2.0,
8836,515134,P. Bura,4847,7447,34.38333333333333,12.0,10.0,2.0,0.0,
8832,515134,R. Dimitrova,7447,4847,3.1666666666666665,0.0,1.0,0.0,0.0,
8839,515134,R. Hristova,4847,7447,27.7,5.0,3.0,4.0,1.0,
8830,515134,R. Ilieva,7447,4847,26.65,3.0,3.0,4.0,0.0,
8841,515134,R. Kenareva,4847,7447,9.2,0.0,1.0,0.0,0.0,
8837,515134,Savkovic Jovana,4847,7447,34.6,18.0,1.0,3.0,4.0,
8840,515134,V. Goranova,4847,7447,9.983333333333333,6.0,1.0,1.0,0.0,
8834,515134,Wallen Daniela,4847,7447,40.88333333333333,27.0,9.0,5.0,0.0,
8825,515134,Y. Todorova,7447,4847,23.283333333333335,18.0,5.0,1.0,2.0,
8845,515177,B. Krikke,5562,6123,33.56666666666667,16.0,11.0,2.0,2.0,
8853,515177,Cizauskas Vytenis,6123,5562,28.666666666666668,7.0,6.0,6.0,0.0,
8847,515177,D. Stanley,5562,6123,24.0,17.0,3.0,6.0,2.0,
8857,515177,Giga Norbertas,6123,5562,25.933333333333334,8.0,15.0,1.0,0.0,
8843,515177,J. Carlos,5562,6123,27.866666666666667,7.0,6.0,4.0,0.0,
8851,515177,Juskevicius Adas,6123,5562,25.616666666666667,16.0,6.0,2.0,4.0,
8854,515177,Kokoska Karolis,6123,5562,34.2,2.0,3.0,2.0,0.0,
8844,515177,L. Wilson,5562,6123,28.5,17.0,14.0,0.0,0.0,
8846,515177,Lesciauskas Kristupas,5562,6123,28.066666666666666,11.0,0.0,1.0,2.0,
8852,515177,Nausedas Justas,6123,5562,23.433333333333334,5.0,3.0,4.0,0.0,
8850,515177,R. Kreismontas,5562,6123,11.5,1.0,1.0,0.0,0.0,
8848,515177,Shephard Grant,5562,6123,17.933333333333334,6.0,3.0,0.0,0.0,
8849,515177,Sidarevicius Adomas,5562,6123,28.566666666666666,4.0,1.0,4.0,1.0,
8856,515177,Stasys Mindaugas,6123,5562,25.633333333333333,11.0,5.0,6.0,2.0,
8855,515177,Zdanavicius Tomas,6123,5562,36.516666666666666,26.0,9.0,1.0,2.0,
8869,515178,A. Gray,792,7936,24.466666666666665,5.0,3.0,1.0,1.0,
8866,515178,Bratanovic Haris,7936,792,9.166666666666666,4.0,1.0,1.0,0.0,
8874,515178,D. Andrews,792,7936,30.65,23.0,5.0,1.0,3.0,
8858,515178,D. Jackson,7936,792,25.116666666666667,13.0,3.0,2.0,1.0,
8864,515178,Doualla Darryl,7936,792,16.7,6.0,2.0,2.0,0.0,
8873,515178,F. Boardman-Raffet,792,7936,19.433333333333334,6.0,4.0,2.0,0.0,
8861,515178,Griciunas Benas,7936,792,24.05,8.0,4.0,3.0,0.0,
8863,515178,J. Blackmon,7936,792,18.0,5.0,0.0,1.0,1.0,
8871,515178,J. Hopkins,792,7936,9.166666666666666,2.0,0.0,0.0,0.0,
8868,515178,K. Zikas,7936,792,0.16666666666666666,0.0,0.0,0.0,0.0,
8860,515178,Kariniauskas Vaidas,7936,792,29.65,4.0,3.0,9.0,0.0,
8865,515178,Kozys Vitalijus,7936,792,20.216666666666665,11.0,6.0,2.0,0.0,
8872,515178,Lavrinovicius Danielius,792,7936,24.6,8.0,5.0,1.0,0.0,
8875,515178,M. Kancleris,792,7936,13.633333333333333,6.0,5.0,1.0,0.0,
8859,515178,Mineikis Nojus,7936,792,28.316666666666666,15.0,4.0,1.0,3.0,
8877,515178,N. Bukauskas,792,7936,22.5,7.0,3.0,4.0,0.0,
8867,515178,N. Kiselevicius,7936,792,0.16666666666666666,0.0,0.0,0.0,0.0,
8878,515178,Petrilevicius Paulius,792,7936,12.533333333333333,10.0,5.0,0.0,0.0,
8862,515178,Voinalovych Andrii,7936,792,28.416666666666668,15.0,8.0,1.0,2.0,
8870,515178,Wiley Jacob,792,7936,20.783333333333335,6.0,1.0,1.0,0.0,
8876,515178,Zakas Jonas,792,7936,22.233333333333334,3.0,3.0,0.0,1.0,
8880,517627,A. Novakovic,2521,3419,30.533333333333335,16.0,4.0,3.0,3.0,
8886,517627,A. Stazic,2521,3419,0.0,0.0,0.0,0.0,0.0,
8885,517627,B. Zimonjic,2521,3419,9.366666666666667,0.0,4.0,0.0,0.0,
8893,517627,Bess Javon,3419,2521,27.983333333333334,14.0,3.0,1.0,3.0,
8895,517627,C. Bishop,3419,2521,10.116666666666667,4.0,3.0,0.0,0.0,
8894,517627,Hill Malcolm,3419,2521,19.766666666666666,6.0,3.0,4.0,1.0,
8892,517627,J. McCreary,3419,2521,21.383333333333333,13.0,5.0,3.0,1.0,
8881,517627,J. Muila,2521,3419,19.9,8.0,8.0,0.0,0.0,
8889,517627,Jovanovic Nikola,2521,3419,11.7,4.0,0.0,1.0,0.0,
8900,517627,Kullamae Kristian,3419,2521,23.983333333333334,14.0,4.0,2.0,2.0,
8890,517627,Kures Luka,2521,3419,8.633333333333333,0.0,0.0,0.0,0.0,
8888,517627,L. Cvetkova,2521,3419,0.0,0.0,0.0,0.0,0.0,
8901,517627,L. Illes,3419,2521,0.0,0.0,0.0,0.0,0.0,
8879,517627,Langovic Aleksandar,2521,3419,24.983333333333334,23.0,3.0,2.0,2.0,
8896,517627,Livingston Otis,3419,2521,20.466666666666665,5.0,1.0,3.0,1.0,
8898,517627,Nicolescu Bogdan,3419,2521,14.283333333333333,6.0,0.0,1.0,2.0,
8883,517627,Njie Barra,2521,3419,30.933333333333334,4.0,4.0,8.0,0.0,
8899,517627,Patrick Neal Richard II,3419,2521,3.716666666666667,0.0,1.0,0.0,0.0,
8897,517627,Plavsic Uros,3419,2521,27.316666666666666,15.0,6.0,5.0,0.0,
8887,517627,R. Gunn,2521,3419,21.916666666666668,2.0,2.0,0.0,0.0,
8884,517627,Radovcic Kresimir,2521,3419,9.066666666666666,10.0,1.0,3.0,0.0,
8882,517627,Sherfield Grant,2521,3419,32.96666666666667,17.0,2.0,3.0,3.0,
8891,517627,Smart Javonte,3419,2521,31.0,17.0,7.0,8.0,2.0,
8920,517628,Badzim Roko,410,1800,26.483333333333334,7.0,1.0,1.0,1.0,
8923,517628,Bart Vigo,410,1800,2.55,0.0,0.0,0.0,0.0,
8913,517628,Blazic Jaka,1800,410,12.883333333333333,5.0,1.0,1.0,1.0,
8911,517628,C. Houindo,1800,410,9.0,3.0,3.0,0.0,0.0,
8908,517628,Cerkvenik Miha,1800,410,2.2333333333333334,0.0,0.0,0.0,0.0,
8902,517628,Cowan Jr. Anthony,1800,410,28.566666666666666,18.0,3.0,3.0,1.0,
8912,517628,D. Skara,1800,410,21.216666666666665,5.0,4.0,0.0,1.0,
8921,517628,Gnjidic Lovro,410,1800,11.05,2.0,1.0,1.0,0.0,
8903,517628,Hurt Matthew,1800,410,24.7,21.0,4.0,0.0,2.0,
8906,517628,J. Johnson,1800,410,11.9,4.0,3.0,0.0,0.0,
8918,517628,K. Battle,410,1800,26.0,14.0,2.0,1.0,0.0,
8917,517628,K. Hepa,410,1800,23.133333333333333,8.0,4.0,0.0,2.0,
8904,517628,Kirkwood Noah,1800,410,29.85,12.0,5.0,4.0,2.0,
8910,517628,Lomazs Rihards,1800,410,23.366666666666667,3.0,2.0,5.0,0.0,
8924,517628,M. Loncar,410,1800,9.683333333333334,2.0,2.0,0.0,0.0,
8916,517628,Mazalin Lovro,410,1800,25.45,14.0,7.0,3.0,0.0,
8914,517628,McGill Rickey,410,1800,31.05,14.0,5.0,5.0,2.0,
8907,517628,O. Osifo,1800,410,13.183333333333334,2.0,2.0,1.0,0.0,
8909,517628,Radovic Rok,1800,410,11.233333333333333,2.0,1.0,2.0,0.0,
8919,517628,Serdarusic Renato,410,1800,10.716666666666667,2.0,3.0,0.0,0.0,
8915,517628,Sikiric Antonio,410,1800,13.133333333333333,5.0,1.0,0.0,1.0,
8922,517628,T. Mitchell,410,1800,20.75,8.0,6.0,0.0,0.0,
8905,517628,U. Kroflic,1800,410,11.866666666666667,14.0,1.0,0.0,2.0,
8943,517629,B. Skeens,7438,2556,17.9,7.0,3.0,0.0,0.0,
8940,517629,Bacvic Niko,7438,2556,15.5,0.0,2.0,4.0,0.0,
8937,517629,Bluiett Trevon,7438,2556,21.633333333333333,6.0,1.0,1.0,2.0,
8941,517629,Buchanan Tray,7438,2556,24.25,18.0,1.0,2.0,3.0,
8935,517629,Buie Desure,7438,2556,24.983333333333334,17.0,0.0,5.0,2.0,
8926,517629,Delalic Haris,2556,7438,16.183333333333334,2.0,0.0,1.0,0.0,
8939,517629,Dreznjak Mateo,7438,2556,25.133333333333333,9.0,2.0,1.0,3.0,
8936,517629,Ford Quincy,7438,2556,30.966666666666665,6.0,2.0,2.0,1.0,
8932,517629,J. Armotrading,2556,7438,20.883333333333333,6.0,2.0,0.0,0.0,
8944,517629,Kovac Ben,7438,2556,11.283333333333333,0.0,1.0,1.0,0.0,
8931,517629,Kovacevic Petar,2556,7438,16.733333333333334,14.0,3.0,0.0,2.0,
8925,517629,L. Stefanovic,2556,7438,20.466666666666665,5.0,2.0,2.0,1.0,
8930,517629,Lazic Aleksandar,2556,7438,20.083333333333332,7.0,3.0,1.0,1.0,
8933,517629,Milosavljevic Dragan,2556,7438,12.4,5.0,5.0,1.0,0.0,
8929,517629,N. Manojlovic,2556,7438,23.116666666666667,9.0,7.0,3.0,1.0,
8934,517629,N. Pierre-Louis,2556,7438,19.383333333333333,15.0,2.0,2.0,1.0,
8938,517629,Nikolic Zoran,7438,2556,24.016666666666666,24.0,8.0,1.0,0.0,
8942,517629,Pavelka Tomas,7438,2556,3.55,2.0,0.0,0.0,0.0,
8927,517629,Penn Roman,2556,7438,33.18333333333333,18.0,3.0,9.0,2.0,
8928,517629,Topolovic Djordje,2556,7438,17.566666666666666,16.0,7.0,0.0,0.0,
8949,517630,A. Stanojevic,1066,1065,24.366666666666667,6.0,3.0,0.0,1.0,
8946,517630,B. Rush,1066,1065,31.466666666666665,26.0,3.0,3.0,3.0,
8961,517630,Baldwin Patrick,1065,1066,2.466666666666667,0.0,1.0,0.0,0.0,
8959,517630,Butler Jared,1065,1066,16.75,13.0,3.0,3.0,2.0,
8960,517630,Carter Tyson,1065,1066,22.083333333333332,7.0,1.0,2.0,1.0,
8954,517630,Davidovac Dejan,1065,1066,17.966666666666665,2.0,6.0,0.0,0.0,
8956,517630,Djurisic Nikola,1065,1066,8.933333333333334,6.0,1.0,0.0,0.0,
8950,517630,F. Rebraca,1066,1065,21.433333333333334,5.0,7.0,2.0,0.0,
8948,517630,Gasic Nikola,1066,1065,33.166666666666664,12.0,13.0,3.0,0.0,
8955,517630,Izundu Ebuka,1065,1066,17.35,9.0,2.0,0.0,0.0,
8947,517630,J. Neal,1066,1065,32.2,27.0,8.0,5.0,5.0,
8953,517630,Jones Chris,1065,1066,24.883333333333333,19.0,2.0,7.0,0.0,
8957,517630,Kramer David,1065,1066,19.5,7.0,6.0,1.0,0.0,
8945,517630,M. Belic,1066,1065,16.966666666666665,4.0,3.0,1.0,0.0,
8951,517630,M. Kovacevic,1066,1065,16.066666666666666,2.0,1.0,0.0,0.0,
8962,517630,Medarevic Vojin,1065,1066,18.3,6.0,2.0,3.0,0.0,
8958,517630,Miljenovic Stefan,1065,1066,11.383333333333333,2.0,0.0,0.0,0.0,
8964,517630,Moneke Chima,1065,1066,23.35,6.0,8.0,0.0,0.0,
8952,517630,N. Rebic,1066,1065,22.916666666666668,7.0,1.0,1.0,0.0,
8963,517630,Nwora Jordan,1065,1066,15.616666666666667,8.0,2.0,1.0,2.0,
8982,517631,A. Vrabac,2544,1670,24.583333333333332,10.0,2.0,1.0,2.0,
8984,517631,Atic Edin,2544,1670,18.8,7.0,3.0,1.0,0.0,
8981,517631,Browne Gary,2544,1670,17.816666666666666,7.0,4.0,3.0,0.0,
8971,517631,Cerovina Luka,1670,2544,11.116666666666667,3.0,2.0,1.0,1.0,
8979,517631,D. Gholston,2544,1670,27.883333333333333,10.0,3.0,2.0,1.0,
8975,517631,D. Talic,2544,1670,22.133333333333333,18.0,3.0,3.0,2.0,
8968,517631,Drobnjak Igor,1670,2544,20.616666666666667,11.0,3.0,2.0,1.0,
8972,517631,Gegic Amar,1670,2544,27.15,11.0,3.0,3.0,1.0,
8978,517631,Hawkins Ryan,2544,1670,15.366666666666667,3.0,3.0,0.0,1.0,
8965,517631,Ilic Dalibor,1670,2544,22.05,9.0,5.0,1.0,0.0,
8966,517631,Jeremic Marko,1670,2544,16.233333333333334,1.0,0.0,1.0,0.0,
8974,517631,Lazarevic Stefan,1670,2544,18.9,6.0,2.0,2.0,0.0,
8983,517631,M. Domask,2544,1670,10.633333333333333,6.0,2.0,0.0,0.0,
8970,517631,M. Tofoski,1670,2544,11.75,3.0,0.0,0.0,0.0,
8967,517631,Nikolic Danilo,1670,2544,28.1,14.0,4.0,1.0,2.0,
8973,517631,Omic Alen,1670,2544,17.333333333333332,4.0,4.0,0.0,0.0,
8980,517631,Perry Reginald,2544,1670,24.083333333333332,14.0,6.0,1.0,2.0,
8969,517631,Pipkins Jalon,1670,2544,25.683333333333334,15.0,1.0,0.0,1.0,
8976,517631,Popovic Nikola,2544,1670,15.533333333333333,9.0,1.0,2.0,0.0,
8977,517631,S. Pipes JR,2544,1670,22.1,9.0,1.0,4.0,1.0,
8996,517632,A. Jordano,840,420,28.65,8.0,1.0,1.0,2.0,
8994,517632,A. Mirceta,420,840,,0.0,0.0,0.0,0.0,
9000,517632,A. Uskokovic,840,420,24.483333333333334,2.0,2.0,10.0,0.0,
8997,517632,A. Wesson,840,420,31.233333333333334,9.0,5.0,0.0,3.0,
9007,517632,Andusic Filip,840,420,14.066666666666666,6.0,5.0,0.0,0.0,
8988,517632,Dreznjak Dario,420,840,18.133333333333333,5.0,2.0,1.0,1.0,
9002,517632,I. Radovic,840,420,,0.0,0.0,0.0,0.0,
8999,517632,J. Davis,840,420,28.95,14.0,5.0,1.0,1.0,
8990,517632,Klarica Krsevan,420,840,16.166666666666668,10.0,2.0,1.0,2.0,
8995,517632,L. Bicic,420,840,,0.0,1.0,0.0,0.0,
9001,517632,L. Rakocevic,840,420,,0.0,0.0,0.0,0.0,
8991,517632,M. Ogden,420,840,12.983333333333333,6.0,2.0,1.0,0.0,
8998,517632,M. Pavicevic,840,420,18.833333333333332,15.0,3.0,1.0,0.0,
8985,517632,Mihailovic Vladimir,420,840,24.766666666666666,15.0,3.0,4.0,4.0,
9006,517632,N. Pavlicevic,840,420,15.083333333333334,2.0,4.0,2.0,0.0,
9004,517632,N. Saranovic,840,420,15.85,0.0,4.0,1.0,0.0,
8986,517632,N. Sare,420,840,24.75,7.0,3.0,4.0,0.0,
9005,517632,Penn Jarred,840,420,9.816666666666666,3.0,1.0,0.0,1.0,
9003,517632,Radosic Ognjen,840,420,4.35,3.0,1.0,0.0,0.0,
8989,517632,Ramljak Marko,420,840,24.983333333333334,5.0,3.0,1.0,1.0,
8987,517632,Vranes Ivan,420,840,26.183333333333334,14.0,11.0,3.0,0.0,
8992,517632,Vucic Ivan,420,840,21.016666666666666,3.0,2.0,1.0,0.0,
8993,517632,Williams Ross,420,840,24.883333333333333,14.0,2.0,3.0,2.0,
9024,517633,A. Lucic,3161,1068,15.783333333333333,9.0,2.0,1.0,0.0,
9025,517633,A. Musicki,3161,1068,6.316666666666666,0.0,0.0,1.0,0.0,
9026,517633,A. Vojinovic,3161,1068,9.95,5.0,5.0,0.0,1.0,
9013,517633,Allman Kyle,1068,3161,9.45,4.0,4.0,0.0,0.0,
9020,517633,Boskovic Mihailo,3161,1068,14.983333333333333,0.0,2.0,0.0,0.0,
9009,517633,E. Thompson,1068,3161,17.116666666666667,9.0,5.0,0.0,2.0,
9015,517633,Hayes Kevarrius,1068,3161,7.6,4.0,5.0,1.0,0.0,
9017,517633,Jekiri Tonye,1068,3161,0.43333333333333335,0.0,0.0,0.0,0.0,
9008,517633,Jones Carlik,1068,3161,10.666666666666666,2.0,0.0,3.0,0.0,
9021,517633,L. Maniema,3161,1068,17.083333333333332,4.0,0.0,1.0,0.0,
9027,517633,L. Paunov,3161,1068,14.1,2.0,5.0,0.0,0.0,
9016,517633,Lakic Arijan,1068,3161,5.716666666666667,0.0,0.0,2.0,0.0,
9012,517633,Lauvergne Joffrey,1068,3161,14.516666666666667,6.0,3.0,2.0,0.0,
9010,517633,Nakic Mario,1068,3161,10.383333333333333,3.0,2.0,1.0,1.0,
9023,517633,O. Srzentic,3161,1068,12.15,2.0,1.0,0.0,0.0,
9022,517633,P. Backo,3161,1068,15.116666666666667,7.0,1.0,0.0,1.0,
9018,517633,Pajola Alessandro,1068,3161,6.516666666666667,0.0,0.0,1.0,0.0,
9019,517633,Sy Bandja,1068,3161,11.316666666666666,5.0,1.0,0.0,1.0,
9011,517633,Tanaskovic Nikola,1068,3161,9.616666666666667,6.0,3.0,0.0,0.0,
9028,517633,U. Suput,3161,1068,5.016666666666667,4.0,1.0,0.0,0.0,
9014,517633,Vildoza Luca,1068,3161,7.2,5.0,0.0,0.0,1.0,
9039,517634,Bacon Dwayne,6496,1684,9.683333333333334,5.0,1.0,1.0,1.0,
9047,517634,Blossomgame Jaron,6496,1684,10.0,3.0,4.0,0.0,1.0,
9035,517634,C. Hargrove,1684,6496,18.833333333333332,7.0,4.0,0.0,0.0,
9036,517634,Cibej Matej,1684,6496,16.1,0.0,4.0,3.0,0.0,
9040,517634,D. Mintz,6496,1684,22.75,20.0,3.0,0.0,5.0,
9050,517634,Dangubic Nemanja,6496,1684,29.95,3.0,1.0,1.0,0.0,
9041,517634,Diakite Mamadi,6496,1684,14.383333333333333,6.0,5.0,0.0,2.0,
9030,517634,E. Muric,1684,6496,23.25,15.0,5.0,0.0,3.0,
9031,517634,H. Dean,1684,6496,20.8,2.0,3.0,0.0,0.0,
9037,517634,J. Jones,1684,6496,17.166666666666668,6.0,0.0,2.0,0.0,
9049,517634,Kamenjas Kenan,6496,1684,14.983333333333333,11.0,8.0,1.0,0.0,
9045,517634,Kondic Kosta,6496,1684,17.783333333333335,10.0,1.0,2.0,0.0,
9033,517634,L. Boisa,1684,6496,19.65,9.0,0.0,1.0,1.0,
9038,517634,L. Faganel,1684,6496,11.783333333333333,0.0,2.0,1.0,0.0,
9046,517634,Okobo Elie,6496,1684,10.0,8.0,1.0,2.0,2.0,
9048,517634,Petrusev Filip,6496,1684,19.95,5.0,2.0,1.0,1.0,
9044,517634,Prepelic Klemen,6496,1684,6.883333333333333,3.0,0.0,0.0,1.0,
9029,517634,S. Todorovic,1684,6496,24.216666666666665,8.0,3.0,1.0,0.0,
9032,517634,Shelton Cameron,1684,6496,23.533333333333335,9.0,4.0,3.0,0.0,
9042,517634,Shengelia Tornike,6496,1684,19.95,11.0,2.0,4.0,0.0,
9034,517634,V. Hrabar,1684,6496,22.833333333333332,11.0,3.0,0.0,1.0,
9043,517634,Walkup Thomas,6496,1684,21.85,0.0,0.0,6.0,0.0,
9055,517795,A. Blidaru,972,976,15.483333333333333,6.0,1.0,0.0,0.0,
9057,517795,A. Puitt,972,976,20.3,10.0,1.0,0.0,0.0,
9053,517795,B. Popa,972,976,18.633333333333333,2.0,5.0,0.0,0.0,
9052,517795,D. Morsell,972,976,35.93333333333333,28.0,8.0,1.0,1.0,
9062,517795,F. Traore,976,972,37.03333333333333,26.0,15.0,2.0,0.0,
9061,517795,Fintina David,976,972,17.516666666666666,3.0,0.0,2.0,1.0,
9063,517795,I. Adnan,976,972,17.2,7.0,3.0,1.0,0.0,
9051,517795,J. Price,972,976,25.683333333333334,13.0,9.0,2.0,0.0,
9054,517795,Kantonen Henri,972,976,21.066666666666666,6.0,1.0,1.0,2.0,
9066,517795,L. Ciurea,976,972,3.183333333333333,2.0,0.0,0.0,0.0,
9058,517795,M. Ciotlaus,972,976,19.8,0.0,4.0,1.0,0.0,
9060,517795,M. Randolph,976,972,36.666666666666664,0.0,0.0,0.0,0.0,
9056,517795,M. Toppin,972,976,14.316666666666666,3.0,3.0,0.0,1.0,
9064,517795,Petica Andrei,976,972,19.916666666666668,2.0,2.0,0.0,0.0,
9059,517795,Pratt Monyea,976,972,37.5,5.0,8.0,8.0,1.0,
9065,517795,Roschnafsky Eduard,976,972,2.966666666666667,0.0,0.0,0.0,0.0,
9071,517796,A. Crump,980,975,22.1,12.0,2.0,2.0,0.0,
9086,517796,A. Topai,975,980,7.583333333333333,0.0,0.0,0.0,0.0,
9082,517796,Akin Daniel,975,980,26.133333333333333,18.0,11.0,1.0,0.0,
9070,517796,Andries Alin,980,975,23.166666666666668,5.0,2.0,2.0,1.0,
9075,517796,D. Axinte,980,975,21.516666666666666,7.0,1.0,5.0,1.0,
9069,517796,Dorneanu Matei Alexandru,980,975,13.55,6.0,1.0,2.0,2.0,
9072,517796,F. Major,980,975,10.866666666666667,2.0,0.0,1.0,0.0,
9084,517796,Fometescu Tudor,975,980,16.2,8.0,2.0,0.0,0.0,
9068,517796,G. Sanders,980,975,17.9,14.0,5.0,2.0,0.0,
9081,517796,Hume Bodie,975,980,23.116666666666667,12.0,4.0,1.0,3.0,
9083,517796,J. Jefferson,975,980,18.383333333333333,13.0,2.0,2.0,3.0,
9088,517796,K. Schmidt,975,980,1.45,2.0,0.0,0.0,0.0,
9067,517796,L. Carstea,980,975,13.9,5.0,1.0,0.0,1.0,
9077,517796,M. Sorodoc,980,975,3.1666666666666665,0.0,0.0,1.0,0.0,
9087,517796,Nastrut Luca,975,980,16.233333333333334,4.0,0.0,1.0,0.0,
9080,517796,Nichols David Christopher,975,980,22.966666666666665,12.0,4.0,4.0,0.0,
9079,517796,Osborne Malik,975,980,21.816666666666666,9.0,8.0,3.0,1.0,
9074,517796,Paduraru Iannis,980,975,22.566666666666666,4.0,2.0,0.0,0.0,
9085,517796,Q. Guerrier,975,980,12.616666666666667,9.0,3.0,0.0,0.0,
9076,517796,R. Muresan,980,975,11.266666666666667,10.0,3.0,3.0,2.0,
9078,517796,Richard Kristopher,975,980,15.516666666666667,0.0,2.0,2.0,0.0,
9073,517796,W. Peterson,980,975,19.033333333333335,2.0,2.0,0.0,0.0,
9109,517797,A. Borcan,978,1651,2.3,0.0,0.0,0.0,0.0,
9107,517797,A. Roberts,978,1651,21.833333333333332,22.0,3.0,0.0,3.0,
9102,517797,D. Burns,978,1651,25.0,6.0,3.0,3.0,0.0,
9105,517797,D. Iordachescu,978,1651,1.4,0.0,0.0,0.0,0.0,
9101,517797,D. Marks,978,1651,20.8,13.0,5.0,4.0,3.0,
9089,517797,D. Painter,1651,978,14.783333333333333,2.0,5.0,0.0,0.0,
9108,517797,Drame Ousmane,978,1651,24.116666666666667,13.0,6.0,1.0,0.0,
9094,517797,Gheorghe Tudor,1651,978,14.083333333333334,6.0,1.0,4.0,2.0,
9106,517797,Grasu Stefan,978,1651,16.066666666666666,10.0,1.0,0.0,2.0,
9096,517797,Jevtovic Nikola,1651,978,25.216666666666665,13.0,5.0,1.0,0.0,
9104,517797,Kuti Nandor,978,1651,27.7,6.0,7.0,4.0,0.0,
9095,517797,L. Colceag,1651,978,12.25,0.0,2.0,1.0,0.0,
9091,517797,Maciuca Mihai,1651,978,22.566666666666666,5.0,1.0,0.0,1.0,
9097,517797,P. Reljic,1651,978,18.95,9.0,2.0,2.0,0.0,
9092,517797,R. Beran,1651,978,28.083333333333332,7.0,4.0,1.0,1.0,
9103,517797,R. Mandisodza,978,1651,11.783333333333333,0.0,0.0,1.0,0.0,
9099,517797,R. Novitskyi,978,1651,10.9,2.0,2.0,0.0,0.0,
9100,517797,R. Virna,978,1651,11.466666666666667,4.0,5.0,2.0,1.0,
9093,517797,S. Thrastarson,1651,978,32.11666666666667,15.0,4.0,4.0,0.0,
9098,517797,Stark Jonathan,978,1651,26.633333333333333,11.0,4.0,8.0,2.0,
9090,517797,W. Washpun,1651,978,31.95,5.0,5.0,4.0,0.0,
9115,517798,Baciu Catalin,971,1648,19.166666666666668,11.0,3.0,2.0,0.0,
9119,517798,Borsa Ioan,1648,971,15.016666666666667,2.0,5.0,0.0,0.0,
9121,517798,C. Cooper,1648,971,34.45,12.0,2.0,2.0,2.0,
9122,517798,D. Ejah,1648,971,36.13333333333333,20.0,7.0,2.0,2.0,
9127,517798,D. Keeler,1648,971,7.15,3.0,1.0,1.0,0.0,
9123,517798,E. Miller,1648,971,35.21666666666667,19.0,5.0,8.0,1.0,
9114,517798,Flatten Skyler,971,1648,35.05,14.0,5.0,2.0,0.0,
9111,517798,Jovanovic Strahinja,971,1648,35.7,14.0,3.0,7.0,0.0,
9116,517798,K. Smith,971,1648,14.683333333333334,6.0,1.0,1.0,2.0,
9126,517798,M. Carcoana,1648,971,18.816666666666666,8.0,7.0,0.0,0.0,
9125,517798,Martinic Goran,1648,971,4.783333333333333,0.0,3.0,0.0,0.0,
9113,517798,N. Sikiras,971,1648,14.533333333333333,6.0,7.0,1.0,0.0,
9120,517798,Osborne Isiah,1648,971,34.016666666666666,14.0,5.0,1.0,2.0,
9110,517798,R. Schipor,971,1648,25.383333333333333,5.0,3.0,1.0,1.0,
9117,517798,R. Stan,971,1648,6.3,0.0,2.0,0.0,0.0,
9118,517798,T. Hankerson,971,1648,23.866666666666667,6.0,5.0,0.0,2.0,
9124,517798,V. Corpodean,1648,971,14.416666666666666,0.0,7.0,0.0,0.0,
9112,517798,W. Cabral,971,1648,25.316666666666666,10.0,4.0,2.0,0.0,
9135,517799,A. Casale,6098,970,6.25,6.0,1.0,0.0,0.0,
9144,517799,A. M. Stan,970,6098,24.483333333333334,8.0,3.0,1.0,0.0,
9137,517799,A. Zetos,970,6098,8.65,2.0,1.0,0.0,0.0,
9138,517799,C. Robinson,970,6098,36.766666666666666,17.0,5.0,0.0,5.0,
9145,517799,C. Washington,970,6098,31.083333333333332,21.0,4.0,0.0,5.0,
9134,517799,Coffey Christopher,6098,970,21.75,15.0,5.0,1.0,3.0,
9129,517799,D. Ivory,6098,970,35.1,21.0,7.0,3.0,1.0,
9140,517799,D. Odom,970,6098,34.03333333333333,11.0,7.0,8.0,1.0,
9142,517799,Gheorghe Andrei,970,6098,1.0666666666666667,0.0,0.0,0.0,0.0,
9136,517799,Gordon Wesley,6098,970,30.85,10.0,6.0,1.0,0.0,
9146,517799,I. Berceanu,970,6098,7.966666666666667,4.0,2.0,0.0,0.0,
9130,517799,J. Roberson,6098,970,17.133333333333333,4.0,0.0,1.0,0.0,
9141,517799,K. Filewich,970,6098,37.03333333333333,14.0,12.0,5.0,0.0,
9131,517799,M. Thomas,6098,970,26.783333333333335,4.0,4.0,1.0,1.0,
9139,517799,M. Thomas,970,6098,35.68333333333333,9.0,4.0,4.0,1.0,
9128,517799,S. Chambers,6098,970,38.21666666666667,22.0,7.0,5.0,2.0,
9143,517799,S. Ionescu,970,6098,8.233333333333333,4.0,2.0,0.0,0.0,
9133,517799,Tohatan Lucas Dan,6098,970,35.9,7.0,3.0,3.0,1.0,
9132,517799,Uta Rares,6098,970,13.0,8.0,5.0,0.0,0.0,
9159,517800,A. Calenic,4007,983,14.0,5.0,3.0,0.0,1.0,
9163,517800,Cotoara George-Cristian,4007,983,14.2,2.0,4.0,0.0,0.0,
9164,517800,D. Fometescu,4007,983,10.266666666666667,3.0,3.0,0.0,0.0,
9162,517800,D. Rasoga,4007,983,22.633333333333333,19.0,1.0,0.0,0.0,
9148,517800,D. Rosser,983,4007,26.366666666666667,10.0,2.0,3.0,0.0,
9156,517800,Durmo Ibrahim,983,4007,26.316666666666666,8.0,5.0,2.0,0.0,
9154,517800,E. Petrescu,983,4007,5.75,1.0,1.0,0.0,0.0,
9161,517800,F. Skobalj,4007,983,28.916666666666668,3.0,7.0,2.0,1.0,
9166,517800,G. C. Angelian,4007,983,21.316666666666666,3.0,4.0,1.0,0.0,
9165,517800,G. Mihalache,4007,983,6.35,2.0,0.0,0.0,0.0,
9150,517800,Girbea Tudor,983,4007,12.1,3.0,0.0,2.0,1.0,
9155,517800,Justice Kodi,983,4007,18.333333333333332,17.0,1.0,3.0,4.0,
9147,517800,M. Azor,983,4007,22.766666666666666,23.0,3.0,2.0,3.0,
9157,517800,M. Hayman,4007,983,26.416666666666668,18.0,3.0,6.0,2.0,
9158,517800,M. Smith,4007,983,30.1,9.0,3.0,3.0,0.0,
9153,517800,Miseailo Mihail,983,4007,6.783333333333333,0.0,1.0,1.0,0.0,
9160,517800,N. Lynch,4007,983,25.8,20.0,4.0,1.0,0.0,
9152,517800,S. Herea,983,4007,2.45,2.0,0.0,0.0,0.0,
9151,517800,Somacescu Tudor,983,4007,23.133333333333333,12.0,1.0,4.0,2.0,
9149,517800,Sullivan Lewis,983,4007,21.833333333333332,14.0,6.0,1.0,0.0,
9174,517801,A. Applewhite,6097,981,19.783333333333335,12.0,3.0,0.0,1.0,
9180,517801,B. Tibirna,981,6097,9.1,8.0,1.0,2.0,1.0,
9182,517801,C. Muresan,981,6097,10.333333333333334,2.0,2.0,0.0,0.0,
9170,517801,D. Adelekun,6097,981,23.183333333333334,13.0,6.0,2.0,0.0,
9169,517801,D. Antonescu,6097,981,15.8,3.0,1.0,0.0,1.0,
9181,517801,D. Davis,981,6097,26.766666666666666,14.0,8.0,4.0,0.0,
9183,517801,Dishman DeAndre,981,6097,18.233333333333334,8.0,5.0,2.0,0.0,
9172,517801,Gribinic Stefan,6097,981,8.433333333333334,0.0,0.0,0.0,0.0,
9185,517801,J. Gordon,981,6097,22.05,7.0,5.0,3.0,2.0,
9178,517801,J. O. Beaubrun,981,6097,24.316666666666666,24.0,8.0,1.0,2.0,
9179,517801,K. Lilly,981,6097,30.466666666666665,7.0,1.0,6.0,0.0,
9175,517801,Lazar Mario,6097,981,14.633333333333333,0.0,3.0,1.0,0.0,
9167,517801,M. Okauru,6097,981,29.083333333333332,25.0,4.0,1.0,6.0,
9176,517801,M. Popa,6097,981,13.616666666666667,6.0,1.0,5.0,0.0,
9177,517801,Nistor Vlad,981,6097,28.466666666666665,20.0,0.0,8.0,3.0,
9184,517801,R. Polite,981,6097,20.783333333333335,23.0,5.0,4.0,4.0,
9171,517801,S. Curtis,6097,981,29.216666666666665,27.0,0.0,4.0,5.0,
9168,517801,S. Hunter,6097,981,24.666666666666668,0.0,2.0,2.0,0.0,
9173,517801,Z. McLean,6097,981,21.583333333333332,12.0,5.0,5.0,1.0,
9200,518171,A. Fall,18,100,5.3,0.0,0.0,1.0,0.0,
9205,518171,A. Towo-Nansi,18,100,18.933333333333334,7.0,2.0,3.0,1.0,
9187,518171,Amini Mohammad,100,18,31.05,13.0,3.0,2.0,1.0,
9194,518171,B. Bidias,100,18,22.233333333333334,7.0,5.0,1.0,0.0,
9191,518171,C. Marshall,100,18,23.4,8.0,3.0,6.0,2.0,
9193,518171,D. Ntsantso,100,18,3.6166666666666667,0.0,1.0,0.0,0.0,
9202,518171,Diawara Digue,18,100,20.533333333333335,7.0,2.0,2.0,1.0,
9189,518171,Gombauld Stephane,100,18,24.016666666666666,13.0,5.0,2.0,0.0,
9192,518171,Goudou-Sinha Enzo,100,18,23.583333333333332,9.0,2.0,1.0,2.0,
9196,518171,Halilovic Miralem,18,100,22.216666666666665,11.0,5.0,1.0,0.0,
9186,518171,Hammond Marcus,100,18,19.883333333333333,10.0,3.0,1.0,1.0,
9190,518171,I. Cozart,100,18,27.783333333333335,6.0,2.0,3.0,0.0,
9188,518171,K. Marsillon-Noleo,100,18,24.433333333333334,10.0,7.0,2.0,1.0,
9203,518171,L. Kidd,18,100,17.783333333333335,13.0,5.0,0.0,0.0,
9195,518171,M. Cazalon,18,100,21.266666666666666,10.0,4.0,2.0,1.0,
9199,518171,M. Diarra,18,100,23.383333333333333,10.0,9.0,1.0,1.0,
9201,518171,N. Locke,18,100,22.566666666666666,11.0,3.0,0.0,1.0,
9204,518171,S. Raharimanantoanina,18,100,16.616666666666667,3.0,0.0,1.0,1.0,
9197,518171,T. Snell,18,100,10.266666666666667,3.0,3.0,3.0,1.0,
9198,518171,West Jarrod,18,100,21.133333333333333,10.0,2.0,4.0,2.0,
9220,518172,A. Estrada,22,25,43.1,19.0,3.0,1.0,4.0,
9206,518172,A. N'Doye,25,22,26.05,11.0,5.0,5.0,1.0,
9207,518172,B. Gregg,25,22,20.266666666666666,7.0,4.0,0.0,1.0,
9217,518172,Beverley Patrick,22,25,24.866666666666667,9.0,2.0,5.0,2.0,
9221,518172,C. Eliezer-Vanerot,22,25,22.833333333333332,6.0,3.0,1.0,1.0,
9223,518172,E. Miyem,22,25,42.083333333333336,12.0,9.0,0.0,1.0,
9222,518172,Eito Antoine,22,25,42.733333333333334,6.0,2.0,5.0,2.0,
9209,518172,Hands Jaylen,25,22,48.35,18.0,5.0,5.0,1.0,
9208,518172,J. McKoy,25,22,52.016666666666666,5.0,3.0,3.0,0.0,
9216,518172,J. Uduje,22,25,18.3,10.0,2.0,0.0,1.0,
9212,518172,M. Lemoine,25,22,40.88333333333333,17.0,4.0,1.0,3.0,
9214,518172,N. Difuidi,25,22,44.38333333333333,13.0,6.0,2.0,3.0,
9215,518172,O. Anochili-Killen,22,25,13.433333333333334,4.0,4.0,0.0,0.0,
9218,518172,Omenaka Godwin,22,25,14.483333333333333,3.0,4.0,1.0,0.0,
9213,518172,Pfister William,25,22,38.78333333333333,1.0,1.0,0.0,0.0,
9210,518172,S. Alajiki,25,22,18.116666666666667,4.0,3.0,0.0,0.0,
9224,518172,Shumate Jay,22,25,36.31666666666667,3.0,0.0,0.0,1.0,
9211,518172,T. Chenery,25,22,11.15,11.0,2.0,0.0,3.0,
9219,518172,Ville Thomas,22,25,41.85,3.0,2.0,0.0,1.0,
9243,518173,A. Gavrilovic,106,27,17.366666666666667,4.0,4.0,0.0,0.0,
9226,518173,Albicy Andrew,27,106,26.733333333333334,6.0,1.0,4.0,2.0,
9225,518173,D. Horne,27,106,17.2,5.0,2.0,2.0,1.0,
9229,518173,G. Ware,27,106,24.1,16.0,6.0,0.0,0.0,
9232,518173,Guisse Mamadou,27,106,15.616666666666667,11.0,5.0,0.0,0.0,
9227,518173,Invernizzi Hugo,27,106,30.416666666666668,21.0,9.0,6.0,3.0,
9239,518173,J. Dally,106,27,23.633333333333333,6.0,2.0,2.0,0.0,
9241,518173,K. Anderson,106,27,19.9,20.0,0.0,0.0,6.0,
9237,518173,Krubally Ousman,106,27,32.916666666666664,10.0,6.0,2.0,0.0,
9231,518173,Labeyrie Louis,27,106,19.366666666666667,13.0,4.0,1.0,1.0,
9228,518173,Lang Nicolas,27,106,30.5,8.0,7.0,6.0,1.0,
9235,518173,M. Cleveland,106,27,30.65,16.0,7.0,1.0,1.0,
9236,518173,Neal Erick,106,27,28.616666666666667,6.0,6.0,11.0,0.0,
9238,518173,P. Rigot,106,27,16.8,9.0,7.0,0.0,2.0,
9240,518173,S. Munanga,106,27,7.316666666666666,0.0,2.0,2.0,0.0,
9233,518173,Stergar Leon,27,106,19.016666666666666,5.0,1.0,4.0,1.0,
9242,518173,T. Kinsey,106,27,22.8,4.0,2.0,2.0,0.0,
9230,518173,Webster Tai,27,106,15.983333333333333,7.0,3.0,1.0,1.0,
9234,518173,Y. Masdieu Reynaert,27,106,1.0666666666666667,0.0,0.0,0.0,0.0,
9245,518174,B. Middlebrooks,3007,10,22.416666666666668,6.0,3.0,2.0,0.0,
9254,518174,Bibbins Justin,10,3007,26.716666666666665,18.0,2.0,10.0,2.0,
9253,518174,Briggs Justin,3007,10,13.833333333333334,2.0,3.0,2.0,0.0,
9248,518174,Cornely Thomas,3007,10,23.533333333333335,5.0,1.0,5.0,0.0,
9259,518174,E. Dadeke,10,3007,2.1166666666666667,0.0,0.0,0.0,0.0,
9257,518174,E. Ndjock,10,3007,22.7,21.0,1.0,0.0,5.0,
9246,518174,Flowers Michael,3007,10,28.383333333333333,10.0,6.0,2.0,0.0,
9251,518174,G. Noel,3007,10,14.883333333333333,8.0,1.0,1.0,1.0,
9256,518174,Hermet Kregor,10,3007,22.783333333333335,8.0,5.0,4.0,1.0,
9249,518174,J. Gary,3007,10,11.333333333333334,6.0,1.0,0.0,0.0,
9247,518174,J. Maughmer,3007,10,25.416666666666668,9.0,2.0,1.0,3.0,
9244,518174,J. Mballa,3007,10,28.383333333333333,12.0,5.0,1.0,1.0,
9262,518174,K. Taylor,10,3007,26.366666666666667,5.0,2.0,3.0,1.0,
9255,518174,Melson Silas,10,3007,27.283333333333335,3.0,1.0,4.0,1.0,
9250,518174,Milanese Fabio,3007,10,16.7,1.0,5.0,3.0,0.0,
9263,518174,Narace Williams,10,3007,20.683333333333334,3.0,13.0,1.0,0.0,
9252,518174,Pinault Bastien,3007,10,15.116666666666667,2.0,2.0,2.0,0.0,
9261,518174,Q. Losser,10,3007,17.916666666666668,12.0,7.0,1.0,0.0,
9260,518174,T. Audry,10,3007,14.816666666666666,11.0,0.0,0.0,1.0,
9258,518174,Thompson Shevon,10,3007,18.616666666666667,8.0,9.0,0.0,0.0,
9284,518175,C. Ponsar,20,24,20.0,4.0,4.0,0.0,0.0,
9283,518175,D. Dunn,20,24,23.85,11.0,1.0,0.0,0.0,
9266,518175,Gaudoux Lionel,24,20,23.283333333333335,10.0,8.0,0.0,0.0,
9282,518175,Golden Grant,20,24,23.266666666666666,16.0,5.0,1.0,0.0,
9281,518175,Grandison Jacob,20,24,12.183333333333334,2.0,2.0,0.0,0.0,
9276,518175,J. Hill,20,24,26.066666666666666,12.0,2.0,1.0,0.0,
9279,518175,J. Horne,20,24,9.916666666666666,0.0,1.0,0.0,0.0,
9264,518175,Jordan Keith Jr.,24,20,23.066666666666666,5.0,0.0,1.0,0.0,
9272,518175,K. Shedrick,24,20,10.583333333333334,8.0,3.0,1.0,0.0,
9273,518175,Labanca Antony,24,20,18.116666666666667,1.0,1.0,1.0,0.0,
9277,518175,Leray Matheo,20,24,26.816666666666666,15.0,5.0,8.0,0.0,
9274,518175,M. Selebangue,24,20,0.26666666666666666,0.0,0.0,0.0,0.0,
9269,518175,Moulare Assemian,24,20,23.65,14.0,0.0,3.0,2.0,
9275,518175,N. Kouakou-Heugue,20,24,17.1,6.0,0.0,0.0,0.0,
9271,518175,N. Soliman,24,20,22.1,15.0,5.0,3.0,2.0,
9280,518175,Nadolny Clarence,20,24,16.083333333333332,6.0,5.0,2.0,0.0,
9270,518175,Nelson Adrian,24,20,18.1,7.0,8.0,0.0,0.0,
9267,518175,T. Samuel,24,20,20.083333333333332,10.0,5.0,1.0,0.0,
9265,518175,T. Walker,24,20,9.25,7.0,1.0,2.0,1.0,
9278,518175,Uguak Aher,20,24,24.716666666666665,5.0,2.0,0.0,1.0,
9268,518175,Woodbury Trey,24,20,21.333333333333332,12.0,2.0,1.0,2.0,
9289,518176,A. Dawkins,17,26,18.933333333333334,2.0,2.0,0.0,0.0,
9297,518176,Besson Hugo,26,17,23.95,8.0,2.0,7.0,0.0,
9301,518176,Bolomboy Joel,26,17,23.966666666666665,7.0,8.0,2.0,0.0,
9299,518176,Cale Myles,26,17,11.95,4.0,2.0,0.0,0.0,
9296,518176,Gach Both,26,17,16.583333333333332,0.0,2.0,0.0,0.0,
9285,518176,Hopkins Mikael,17,26,23.883333333333333,8.0,7.0,1.0,0.0,
9287,518176,J. Gilyard,17,26,37.61666666666667,15.0,2.0,5.0,1.0,
9290,518176,J. Trefle,17,26,25.766666666666666,10.0,5.0,1.0,0.0,
9300,518176,Jackson Edwin,26,17,18.666666666666668,0.0,4.0,3.0,0.0,
9288,518176,L. Letailleur,17,26,24.9,6.0,2.0,1.0,0.0,
9286,518176,Lewis Jaren,17,26,30.35,14.0,9.0,1.0,1.0,
9302,518176,Lighty David,26,17,6.766666666666667,2.0,0.0,0.0,0.0,
9292,518176,M. Boune,17,26,,0.0,0.0,0.0,0.0,
9294,518176,M. O. Dada Fodzo,26,17,22.35,12.0,7.0,3.0,1.0,
9295,518176,Massa Bodian,26,17,16.716666666666665,6.0,5.0,0.0,0.0,
9293,518176,Nembhard Jr. RJ,17,26,21.8,6.0,2.0,2.0,0.0,
9303,518176,Pons Yves,26,17,13.516666666666667,5.0,1.0,0.0,1.0,
9291,518176,S. Bracq,17,26,16.75,4.0,1.0,4.0,1.0,
9298,518176,Sestina Nate,26,17,25.8,12.0,2.0,0.0,2.0,
9304,518176,Waters Tremont,26,17,19.733333333333334,14.0,2.0,4.0,1.0,
9306,518177,Ajinca Melvin,23,108,27.05,20.0,4.0,0.0,4.0,
9321,518177,Ayayi Joel,108,23,7.966666666666667,6.0,2.0,1.0,0.0,
9311,518177,B. Grasshoff,23,108,20.1,11.0,2.0,0.0,2.0,
9305,518177,C. Stewart,23,108,27.233333333333334,29.0,1.0,2.0,5.0,
9324,518177,Cavaliere Leopold,108,23,24.333333333333332,2.0,3.0,0.0,0.0,
9319,518177,D. Hommes,108,23,16.416666666666668,7.0,1.0,0.0,1.0,
9307,518177,Delaunay Leopold,23,108,19.9,5.0,0.0,7.0,0.0,
9318,518177,Dokossi Allan,108,23,21.7,9.0,7.0,2.0,0.0,
9313,518177,Dufeal Lucas,23,108,17.416666666666668,4.0,4.0,0.0,0.0,
9317,518177,Herrera Sebastian,108,23,20.016666666666666,8.0,0.0,1.0,2.0,
9325,518177,J. Maozinha,108,23,6.883333333333333,0.0,0.0,0.0,0.0,
9323,518177,Johnson Alize,108,23,14.0,6.0,8.0,1.0,0.0,
9312,518177,Jordan James,23,108,12.766666666666667,6.0,0.0,2.0,2.0,
9309,518177,M. Wood,23,108,29.566666666666666,13.0,4.0,2.0,3.0,
9315,518177,N. Hifi,108,23,26.45,33.0,4.0,9.0,3.0,
9322,518177,Ntilikina Frank,108,23,17.35,0.0,3.0,1.0,0.0,
9314,518177,S. Penda,23,108,10.433333333333334,4.0,3.0,1.0,0.0,
9320,518177,T. Etienne,108,23,22.816666666666666,23.0,2.0,2.0,6.0,
9316,518177,Tarpey Terry,108,23,22.066666666666666,9.0,10.0,3.0,1.0,
9310,518177,U. Doumbia,23,108,12.95,3.0,0.0,1.0,0.0,
9308,518177,Yeguete Wilfried,23,108,22.583333333333332,6.0,8.0,4.0,0.0,
9327,518410,A. Sy,3681,3668,21.45,5.0,1.0,0.0,0.0,
9337,518410,C. Davies,3681,3668,19.433333333333334,9.0,1.0,0.0,1.0,
9333,518410,C. More,3681,3668,24.116666666666667,11.0,2.0,2.0,1.0,
9339,518410,C. Ribaucourt,3668,3681,26.233333333333334,8.0,2.0,4.0,0.0,
9338,518410,E. Dadeke,3668,3681,19.066666666666666,18.0,1.0,4.0,2.0,
9336,518410,E. Gorvien,3681,3668,9.483333333333333,2.0,4.0,0.0,0.0,
9344,518410,E. Hottelard,3668,3681,19.15,11.0,5.0,0.0,0.0,
9329,518410,H. Engoute,3681,3668,19.116666666666667,5.0,5.0,0.0,0.0,
9332,518410,I. Niang,3681,3668,8.266666666666667,0.0,1.0,0.0,0.0,
9346,518410,J. Monroc-Omiscar,3668,3681,21.266666666666666,0.0,4.0,4.0,0.0,
9341,518410,K. C. Zamatta,3668,3681,25.883333333333333,25.0,9.0,1.0,1.0,
9326,518410,L. Imbert,3681,3668,24.5,11.0,1.0,1.0,1.0,
9342,518410,L. Meite,3668,3681,20.266666666666666,5.0,5.0,1.0,0.0,
9347,518410,L. Navilys,3668,3681,14.7,5.0,0.0,3.0,0.0,
9343,518410,N. Fontfreyde,3668,3681,16.533333333333335,8.0,0.0,0.0,1.0,
9335,518410,R. Civale,3681,3668,14.55,0.0,0.0,0.0,0.0,
9331,518410,S. Camara,3681,3668,8.7,0.0,2.0,2.0,0.0,
9334,518410,S. Delsarte,3681,3668,12.016666666666667,6.0,2.0,1.0,2.0,
9330,518410,S. Israel,3681,3668,22.1,3.0,4.0,0.0,1.0,
9345,518410,T. Hebequet,3668,3681,15.8,2.0,5.0,0.0,0.0,
9340,518410,V. Mignard,3668,3681,21.1,12.0,4.0,0.0,0.0,
9328,518410,Y. Marcillac-Lacroix,3681,3668,16.266666666666666,4.0,5.0,1.0,0.0,
9365,518411,A. Diallo,6037,3675,9.966666666666667,4.0,3.0,1.0,0.0,
9361,518411,A. Francois,6037,3675,21.033333333333335,3.0,0.0,4.0,0.0,
9368,518411,B. Dupuy,6037,3675,7.466666666666667,0.0,1.0,0.0,0.0,
9349,518411,C. Dubos,3675,6037,14.283333333333333,12.0,5.0,0.0,0.0,
9367,518411,C. Kracher,6037,3675,17.8,0.0,5.0,2.0,0.0,
9359,518411,D. Azema,6037,3675,33.833333333333336,20.0,4.0,1.0,0.0,
9350,518411,D. J. Gnaba Galle,3675,6037,29.616666666666667,12.0,3.0,2.0,0.0,
9355,518411,G. Godet Moczulski,3675,6037,20.1,14.0,5.0,1.0,2.0,
9357,518411,I. Sylla,3675,6037,20.783333333333335,10.0,6.0,1.0,1.0,
9358,518411,J. Simeon,3675,6037,15.216666666666667,2.0,3.0,2.0,0.0,
9356,518411,L. Akotcholo,3675,6037,0.75,0.0,0.0,0.0,0.0,
9354,518411,L. Hourne Raubert,3675,6037,15.75,12.0,1.0,2.0,2.0,
9353,518411,N. Doumaye,3675,6037,18.383333333333333,2.0,1.0,4.0,0.0,
9363,518411,N. Loubibet,6037,3675,28.733333333333334,14.0,2.0,0.0,0.0,
9366,518411,N. Mani,6037,3675,12.6,2.0,0.0,3.0,0.0,
9351,518411,P. Den Ouden,3675,6037,15.75,2.0,2.0,1.0,0.0,
9362,518411,R. Berthelin,6037,3675,30.433333333333334,20.0,8.0,1.0,2.0,
9360,518411,S. Kone,6037,3675,34.11666666666667,17.0,2.0,7.0,2.0,
9348,518411,T. Balima,3675,6037,25.783333333333335,10.0,7.0,5.0,1.0,
9352,518411,V. Delenclos,3675,6037,23.583333333333332,10.0,5.0,1.0,1.0,
9364,518411,W. Tonemassa,6037,3675,4.016666666666667,0.0,3.0,1.0,0.0,
9373,518412,A. Ba,5582,3667,18.366666666666667,14.0,6.0,0.0,0.0,
9389,518412,A. Couedo-Salami,3667,5582,20.816666666666666,3.0,2.0,0.0,1.0,
9376,518412,A. Dietz-Hill,5582,3667,19.566666666666666,3.0,4.0,0.0,0.0,
9382,518412,A. Fall,3667,5582,18.933333333333334,17.0,4.0,3.0,1.0,
9371,518412,A. Villain,5582,3667,36.11666666666667,5.0,6.0,3.0,1.0,
9388,518412,B. Loubet,3667,5582,7.633333333333333,0.0,0.0,0.0,0.0,
9377,518412,B. Munongo,5582,3667,10.783333333333333,0.0,0.0,1.0,0.0,
9370,518412,D. Ntsantso,5582,3667,26.4,13.0,2.0,6.0,1.0,
9380,518412,I. Verpraet,5582,3667,0.8666666666666667,2.0,0.0,1.0,0.0,
9375,518412,J. Dupe,5582,3667,4.35,2.0,0.0,0.0,0.0,
9372,518412,K. N'Kouka,5582,3667,32.083333333333336,12.0,7.0,0.0,0.0,
9379,518412,L. Momo,5582,3667,3.3166666666666664,0.0,0.0,0.0,0.0,
9385,518412,L. Rapini,3667,5582,29.383333333333333,8.0,9.0,1.0,0.0,
9378,518412,L. Seesie-Sele,5582,3667,7.116666666666666,0.0,1.0,2.0,0.0,
9387,518412,M. Pic,3667,5582,14.233333333333333,1.0,0.0,4.0,0.0,
9384,518412,N. Boigne,3667,5582,26.5,11.0,2.0,3.0,0.0,
9383,518412,N. Lobry-Pathout,3667,5582,29.683333333333334,6.0,7.0,1.0,0.0,
9374,518412,N. Potin-Mouchingam,5582,3667,17.6,8.0,0.0,1.0,2.0,
9390,518412,R. Tindano,3667,5582,12.183333333333334,4.0,2.0,0.0,0.0,
9386,518412,S. B. Bougrine,3667,5582,14.533333333333333,10.0,3.0,4.0,0.0,
9381,518412,T. Kasongo,3667,5582,24.983333333333334,15.0,5.0,0.0,0.0,
9369,518412,T. Pulvar,5582,3667,22.316666666666666,2.0,5.0,0.0,0.0,
9399,518413,A. Ngambou-Mabondzo,3683,7462,21.5,15.0,5.0,4.0,3.0,
9393,518413,A. Ragoo-Francillette,3683,7462,25.833333333333332,15.0,3.0,2.0,2.0,
9404,518413,B. Courant,7462,3683,25.3,6.0,4.0,1.0,0.0,
9394,518413,B. Traore,3683,7462,23.083333333333332,10.0,3.0,0.0,2.0,
9403,518413,C. Mpome-Moukouri,7462,3683,22.483333333333334,0.0,4.0,0.0,0.0,
9406,518413,C. Pages,7462,3683,27.566666666666666,16.0,3.0,4.0,3.0,
9408,518413,E. Tamo,7462,3683,22.883333333333333,6.0,5.0,0.0,2.0,
9395,518413,F. Sovann,3683,7462,18.333333333333332,12.0,5.0,3.0,2.0,
9401,518413,H. Lasalvary,7462,3683,27.866666666666667,8.0,4.0,2.0,2.0,
9407,518413,I. Cisse,7462,3683,20.716666666666665,6.0,1.0,4.0,2.0,
9397,518413,L. Martin,3683,7462,13.066666666666666,4.0,4.0,1.0,0.0,
9400,518413,M. Lo,3683,7462,11.516666666666667,4.0,3.0,1.0,0.0,
9392,518413,M. Nguidjol,3683,7462,27.3,0.0,5.0,2.0,0.0,
9398,518413,N. Kihoulou,3683,7462,9.1,2.0,1.0,3.0,0.0,
9405,518413,P. Prely,7462,3683,22.883333333333333,6.0,5.0,2.0,0.0,
9391,518413,Y. Diangitukwa,3683,7462,18.983333333333334,4.0,3.0,0.0,0.0,
9396,518413,Y. Lanza,3683,7462,25.416666666666668,10.0,9.0,2.0,0.0,
9402,518413,Y. Pierrot,7462,3683,30.3,8.0,2.0,2.0,1.0,
9410,518415,A. Cognet,3672,3680,24.766666666666666,9.0,1.0,7.0,1.0,
9417,518415,A. Hamadou,3672,3680,7.083333333333333,0.0,2.0,0.0,0.0,
9425,518415,A. Haruna,3680,3672,18.55,8.0,6.0,0.0,0.0,
9416,518415,A. Traore,3672,3680,28.983333333333334,20.0,1.0,1.0,2.0,
9412,518415,B. Simonovic,3672,3680,30.05,12.0,11.0,1.0,0.0,
9419,518415,D. Cokara,3680,3672,26.25,9.0,6.0,11.0,1.0,
9420,518415,K. Methalie,3680,3672,23.483333333333334,3.0,1.0,0.0,1.0,
9426,518415,M. Barry,3680,3672,18.133333333333333,5.0,4.0,1.0,1.0,
9411,518415,M. Diaby-Cisse,3672,3680,25.35,13.0,11.0,1.0,0.0,
9418,518415,M. Sar,3672,3680,22.216666666666665,5.0,1.0,5.0,1.0,
9415,518415,M. Sembene,3672,3680,7.033333333333333,2.0,1.0,0.0,0.0,
9421,518415,M. Sissoko,3680,3672,20.183333333333334,7.0,2.0,1.0,0.0,
9414,518415,M. Tchicou,3672,3680,0.75,0.0,0.0,0.0,0.0,
9422,518415,M. Tchouda,3680,3672,21.216666666666665,14.0,9.0,2.0,1.0,
9424,518415,N. Delag,3680,3672,30.883333333333333,11.0,6.0,3.0,1.0,
9427,518415,P. Koita,3680,3672,14.583333333333334,12.0,5.0,0.0,0.0,
9409,518415,S. Bame,3672,3680,25.4,19.0,14.0,3.0,0.0,
9423,518415,S. Bringer,3680,3672,26.716666666666665,10.0,7.0,3.0,0.0,
9413,518415,T. Durand-Leguay,3672,3680,28.366666666666667,13.0,3.0,3.0,2.0,
9439,518416,A. Ciss Firat,3671,6036,1.85,0.0,0.0,1.0,0.0,
9444,518416,A. Darsonville,6036,3671,27.483333333333334,13.0,7.0,2.0,0.0,
9430,518416,A. Dubois,3671,6036,31.95,17.0,3.0,3.0,1.0,
9447,518416,B. Godin,6036,3671,15.85,7.0,3.0,3.0,1.0,
9442,518416,B. Gueye,6036,3671,15.366666666666667,11.0,3.0,1.0,3.0,
9449,518416,I. Diallo,6036,3671,14.333333333333334,14.0,7.0,2.0,0.0,
9441,518416,J. Bonet,6036,3671,26.1,10.0,6.0,2.0,2.0,
9431,518416,K. Wabo-Depouilly,3671,6036,21.366666666666667,4.0,8.0,0.0,0.0,
9443,518416,L. Laclede,6036,3671,13.866666666666667,1.0,2.0,0.0,0.0,
9429,518416,L. Monnet,3671,6036,36.11666666666667,12.0,7.0,5.0,1.0,
9433,518416,L. Puren,3671,6036,4.8,0.0,1.0,0.0,0.0,
9437,518416,M. Gouchier Schaller,3671,6036,10.566666666666666,0.0,2.0,0.0,0.0,
9438,518416,M. Mayamona,3671,6036,24.733333333333334,10.0,8.0,1.0,0.0,
9436,518416,M. Pons,3671,6036,3.2,0.0,2.0,1.0,0.0,
9428,518416,M. Selebangue,3671,6036,39.03333333333333,36.0,3.0,3.0,2.0,
9440,518416,M. Vigneault,6036,3671,32.38333333333333,7.0,1.0,7.0,2.0,
9434,518416,N. Cadio-Sellin,3671,6036,8.35,4.0,0.0,1.0,0.0,
9435,518416,N. Ouenou,3671,6036,8.216666666666667,0.0,3.0,0.0,0.0,
9432,518416,O. Ba,3671,6036,5.65,0.0,4.0,0.0,0.0,
9448,518416,R. Zizi,6036,3671,30.85,15.0,3.0,4.0,1.0,
9446,518416,S. Mendy,6036,3671,10.416666666666666,6.0,3.0,5.0,0.0,
9445,518416,T. Guedegbe,6036,3671,9.183333333333334,5.0,1.0,0.0,1.0,
9466,518417,A. Gruszka,3676,3670,22.033333333333335,10.0,9.0,0.0,0.0,
9450,518417,A. Guermeur,3670,3676,17.683333333333334,6.0,2.0,1.0,2.0,
9460,518417,A. Loussavouvou,3676,3670,24.316666666666666,8.0,7.0,3.0,0.0,
9454,518417,C. Nougha,3670,3676,22.45,12.0,11.0,2.0,0.0,
9462,518417,D. Agot Fortes,3676,3670,22.333333333333332,12.0,1.0,0.0,1.0,
9464,518417,E. D. Alger,3676,3670,15.85,3.0,2.0,1.0,1.0,
9458,518417,E. Doumbia,3670,3676,9.8,0.0,2.0,0.0,0.0,
9457,518417,J. Baril-Jason,3670,3676,8.033333333333333,0.0,1.0,0.0,0.0,
9467,518417,J. Rabaye,3676,3670,17.983333333333334,4.0,3.0,1.0,0.0,
9468,518417,L. Berard,3676,3670,4.8,0.0,1.0,0.0,0.0,
9455,518417,L. Eleka,3670,3676,23.333333333333332,20.0,1.0,1.0,1.0,
9459,518417,L. Sanz,3676,3670,34.7,17.0,6.0,4.0,1.0,
9456,518417,M. Boune,3670,3676,28.0,7.0,0.0,2.0,0.0,
9461,518417,N. Sylves,3676,3670,20.833333333333332,8.0,8.0,1.0,0.0,
9465,518417,Q. Doumaye,3676,3670,11.0,6.0,1.0,3.0,2.0,
9452,518417,S. Boungo,3670,3676,34.483333333333334,18.0,7.0,1.0,0.0,
9451,518417,T. Jean,3670,3676,16.25,4.0,5.0,1.0,0.0,
9453,518417,T. Peyre,3670,3676,23.666666666666668,10.0,5.0,1.0,2.0,
9463,518417,Y. Bassoumba,3676,3670,26.15,13.0,3.0,0.0,0.0,
9476,518647,A. Colle,1419,311,12.9,0.0,1.0,1.0,0.0,
9486,518647,Denys Renee,311,1419,13.483333333333333,2.0,3.0,0.0,0.0,
9472,518647,F. van Langenhove,1419,311,17.516666666666666,4.0,2.0,1.0,0.0,
9482,518647,Fora Nancy,311,1419,27.116666666666667,11.0,4.0,0.0,0.0,
9484,518647,Franquin Julia,311,1419,27.95,14.0,8.0,0.0,0.0,
9474,518647,J. Baelen,1419,311,19.516666666666666,16.0,5.0,4.0,1.0,
9470,518647,K. Bevernage,1419,311,14.783333333333333,9.0,1.0,0.0,1.0,
9485,518647,L. Dupont,311,1419,19.133333333333333,10.0,2.0,0.0,0.0,
9475,518647,L. Le Roy,1419,311,22.916666666666668,9.0,7.0,2.0,1.0,
9471,518647,L. Svanholm,1419,311,35.13333333333333,17.0,6.0,1.0,3.0,
9481,518647,M. Brcaninovic,311,1419,22.65,13.0,2.0,0.0,1.0,
9483,518647,M. Hanssens,311,1419,1.8166666666666667,0.0,2.0,0.0,0.0,
9478,518647,M. Kelly,311,1419,33.983333333333334,14.0,9.0,0.0,2.0,
9477,518647,S. van Reusel,1419,311,16.133333333333333,1.0,5.0,1.0,0.0,
9479,518647,T. Kapenga,311,1419,25.75,14.0,6.0,2.0,2.0,
9473,518647,V. Bevernage,1419,311,28.166666666666668,11.0,0.0,3.0,3.0,
9469,518647,V. Cuyvers,1419,311,32.083333333333336,6.0,2.0,1.0,0.0,
9480,518647,Vervaet Marie,311,1419,28.133333333333333,8.0,5.0,1.0,0.0,
9492,518648,A. De Decker,1423,6558,8.966666666666667,0.0,0.0,0.0,0.0,
9497,518648,A. Dupont,1423,6558,17.1,3.0,3.0,1.0,0.0,
9489,518648,A. Osifo,1423,6558,19.633333333333333,7.0,1.0,1.0,1.0,
9491,518648,C. Dupont,1423,6558,25.333333333333332,6.0,5.0,2.0,0.0,
9502,518648,C. Verlinden,6558,1423,24.266666666666666,5.0,2.0,2.0,1.0,
9499,518648,E. Declercq,6558,1423,23.916666666666668,18.0,9.0,1.0,0.0,
9506,518648,F. Toonders,6558,1423,18.866666666666667,4.0,7.0,1.0,0.0,
9505,518648,I. Deforche,6558,1423,21.016666666666666,3.0,4.0,2.0,1.0,
9503,518648,J. Defoort,6558,1423,6.733333333333333,5.0,0.0,0.0,1.0,
9490,518648,Katako-Mwaka Priscilia,1423,6558,30.7,13.0,8.0,0.0,0.0,
9496,518648,L. Classens,1423,6558,7.216666666666667,0.0,1.0,0.0,0.0,
9498,518648,L. Declercq,6558,1423,27.983333333333334,19.0,4.0,3.0,3.0,
9487,518648,L. Lamborelle,1423,6558,26.033333333333335,7.0,3.0,5.0,1.0,
9504,518648,L. Lefebvre,6558,1423,12.1,8.0,3.0,0.0,0.0,
9507,518648,M. Snauwaert,6558,1423,19.433333333333334,2.0,2.0,5.0,0.0,
9501,518648,N. Devos,6558,1423,25.116666666666667,14.0,2.0,2.0,0.0,
9493,518648,P. Lecluse,1423,6558,17.883333333333333,10.0,2.0,0.0,2.0,
9500,518648,Pauwels Kaat,6558,1423,20.566666666666666,7.0,0.0,2.0,0.0,
9495,518648,R. Comelli,1423,6558,4.466666666666667,2.0,0.0,0.0,0.0,
9488,518648,S. Desplenter,1423,6558,28.75,10.0,5.0,6.0,2.0,
9494,518648,T. Roels,1423,6558,13.916666666666666,2.0,0.0,0.0,0.0,
9519,518649,A. De Schryver,317,315,3.1333333333333333,0.0,1.0,0.0,0.0,
9524,518649,A. Meite,315,317,18.033333333333335,4.0,3.0,0.0,0.0,
9525,518649,A. Tholome,315,317,23.566666666666666,12.0,3.0,0.0,0.0,
9518,518649,B. Devarrewaere,317,315,8.2,2.0,0.0,1.0,0.0,
9508,518649,Bah Habibatou,317,315,15.866666666666667,5.0,2.0,2.0,1.0,
9523,518649,Cop Marine,315,317,28.85,12.0,2.0,4.0,0.0,
9513,518649,E. Malkoc,317,315,11.95,0.0,1.0,1.0,0.0,
9509,518649,G. Sullivan,317,315,27.683333333333334,21.0,8.0,1.0,3.0,
9511,518649,H. Abdelkader,317,315,26.9,14.0,2.0,9.0,4.0,
9520,518649,Hambursin Eva,315,317,17.85,0.0,6.0,2.0,0.0,
9521,518649,K. Johnson,315,317,34.53333333333333,13.0,5.0,1.0,0.0,
9522,518649,L. Bens,315,317,26.833333333333332,7.0,4.0,1.0,0.0,
9514,518649,L. Norberg,317,315,12.75,2.0,0.0,1.0,0.0,
9512,518649,M. Huijbens,317,315,17.05,7.0,8.0,1.0,0.0,
9515,518649,M. Parham,317,315,19.5,10.0,14.0,2.0,0.0,
9526,518649,M. Peeters,315,317,29.3,0.0,2.0,2.0,0.0,
9516,518649,Nauwelaers Heleen,317,315,20.866666666666667,6.0,6.0,4.0,2.0,
9510,518649,Resimont Laure,317,315,20.483333333333334,25.0,1.0,2.0,2.0,
9517,518649,S. Mpoyi,317,315,15.616666666666667,0.0,4.0,0.0,0.0,
9543,518650,A. Marotta,7500,313,18.35,4.0,2.0,0.0,0.0,
9532,518650,A. Minne,313,7500,8.833333333333334,5.0,1.0,0.0,1.0,
9541,518650,A. Popovici,7500,313,10.15,0.0,0.0,0.0,0.0,
9534,518650,Bell Sarah,313,7500,20.616666666666667,11.0,3.0,1.0,2.0,
9545,518650,F. Patte,7500,313,8.2,0.0,0.0,0.0,0.0,
9529,518650,Foucart Lisa,313,7500,25.3,20.0,4.0,3.0,5.0,
9535,518650,Gheysen Amelie,313,7500,14.866666666666667,8.0,2.0,1.0,2.0,
9533,518650,Hering Lynn,313,7500,18.85,9.0,3.0,3.0,0.0,
9546,518650,K. Ballau,7500,313,20.5,3.0,1.0,0.0,1.0,
9538,518650,Kovtun Anastasiia,7500,313,34.6,9.0,16.0,1.0,0.0,
9539,518650,L. Ralet,7500,313,30.766666666666666,5.0,0.0,1.0,1.0,
9530,518650,L. Toornstra,313,7500,21.916666666666668,10.0,11.0,5.0,0.0,
9536,518650,Mense Yelena,313,7500,20.083333333333332,6.0,5.0,2.0,0.0,
9544,518650,O. Permentier,7500,313,1.0666666666666667,0.0,0.0,0.0,0.0,
9528,518650,P. Bayart,313,7500,20.6,5.0,8.0,3.0,0.0,
9537,518650,P. Lufuando,7500,313,27.816666666666666,8.0,8.0,1.0,0.0,
9540,518650,R. Lourdel,7500,313,14.133333333333333,0.0,3.0,0.0,0.0,
9542,518650,V. Tronche,7500,313,4.1,0.0,0.0,0.0,0.0,
9527,518650,Vindevogel Emma,313,7500,25.816666666666666,19.0,9.0,4.0,2.0,
9531,518650,van Thuyne Emma,313,7500,23.116666666666667,7.0,3.0,3.0,1.0,
9561,519484,Adebayo Bam,147,159,12.783333333333333,10.0,6.0,0.0,1.0,
9560,519484,Antetokounmpo Giannis,147,159,14.116666666666667,9.0,4.0,7.0,0.0,
9574,519484,B. Mbeng,147,159,17.583333333333332,11.0,3.0,3.0,1.0,
9548,519484,Barnes Scott,159,147,12.216666666666667,11.0,2.0,2.0,0.0,
9547,519484,Barrett R.J.,159,147,17.416666666666668,15.0,3.0,1.0,2.0,
9557,519484,C. Hepburn,159,147,25.366666666666667,11.0,4.0,2.0,1.0,
9552,519484,C. Murray-Boyles,159,147,20.083333333333332,6.0,9.0,1.0,0.0,
9564,519484,Fontecchio Simone,147,159,11.216666666666667,4.0,2.0,1.0,0.0,
9571,519484,Gardner Myron,147,159,13.766666666666667,7.0,5.0,2.0,1.0,
9565,519484,Hardaway Tim,147,159,11.216666666666667,14.0,0.0,0.0,3.0,
9577,519484,I. Schieffelin,147,159,9.5,11.0,3.0,1.0,1.0,
9555,519484,J. Bradley,159,147,19.516666666666666,9.0,3.0,2.0,1.0,
9573,519484,J. Hadley,147,159,10.233333333333333,2.0,6.0,0.0,0.0,
9553,519484,J. Shead,159,147,27.783333333333335,3.0,5.0,7.0,0.0,
9551,519484,J. Walter,159,147,17.566666666666666,8.0,5.0,1.0,2.0,
9566,519484,Jovic Nikola,147,159,17.4,11.0,7.0,4.0,1.0,
9554,519484,M. Smith,159,147,30.583333333333332,7.0,5.0,2.0,0.0,
9562,519484,Mitchell Davion,147,159,12.783333333333333,3.0,1.0,4.0,1.0,
9556,519484,N. Burnett,159,147,24.2,6.0,3.0,3.0,1.0,
9567,519484,P. Larsson,147,159,11.216666666666667,13.0,2.0,2.0,0.0,
9549,519484,Poeltl Jakob,159,147,17.7,9.0,1.0,1.0,0.0,
9568,519484,Portis Bobby,147,159,11.216666666666667,4.0,3.0,2.0,1.0,
9550,519484,Quickley Immanuel,159,147,11.966666666666667,5.0,2.0,3.0,1.0,
9575,519484,Quinones Lester,147,159,9.2,0.0,1.0,0.0,0.0,
9569,519484,R. Conwell,147,159,18.416666666666668,6.0,1.0,2.0,0.0,
9576,519484,Richards Nick,147,159,10.366666666666667,0.0,7.0,0.0,0.0,
9570,519484,T. Donaldson,147,159,16.433333333333334,6.0,0.0,3.0,0.0,
9558,519484,T. Key,159,147,15.6,15.0,1.0,0.0,4.0,
9563,519484,Thompson Klay,147,159,12.783333333333333,0.0,2.0,0.0,0.0,
9572,519484,V. Goldin,147,159,6.983333333333333,6.0,1.0,0.0,0.0,
9559,519484,Wiggins Andrew,147,159,12.783333333333333,12.0,1.0,0.0,4.0,
9604,519485,A. Bailey,160,139,20.183333333333334,10.0,5.0,0.0,0.0,
9609,519485,B. Hinson,160,139,16.783333333333335,14.0,6.0,0.0,4.0,
9590,519485,B. Hopkins,139,160,11.216666666666667,1.0,2.0,0.0,0.0,
9583,519485,Bagley Marvin,139,160,15.316666666666666,5.0,7.0,0.0,0.0,
9605,519485,Bamba Mohamed,160,139,12.05,6.0,7.0,2.0,0.0,
9582,519485,Braun Christian,139,160,14.316666666666666,6.0,3.0,1.0,0.0,
9588,519485,C. Hawkins,139,160,2.7333333333333334,0.0,0.0,0.0,0.0,
9587,519485,D. Goodwin,139,160,2.7333333333333334,0.0,1.0,0.0,0.0,
9589,519485,D. Holmes,139,160,12.05,4.0,1.0,1.0,0.0,
9601,519485,D. Peterson,160,139,21.816666666666666,3.0,6.0,2.0,0.0,
9585,519485,DeRozan DeMar,139,160,9.883333333333333,5.0,1.0,1.0,0.0,
9586,519485,Diallo Alpha,139,160,13.516666666666667,2.0,3.0,2.0,0.0,
9591,519485,E. Miller,139,160,2.7333333333333334,5.0,1.0,0.0,0.0,
9600,519485,George Keyonte,160,139,21.166666666666668,15.0,4.0,3.0,1.0,
9579,519485,Gordon Aaron,139,160,11.183333333333334,12.0,4.0,0.0,1.0,
9610,519485,H. Ingram,160,139,12.0,6.0,1.0,0.0,0.0,
9608,519485,Hayes Jaxson,160,139,19.1,2.0,3.0,4.0,0.0,
9607,519485,I. Collier,160,139,14.833333333333334,9.0,4.0,4.0,2.0,
9602,519485,J. Aidoo,160,139,2.7333333333333334,0.0,2.0,0.0,0.0,
9598,519485,Jackson Jaren,160,139,15.883333333333333,11.0,4.0,2.0,1.0,
9578,519485,Johnson Cameron,139,160,15.333333333333334,8.0,2.0,0.0,2.0,
9580,519485,Jokic Nikola,139,160,14.316666666666666,3.0,3.0,7.0,0.0,
9581,519485,Jones Tyus,139,160,18.633333333333333,8.0,2.0,6.0,2.0,
9597,519485,Markkanen Lauri,160,139,16.05,17.0,2.0,0.0,3.0,
9611,519485,Mykhailiuk Sviatoslav,160,139,14.866666666666667,9.0,0.0,3.0,3.0,
9592,519485,Nnaji Zeke,139,160,13.65,3.0,3.0,1.0,0.0,
9599,519485,Nurkic Jusuf,160,139,11.433333333333334,4.0,5.0,4.0,0.0,
9612,519485,Okogie Josh,160,139,14.316666666666666,3.0,1.0,1.0,1.0,
9593,519485,R. Nembhard,139,160,17.35,5.0,3.0,4.0,1.0,
9594,519485,Strawther Julian Lee,139,160,20.483333333333334,14.0,3.0,1.0,1.0,
9603,519485,T. Alexander,160,139,12.0,0.0,2.0,2.0,0.0,
9606,519485,T. Bates,160,139,14.783333333333333,0.0,2.0,1.0,0.0,
9584,519485,T. Brazile,139,160,20.433333333333334,7.0,3.0,0.0,1.0,
9595,519485,Walker Lonnie,139,160,9.2,3.0,3.0,2.0,1.0,
9596,519485,Whitmore Cam,139,160,14.916666666666666,6.0,1.0,1.0,2.0,
9643,519486,A. Toohey,141,144,8.066666666666666,2.0,1.0,1.0,0.0,
9625,519486,B. Miller,144,141,20.066666666666666,9.0,6.0,0.0,0.0,
9646,519486,Bassey Charles,141,144,16.233333333333334,12.0,8.0,1.0,0.0,
9618,519486,C. Christie,144,141,28.066666666666666,8.0,8.0,3.0,0.0,
9632,519486,Curry Stephen,141,144,12.966666666666667,10.0,2.0,2.0,2.0,
9619,519486,Dick Gradey,144,141,16.066666666666666,4.0,6.0,1.0,0.0,
9620,519486,Dunn Kris,144,141,6.1,3.0,1.0,0.0,1.0,
9623,519486,F. Loyer,144,141,6.75,0.0,1.0,0.0,0.0,
9636,519486,G. Ike,141,144,16.066666666666666,11.0,4.0,1.0,0.0,
9616,519486,Garland Darius,144,141,15.35,15.0,3.0,6.0,3.0,
9630,519486,Green Draymond,141,144,13.866666666666667,2.0,2.0,2.0,0.0,
9613,519486,Hachimura Rui,144,141,15.2,21.0,5.0,0.0,4.0,
9631,519486,Horford Al,141,144,15.7,3.0,3.0,1.0,1.0,
9615,519486,Jackson Isaiah,144,141,16.933333333333334,4.0,4.0,3.0,0.0,
9614,519486,Jones Derrick,144,141,14.5,6.0,1.0,0.0,1.0,
9627,519486,K. Wagler,144,141,30.083333333333332,15.0,6.0,3.0,1.0,
9635,519486,L. Cryer,141,144,2.55,1.0,0.0,0.0,0.0,
9622,519486,Lopez Brook,144,141,7.066666666666666,1.0,3.0,0.0,0.0,
9637,519486,M. Kelly,141,144,7.116666666666666,2.0,0.0,1.0,0.0,
9638,519486,M. Leons,141,144,9.933333333333334,8.0,2.0,1.0,0.0,
9634,519486,Melton De&apos;Anthony,141,144,16.2,2.0,1.0,2.0,0.0,
9624,519486,N. Martinelli,144,141,24.083333333333332,5.0,2.0,1.0,1.0,
9640,519486,Niang Georges,141,144,12.3,4.0,2.0,0.0,0.0,
9639,519486,Payton Gary,141,144,11.783333333333333,6.0,0.0,1.0,0.0,
9626,519486,Pickett Jalen,144,141,13.716666666666667,4.0,2.0,0.0,0.0,
9633,519486,Podziemski Brandin,141,144,17.6,7.0,2.0,2.0,1.0,
9645,519486,Santos Gui,141,144,17.266666666666666,9.0,4.0,0.0,1.0,
9617,519486,Strus Max,144,141,4.833333333333333,0.0,1.0,0.0,0.0,
9642,519486,Terry Dalen,141,144,10.766666666666667,5.0,5.0,2.0,0.0,
9641,519486,W. Richard,141,144,17.35,2.0,2.0,0.0,0.0,
9628,519486,Wesley Blake,144,141,17.583333333333332,8.0,3.0,1.0,0.0,
9644,519486,Williams Brandon,141,144,15.5,11.0,2.0,3.0,0.0,
9621,519486,Y. Kawamura,144,141,3.6,1.0,0.0,0.0,0.0,
9629,519486,Y. Lendeborg,141,144,18.733333333333334,4.0,9.0,3.0,1.0,
9662,519487,B. Williams,140,155,6.183333333333334,3.0,0.0,1.0,0.0,
9666,519487,Booker Devin,155,140,15.75,13.0,3.0,3.0,1.0,
9664,519487,Bridges Miles,155,140,14.15,8.0,5.0,4.0,1.0,
9663,519487,Brooks Dillon,155,140,15.75,11.0,2.0,0.0,2.0,
9658,519487,C. Lanier,140,155,14.15,5.0,3.0,0.0,1.0,
9648,519487,Collins John,140,155,16.7,10.0,3.0,0.0,0.0,
9650,519487,Cunningham Cade,140,155,16.366666666666667,10.0,2.0,1.0,2.0,
9655,519487,D. Jenkins,140,155,18.183333333333334,5.0,2.0,4.0,1.0,
9659,519487,E. Okorie,140,155,10.083333333333334,7.0,1.0,1.0,1.0,
9672,519487,Gillespie Collin,155,140,16.716666666666665,8.0,1.0,1.0,2.0,
9673,519487,Goodwin Jordan,155,140,11.266666666666667,7.0,6.0,1.0,1.0,
9667,519487,Green Jalen,155,140,15.316666666666666,11.0,2.0,1.0,1.0,
9674,519487,Highsmith Haywood,155,140,15.716666666666667,2.0,4.0,0.0,0.0,
9654,519487,Huerter Kevin,140,155,17.866666666666667,4.0,0.0,0.0,0.0,
9657,519487,I. Jones,140,155,7.166666666666667,5.0,2.0,0.0,0.0,
9668,519487,J. Bouyea,155,140,17.333333333333332,9.0,2.0,2.0,2.0,
9652,519487,J. Green,140,155,13.183333333333334,6.0,1.0,1.0,2.0,
9656,519487,Joe Isaiah,140,155,17.766666666666666,7.0,2.0,1.0,1.0,
9669,519487,K. Chandler,155,140,8.85,8.0,1.0,0.0,2.0,
9676,519487,K. Maluach,155,140,16.783333333333335,6.0,2.0,0.0,0.0,
9677,519487,K. Peat,155,140,12.2,4.0,4.0,0.0,0.0,
9675,519487,Kennard Luke,155,140,15.183333333333334,9.0,2.0,2.0,1.0,
9665,519487,O. Ighodaro,155,140,14.15,3.0,5.0,2.0,0.0,
9660,519487,Prince Taurean,140,155,10.783333333333333,3.0,1.0,0.0,1.0,
9670,519487,R. Dunn,155,140,16.15,2.0,2.0,1.0,0.0,
9671,519487,R. Fleming,155,140,18.933333333333334,3.0,5.0,1.0,1.0,
9653,519487,R. Holland,140,155,23.716666666666665,14.0,4.0,1.0,1.0,
9678,519487,Reath Duop,155,140,8.5,2.0,1.0,0.0,0.0,
9649,519487,Reed Paul,140,155,20.666666666666668,10.0,7.0,3.0,0.0,
9651,519487,Robinson Duncan,140,155,13.166666666666666,9.0,0.0,1.0,3.0,
9679,519487,Spencer Patrick,155,140,7.25,1.0,0.0,1.0,0.0,
9661,519487,T. Smith,140,155,15.716666666666667,1.0,5.0,1.0,0.0,
9647,519487,Thompson Ausar,140,155,18.3,10.0,2.0,2.0,0.0,
9703,519488,Agbaji Ochai,151,154,8.116666666666667,1.0,1.0,0.0,0.0,
9695,519488,Anunoby Ogugua,151,154,14.466666666666667,12.0,6.0,0.0,0.0,
9694,519488,Bridges Mikal,151,154,15.066666666666666,3.0,3.0,3.0,0.0,
9706,519488,Brown Bruce,151,154,10.316666666666666,2.0,0.0,0.0,0.0,
9680,519488,Brown Jaylen,154,151,16.85,22.0,2.0,2.0,3.0,
9697,519488,Brunson Jalen,151,154,14.85,12.0,4.0,3.0,2.0,
9689,519488,C. Love,154,151,23.55,15.0,3.0,6.0,3.0,
9684,519488,Caldwell-Pope Kentavious,154,151,12.85,7.0,2.0,2.0,1.0,
9707,519488,Clarkson Jordan,151,154,14.066666666666666,6.0,4.0,1.0,0.0,
9688,519488,D. Jones,154,151,18.116666666666667,11.0,6.0,2.0,1.0,
9690,519488,D. Miles,154,151,8.6,4.0,1.0,1.0,1.0,
9708,519488,Dadiet Pacome,151,154,17.883333333333333,5.0,3.0,0.0,1.0,
9709,519488,Diawara Mohamed,151,154,17.483333333333334,8.0,5.0,0.0,0.0,
9701,519488,Drummond Andre,151,154,11.966666666666667,6.0,5.0,1.0,0.0,
9710,519488,Eubanks Drew,151,154,5.916666666666667,1.0,1.0,0.0,0.0,
9698,519488,Hart Josh,151,154,13.483333333333333,2.0,1.0,0.0,0.0,
9682,519488,Hukporti Ariel,154,151,4.9,0.0,0.0,1.0,0.0,
9704,519488,J. Akins,151,154,8.283333333333333,3.0,0.0,3.0,1.0,
9687,519488,J. Edwards,154,151,23.683333333333334,6.0,1.0,1.0,2.0,
9691,519488,J. J. Nelson,154,151,15.033333333333333,7.0,2.0,0.0,0.0,
9683,519488,J. V. Edgecombe,154,151,19.516666666666666,12.0,4.0,7.0,0.0,
9685,519488,L. Philon,154,151,24.666666666666668,6.0,2.0,4.0,0.0,
9699,519488,McBride Miles,151,154,11.816666666666666,0.0,1.0,3.0,0.0,
9711,519488,McCullar Kevin,151,154,9.8,6.0,4.0,1.0,0.0,
9692,519488,Rupert Rayan,154,151,24.7,6.0,4.0,1.0,2.0,
9693,519488,S. Thomas,154,151,15.1,11.0,10.0,1.0,0.0,
9700,519488,Shamet Landry,151,154,11.333333333333334,10.0,0.0,0.0,2.0,
9705,519488,T. Bradley,151,154,6.083333333333333,2.0,0.0,0.0,0.0,
9702,519488,T. Kolek,151,154,16.75,5.0,2.0,5.0,1.0,
9712,519488,T. Nickel,151,154,8.283333333333333,0.0,1.0,1.0,0.0,
9696,519488,Towns Karl-Anthony,151,154,14.85,5.0,5.0,2.0,1.0,
9681,519488,Wade Dean,154,151,13.116666666666667,2.0,5.0,0.0,0.0,
9686,519488,Walker Jabari,154,151,19.316666666666666,11.0,11.0,1.0,3.0,
9713,519488,Wiseman James,151,154,9.183333333333334,8.0,5.0,0.0,0.0,
9743,519489,A. Reeves,149,148,12.0,12.0,3.0,2.0,2.0,
9720,519489,B. Burries,148,149,16.15,7.0,2.0,5.0,1.0,
9731,519489,Ball LaMelo,149,148,16.833333333333332,11.0,4.0,3.0,2.0,
9746,519489,C. Williams,149,148,9.983333333333333,5.0,2.0,4.0,0.0,
9745,519489,D. Timme,149,148,6.45,3.0,0.0,1.0,1.0,
9735,519489,Dosunmu Ayo,149,148,12.85,5.0,3.0,0.0,1.0,
9737,519489,E. Freeman,149,148,6.15,4.0,2.0,0.0,0.0,
9732,519489,Edwards Anthony,149,148,18.083333333333332,14.0,4.0,2.0,1.0,
9730,519489,Gobert Rudy,149,148,16.633333333333333,6.0,7.0,0.0,0.0,
9721,519489,Green A.J.,148,149,21.8,6.0,5.0,2.0,2.0,
9718,519489,Herro Tyler,148,149,19.35,11.0,3.0,3.0,2.0,
9738,519489,Hyland Nah&apos;Shon,149,148,8.983333333333333,0.0,2.0,2.0,0.0,
9736,519489,I. Evans,149,148,8.166666666666666,2.0,3.0,0.0,0.0,
9733,519489,J. Beringer,149,148,15.266666666666667,12.0,7.0,0.0,0.0,
9734,519489,J. Clark,149,148,9.9,0.0,0.0,2.0,0.0,
9744,519489,J. T. Shannon,149,148,15.733333333333333,6.0,1.0,4.0,0.0,
9714,519489,Jaquez Jr. Jaime,148,149,18.35,5.0,1.0,1.0,1.0,
9728,519489,Kuminga Jonathan,149,148,14.116666666666667,8.0,2.0,0.0,0.0,
9715,519489,Kuzma Kyle,148,149,20.033333333333335,1.0,5.0,1.0,0.0,
9722,519489,LeVert Caris,148,149,10.683333333333334,0.0,0.0,1.0,0.0,
9739,519489,Lyles Trey,149,148,12.1,3.0,2.0,0.0,1.0,
9740,519489,Martin Jr. Kenyon,149,148,8.633333333333333,4.0,1.0,0.0,0.0,
9729,519489,McDaniels Jaden,149,148,14.733333333333333,9.0,3.0,1.0,1.0,
9719,519489,N. Ament,148,149,13.75,8.0,2.0,0.0,1.0,
9741,519489,N. Omier,149,148,9.05,2.0,2.0,1.0,0.0,
9723,519489,P. Nance,148,149,6.7,3.0,1.0,0.0,1.0,
9727,519489,Porter Kevin,148,149,18.683333333333334,7.0,3.0,2.0,0.0,
9742,519489,Pullin Zyon,149,148,16.266666666666666,10.0,2.0,1.0,0.0,
9747,519489,R. Zikarsky,149,148,8.066666666666666,0.0,1.0,0.0,0.0,
9717,519489,Rollins Ryan,148,149,14.233333333333333,15.0,4.0,1.0,2.0,
9724,519489,Sims Jericho,148,149,19.483333333333334,2.0,3.0,1.0,0.0,
9725,519489,Trent Gary,148,149,18.116666666666667,11.0,1.0,1.0,3.0,
9716,519489,Turner Myles,148,149,19.116666666666667,7.0,5.0,1.0,1.0,
9726,519489,Ware Kel&apos;el,148,149,23.55,14.0,12.0,0.0,2.0,
9755,519490,A. Flagler,157,145,0.85,0.0,0.0,0.0,0.0,
9756,519490,A. Karaban,157,145,16.15,3.0,3.0,2.0,0.0,
9774,519490,A. Thiero,145,157,17.116666666666667,3.0,4.0,4.0,0.0,
9749,519490,Achiuwa Precious,157,145,13.016666666666667,2.0,1.0,1.0,0.0,
9766,519490,C. Carr,145,157,22.533333333333335,19.0,3.0,2.0,3.0,
9773,519490,C. Manon,145,157,12.0,12.0,5.0,1.0,0.0,
9753,519490,D. Cardwell,157,145,28.783333333333335,9.0,10.0,3.0,0.0,
9769,519490,D. Knecht,145,157,12.0,0.0,2.0,1.0,0.0,
9764,519490,Doncic Luka,145,157,15.966666666666667,21.0,2.0,3.0,3.0,
9757,519490,E. Payton,157,145,7.45,0.0,3.0,0.0,0.0,
9760,519490,E. Sharp,157,145,29.983333333333334,7.0,1.0,2.0,1.0,
9761,519490,Grimes Quentin,145,157,19.283333333333335,16.0,0.0,1.0,2.0,
9767,519490,Hardy Jaden,145,157,13.85,8.0,1.0,1.0,2.0,
9748,519490,Hunter De&apos;Andre,157,145,13.45,3.0,0.0,0.0,0.0,
9768,519490,J. B. James,145,157,15.883333333333333,3.0,5.0,2.0,1.0,
9751,519490,J. D. Acuff,157,145,27.416666666666668,19.0,2.0,4.0,1.0,
9771,519490,LaRavia Jake,145,157,20.55,12.0,3.0,2.0,2.0,
9752,519490,LaVine Zach,157,145,15.45,9.0,1.0,0.0,0.0,
9763,519490,Looney Kevon,145,157,17.6,2.0,9.0,3.0,0.0,
9759,519490,M. Raynaud,157,145,24.366666666666667,12.0,8.0,2.0,0.0,
9772,519490,Mamukelashvili Sandro,145,157,19.133333333333333,8.0,1.0,5.0,2.0,
9754,519490,N. Clifford,157,145,28.4,23.0,9.0,2.0,1.0,
9758,519490,Plowden Daeqwon,157,145,24.55,12.0,5.0,1.0,1.0,
9750,519490,Sabonis Domantas,157,145,10.133333333333333,4.0,3.0,3.0,0.0,
9765,519490,Thybulle Matisse,145,157,18.366666666666667,6.0,0.0,1.0,2.0,
9775,519490,Vanderbilt Jarred,145,157,10.6,4.0,2.0,1.0,0.0,
9770,519490,W. Kyle,145,157,4.5,0.0,1.0,1.0,0.0,
9762,519490,Z. Williams,145,157,20.616666666666667,13.0,1.0,1.0,3.0,
9780,519491,Allen Grayson,135,134,14.233333333333333,13.0,1.0,1.0,3.0,
9799,519491,B. Humrichous,134,135,3.5,0.0,0.0,0.0,0.0,
9805,519491,B. Saraf,134,135,14.65,8.0,2.0,2.0,2.0,
9800,519491,C. Johnson,134,135,17.35,6.0,2.0,0.0,0.0,
9797,519491,Clowney Noah,134,135,18.9,7.0,1.0,1.0,1.0,
9782,519491,Connaughton Pat,135,134,9.45,1.0,0.0,3.0,0.0,
9798,519491,D. Dainja,134,135,3.5,0.0,0.0,0.0,0.0,
9804,519491,D. Powell,134,135,12.533333333333333,9.0,2.0,1.0,1.0,
9808,519491,D. Wolf,134,135,14.883333333333333,9.0,3.0,5.0,1.0,
9795,519491,Demin Egor,134,135,18.433333333333334,6.0,1.0,5.0,2.0,
9778,519491,Diabate Moussa,135,134,19.566666666666666,4.0,4.0,1.0,0.0,
9794,519491,Ellis Keon,134,135,12.383333333333333,5.0,0.0,0.0,1.0,
9803,519491,G. Nelson,134,135,6.25,5.0,2.0,1.0,1.0,
9786,519491,J. Joiner,135,134,14.233333333333333,5.0,0.0,3.0,1.0,
9776,519491,L. McNeeley,135,134,19.3,14.0,1.0,0.0,4.0,
9781,519491,M. Ajayi,135,134,18.983333333333334,3.0,4.0,3.0,1.0,
9801,519491,Mann Terance,134,135,19.666666666666668,6.0,2.0,1.0,2.0,
9802,519491,Minott Josh,134,135,8.933333333333334,6.0,1.0,0.0,1.0,
9806,519491,N. Traore,134,135,10.383333333333333,10.0,1.0,2.0,0.0,
9788,519491,O&apos;Neale Royce,135,134,17.0,3.0,2.0,5.0,1.0,
9784,519491,P. Hall,135,134,8.4,4.0,3.0,0.0,1.0,
9791,519491,Porter Michael,134,135,16.95,16.0,5.0,2.0,4.0,
9787,519491,R. Kalkbrenner,135,134,15.316666666666666,2.0,2.0,0.0,0.0,
9792,519491,Randle Julius,134,135,18.216666666666665,13.0,2.0,3.0,2.0,
9777,519491,Reid Naz,135,134,16.016666666666666,13.0,4.0,0.0,1.0,
9785,519491,S. James,135,134,17.283333333333335,8.0,4.0,0.0,2.0,
9789,519491,Salaun Tidjane,135,134,28.083333333333332,6.0,2.0,1.0,1.0,
9779,519491,Schroder Dennis,135,134,15.383333333333333,5.0,0.0,2.0,1.0,
9793,519491,Sharpe Day&apos;Ron,134,135,17.933333333333334,8.0,7.0,3.0,0.0,
9790,519491,Steinbach Hannes,135,134,13.65,7.0,4.0,0.0,0.0,
9796,519491,T. Bilodeau,134,135,7.75,5.0,3.0,0.0,1.0,
9783,519491,W. Fricks,135,134,13.1,2.0,3.0,0.0,0.0,
9807,519491,Wagner Moritz,134,135,17.783333333333335,5.0,4.0,5.0,1.0,
9815,519492,A. Holifield,152,150,7.166666666666667,4.0,0.0,0.0,0.0,
9811,519492,A. Mara,152,150,18.383333333333333,12.0,9.0,3.0,0.0,
9812,519492,A. Mitchell,152,150,17.566666666666666,11.0,1.0,4.0,1.0,
9817,519492,A. Pritchard,152,150,9.783333333333333,7.0,2.0,1.0,1.0,
9814,519492,B. Barnhizer,152,150,25.65,12.0,7.0,3.0,1.0,
9831,519492,B. McGowens,150,152,12.0,7.0,1.0,1.0,1.0,
9809,519492,B. Stirtz,152,150,30.75,15.0,5.0,6.0,3.0,
9836,519492,Bey Saddiq,150,152,19.766666666666666,5.0,2.0,0.0,0.0,
9826,519492,Bufkin Kobe,150,152,5.883333333333333,6.0,1.0,0.0,0.0,
9820,519492,C. Tilly,152,150,25.0,9.0,4.0,2.0,0.0,
9834,519492,D. Queen,150,152,17.3,10.0,9.0,1.0,1.0,
9828,519492,Houstan Caleb,150,152,6.116666666666666,0.0,0.0,0.0,0.0,
9819,519492,J. Dix,152,150,30.15,11.0,2.0,2.0,3.0,
9827,519492,J. Fears,150,152,17.3,12.0,2.0,1.0,2.0,
9813,519492,J. McCain,152,150,16.166666666666668,12.0,1.0,5.0,4.0,
9832,519492,J. Pierre,150,152,12.0,3.0,4.0,3.0,1.0,
9825,519492,Jones Herbert,150,152,19.916666666666668,7.0,2.0,1.0,1.0,
9829,519492,Mathurin Bennedict,150,152,16.6,13.0,2.0,5.0,2.0,
9830,519492,Matkovic Karlo,150,152,12.0,3.0,3.0,1.0,0.0,
9821,519492,Murphy Trey,150,152,19.4,11.0,3.0,2.0,2.0,
9824,519492,Murray Dejounte,150,152,18.7,6.0,4.0,6.0,1.0,
9816,519492,O. Oweh,152,150,27.566666666666666,6.0,6.0,1.0,0.0,
9833,519492,Poole Jordan,150,152,16.083333333333332,9.0,1.0,0.0,0.0,
9818,519492,Smith Zhaire,152,150,13.85,2.0,1.0,0.0,0.0,
9835,519492,Watford Trendon,150,152,12.0,7.0,6.0,1.0,0.0,
9810,519492,Williams Kenrich,152,150,17.95,9.0,8.0,2.0,3.0,
9822,519492,Williamson Zion,150,152,16.233333333333334,11.0,4.0,1.0,1.0,
9823,519492,Y. Missi,150,152,18.7,6.0,7.0,1.0,0.0,
9837,519493,A. Bailey,160,139,27.016666666666666,10.0,7.0,3.0,2.0,
9848,519493,B. Hinson,160,139,12.0,0.0,0.0,1.0,0.0,
9862,519493,B. Hopkins,139,160,10.5,1.0,1.0,1.0,0.0,
9857,519493,Bagley Marvin,139,160,15.0,10.0,5.0,0.0,0.0,
9844,519493,Bamba Mohamed,160,139,19.933333333333334,8.0,10.0,0.0,0.0,
9856,519493,Braun Christian,139,160,14.283333333333333,5.0,4.0,0.0,1.0,
9861,519493,D. Holmes,139,160,7.583333333333333,4.0,3.0,1.0,0.0,
9841,519493,D. Peterson,160,139,29.616666666666667,23.0,3.0,3.0,1.0,
9859,519493,DeRozan DeMar,139,160,11.45,7.0,1.0,1.0,1.0,
9860,519493,Diallo Alpha,139,160,20.933333333333334,8.0,2.0,0.0,2.0,
9840,519493,George Keyonte,160,139,12.783333333333333,6.0,0.0,4.0,2.0,
9853,519493,Gordon Aaron,139,160,15.333333333333334,18.0,5.0,0.0,2.0,
9847,519493,Green Josh,160,139,10.6,0.0,2.0,2.0,0.0,
9849,519493,H. Ingram,160,139,7.583333333333333,9.0,5.0,2.0,1.0,
9839,519493,Hayes Jaxson,160,139,13.8,7.0,4.0,0.0,0.0,
9846,519493,I. Collier,160,139,16.816666666666666,6.0,0.0,3.0,0.0,
9842,519493,J. Aidoo,160,139,7.583333333333333,6.0,5.0,0.0,0.0,
9838,519493,Jackson Jaren,160,139,15.683333333333334,7.0,1.0,0.0,1.0,
9852,519493,Johnson Cameron,139,160,15.333333333333334,10.0,1.0,1.0,2.0,
9854,519493,Jokic Nikola,139,160,16.333333333333332,6.0,4.0,5.0,0.0,
9863,519493,Jones Tyus,139,160,14.5,2.0,2.0,6.0,0.0,
9855,519493,Murray Jamal,139,160,15.816666666666666,4.0,2.0,3.0,0.0,
9850,519493,Mykhailiuk Sviatoslav,160,139,22.133333333333333,9.0,3.0,0.0,2.0,
9865,519493,Nnaji Zeke,139,160,9.083333333333334,6.0,4.0,0.0,0.0,
9851,519493,Okogie Josh,160,139,24.866666666666667,8.0,3.0,3.0,2.0,
9864,519493,R. Nembhard,139,160,15.9,2.0,0.0,5.0,0.0,
9866,519493,Strawther Julian Lee,139,160,18.216666666666665,15.0,4.0,3.0,3.0,
9843,519493,T. Alexander,160,139,7.583333333333333,7.0,0.0,1.0,1.0,
9845,519493,T. Bates,160,139,12.0,0.0,0.0,0.0,0.0,
9858,519493,T. Brazile,139,160,17.083333333333332,4.0,2.0,0.0,0.0,
9867,519493,Walker Lonnie,139,160,7.95,1.0,0.0,0.0,0.0,
9868,519493,Whitmore Cam,139,160,14.7,14.0,1.0,0.0,0.0,
9882,519494,B. Smith,143,149,14.116666666666667,3.0,5.0,5.0,1.0,
9888,519494,Ball LaMelo,149,143,20.35,14.0,4.0,7.0,4.0,
9874,519494,Brown Kobe,143,149,16.966666666666665,5.0,5.0,1.0,1.0,
9900,519494,C. Williams,149,143,17.95,6.0,3.0,1.0,0.0,
9892,519494,Dosunmu Ayo,149,143,17.233333333333334,10.0,1.0,3.0,1.0,
9894,519494,E. Freeman,149,143,8.066666666666666,0.0,1.0,0.0,0.0,
9889,519494,Edwards Anthony,149,143,19.716666666666665,19.0,1.0,1.0,4.0,
9887,519494,Gobert Rudy,149,143,18.916666666666668,7.0,9.0,2.0,0.0,
9872,519494,Haliburton Tyrese,143,149,16.116666666666667,7.0,0.0,6.0,1.0,
9875,519494,Huff Jay,143,149,16.766666666666666,16.0,4.0,4.0,2.0,
9895,519494,Hyland Nah&apos;Shon,149,143,10.916666666666666,10.0,0.0,1.0,3.0,
9893,519494,I. Evans,149,143,7.4,2.0,0.0,0.0,0.0,
9890,519494,J. Beringer,149,143,19.316666666666666,2.0,8.0,0.0,0.0,
9891,519494,J. Clark,149,143,10.55,0.0,1.0,0.0,0.0,
9899,519494,J. T. Shannon,149,143,17.466666666666665,9.0,1.0,2.0,1.0,
9877,519494,K. Keita,143,149,2.25,4.0,1.0,0.0,0.0,
9886,519494,Kuminga Jonathan,149,143,18.866666666666667,2.0,1.0,3.0,0.0,
9896,519494,Lyles Trey,149,143,11.916666666666666,8.0,4.0,2.0,2.0,
9885,519494,McDaniels Jaden,149,143,21.166666666666668,16.0,3.0,0.0,4.0,
9897,519494,N. Omier,149,143,6.216666666666667,0.0,0.0,0.0,0.0,
9873,519494,Nembhard Andrew,143,149,16.316666666666666,4.0,1.0,2.0,0.0,
9869,519494,Nesmith Aaron,143,149,15.833333333333334,19.0,0.0,0.0,4.0,
9879,519494,Oubre Kelly Jr.,143,149,10.05,5.0,1.0,2.0,1.0,
9898,519494,Pullin Zyon,149,143,13.95,7.0,3.0,0.0,0.0,
9876,519494,Q. Jackson,143,149,9.883333333333333,5.0,1.0,1.0,1.0,
9878,519494,R. Mast,143,149,5.383333333333334,5.0,3.0,1.0,1.0,
9880,519494,Sheppard Ben,143,149,22.066666666666666,13.0,5.0,0.0,3.0,
9870,519494,Siakam Pascal,143,149,19.416666666666668,10.0,2.0,3.0,0.0,
9881,519494,Slawson Jalen,143,149,18.116666666666667,4.0,5.0,1.0,0.0,
9883,519494,Toppin Obi,143,149,10.983333333333333,10.0,2.0,1.0,1.0,
9884,519494,Walker Jarace,143,149,28.133333333333333,7.0,5.0,10.0,1.0,
9871,519494,Zubac Ivica,143,149,17.6,6.0,3.0,2.0,0.0,
9918,519495,Booker Devin,155,136,22.7,11.0,0.0,1.0,0.0,
9907,519495,Boston Brandon,136,155,4.783333333333333,2.0,0.0,0.0,0.0,
9916,519495,Bridges Miles,155,136,7.783333333333333,3.0,1.0,1.0,0.0,
9915,519495,Brooks Dillon,155,136,22.7,24.0,4.0,1.0,3.0,
9902,519495,C. Wilson,136,155,29.1,15.0,4.0,2.0,0.0,
9913,519495,D. Swain,136,155,21.883333333333333,10.0,2.0,6.0,0.0,
9908,519495,Essengue Noa,136,155,14.8,2.0,0.0,2.0,0.0,
9904,519495,Giddey Josh,136,155,23.333333333333332,7.0,3.0,7.0,1.0,
9923,519495,Gillespie Collin,155,136,13.983333333333333,12.0,3.0,2.0,3.0,
9924,519495,Goodwin Jordan,155,136,15.883333333333333,5.0,3.0,2.0,1.0,
9919,519495,Green Jalen,155,136,22.016666666666666,12.0,4.0,3.0,1.0,
9909,519495,Hield Buddy,136,155,14.883333333333333,8.0,2.0,3.0,1.0,
9925,519495,Highsmith Haywood,155,136,7.483333333333333,0.0,1.0,0.0,0.0,
9920,519495,J. Bouyea,155,136,12.0,9.0,0.0,2.0,1.0,
9927,519495,K. Maluach,155,136,25.333333333333332,8.0,7.0,4.0,0.0,
9928,519495,K. Peat,155,136,4.7,2.0,3.0,0.0,0.0,
9926,519495,Kennard Luke,155,136,13.3,8.0,2.0,4.0,0.0,
9901,519495,M. Buzelis,136,155,25.566666666666666,14.0,3.0,1.0,0.0,
9910,519495,Miller Leonard,136,155,14.433333333333334,14.0,1.0,2.0,1.0,
9917,519495,O. Ighodaro,155,136,17.533333333333335,8.0,2.0,2.0,0.0,
9911,519495,Okoro Isaac,136,155,16.966666666666665,2.0,1.0,2.0,0.0,
9912,519495,Peterson Drew,136,155,7.483333333333333,3.0,0.0,3.0,1.0,
9905,519495,Powell Norman,136,155,14.416666666666666,14.0,0.0,1.0,3.0,
9921,519495,R. Dunn,155,136,23.05,4.0,5.0,2.0,0.0,
9922,519495,R. Fleming,155,136,19.533333333333335,3.0,3.0,0.0,0.0,
9903,519495,Smith Jalen,136,155,19.883333333333333,13.0,8.0,1.0,2.0,
9929,519495,Spencer Patrick,155,136,12.0,8.0,0.0,1.0,2.0,
9906,519495,T. Awaka,136,155,21.35,14.0,11.0,0.0,1.0,
9914,519495,Williams Patrick,136,155,11.116666666666667,6.0,1.0,0.0,2.0,
9952,519496,A. Morales,153,146,16.666666666666668,2.0,8.0,0.0,0.0,
9944,519496,Banchero Paolo,153,146,15.066666666666666,11.0,1.0,5.0,0.0,
9947,519496,Bane Desmond,153,146,13.116666666666667,9.0,1.0,1.0,3.0,
9948,519496,Bitadze Goga,153,146,8.683333333333334,3.0,2.0,0.0,0.0,
9954,519496,Branham Malaki,153,146,6.166666666666667,2.0,2.0,0.0,0.0,
9931,519496,C. Boozer,146,153,22.216666666666665,16.0,6.0,2.0,2.0,
9934,519496,C. Coward,146,153,22.216666666666665,8.0,4.0,3.0,2.0,
9936,519496,C. Spencer,146,153,10.766666666666667,5.0,1.0,3.0,1.0,
9949,519496,Cain Jamal,153,146,17.25,12.0,2.0,1.0,2.0,
9950,519496,Carter Jevon,153,146,15.416666666666666,2.0,4.0,6.0,0.0,
9945,519496,Carter Wendell,153,146,15.25,13.0,4.0,2.0,3.0,
9935,519496,Grant Jerami,146,153,19.7,3.0,3.0,1.0,1.0,
9941,519496,Hendricks Taylor,146,153,4.266666666666667,5.0,0.0,0.0,1.0,
9946,519496,J. Richardson,153,146,20.583333333333332,3.0,3.0,2.0,1.0,
9930,519496,J. Wells,146,153,22.216666666666665,6.0,5.0,0.0,1.0,
9937,519496,Jackson Gregory,146,153,13.783333333333333,15.0,6.0,0.0,3.0,
9933,519496,Jerome Ty,146,153,19.416666666666668,17.0,1.0,4.0,1.0,
9955,519496,K. Knox,153,146,4.266666666666667,3.0,3.0,0.0,1.0,
9942,519496,Murray Kris,146,153,0.35,0.0,0.0,0.0,0.0,
9938,519496,Pippen Jr Scotty,146,153,13.783333333333333,1.0,0.0,2.0,0.0,
9939,519496,Q. Post,146,153,15.35,5.0,1.0,4.0,0.0,
9951,519496,T. da Silva,153,146,20.983333333333334,19.0,4.0,1.0,4.0,
9953,519496,Vucevic Nikola,153,146,12.066666666666666,9.0,3.0,1.0,3.0,
9940,519496,W. Clayton,146,153,5.816666666666666,4.0,1.0,2.0,0.0,
9943,519496,Wagner Franz,153,146,14.483333333333333,6.0,2.0,7.0,0.0,
9932,519496,Z. Edey,146,153,10.116666666666667,2.0,4.0,1.0,0.0,
9966,519497,A. Holifield,152,148,5.916666666666667,2.0,1.0,1.0,0.0,
9958,519497,A. Mara,152,148,25.016666666666666,22.0,6.0,2.0,0.0,
9961,519497,A. Mitchell,152,148,17.483333333333334,3.0,2.0,5.0,0.0,
9968,519497,A. Pritchard,152,148,9.583333333333334,2.0,1.0,2.0,0.0,
9964,519497,B. Barnhizer,152,148,19.15,6.0,3.0,1.0,0.0,
9979,519497,B. Burries,148,152,21.433333333333334,16.0,5.0,1.0,0.0,
9969,519497,B. Stirtz,152,148,21.966666666666665,20.0,5.0,2.0,4.0,
9984,519497,C. Ryan,148,152,11.2,2.0,2.0,0.0,0.0,
9970,519497,C. Tilly,152,148,7.633333333333333,0.0,2.0,0.0,0.0,
9957,519497,Caruso Alex,152,148,17.466666666666665,12.0,4.0,2.0,4.0,
9977,519497,Dieng Ousmane,148,152,22.516666666666666,8.0,5.0,7.0,0.0,
9959,519497,Gilgeous-Alexander Shai,152,148,18.116666666666667,17.0,3.0,5.0,3.0,
9975,519497,Herro Tyler,148,152,22.616666666666667,13.0,3.0,3.0,3.0,
9965,519497,J. Dix,152,148,13.916666666666666,3.0,0.0,0.0,1.0,
9963,519497,J. McCain,152,148,16.783333333333335,11.0,1.0,2.0,3.0,
9978,519497,Jakucionis Kasparas,148,152,17.65,10.0,4.0,4.0,2.0,
9971,519497,Jaquez Jr. Jaime,148,152,21.65,13.0,1.0,3.0,3.0,
9981,519497,K. Jones,148,152,10.183333333333334,0.0,2.0,2.0,0.0,
9982,519497,Markovic Bogoljub,148,152,5.716666666666667,2.0,2.0,0.0,0.0,
9976,519497,N. Ament,148,152,9.533333333333333,3.0,4.0,1.0,0.0,
9967,519497,O. Oweh,152,148,15.9,2.0,1.0,0.0,0.0,
9983,519497,P. Nance,148,152,12.583333333333334,6.0,5.0,0.0,2.0,
9974,519497,Rollins Ryan,148,152,20.9,12.0,3.0,7.0,2.0,
9980,519497,Sims Jericho,148,152,17.816666666666666,6.0,6.0,2.0,0.0,
9973,519497,Turner Myles,148,152,21.7,19.0,5.0,0.0,2.0,
9960,519497,Wallace Cason,152,148,18.383333333333333,7.0,3.0,6.0,1.0,
9972,519497,Ware Kel&apos;el,148,152,24.5,18.0,12.0,1.0,0.0,
9956,519497,Williams Jaylin,152,148,18.983333333333334,16.0,3.0,6.0,0.0,
9962,519497,Williams Kenrich,152,148,13.7,3.0,4.0,0.0,1.0,
10010,519498,A. Toohey,141,156,18.833333333333332,5.0,1.0,2.0,1.0,
9985,519498,Avdija Deni,156,141,21.016666666666666,23.0,2.0,1.0,3.0,
9994,519498,B. Carlson,156,141,9.166666666666666,4.0,3.0,0.0,0.0,
10004,519498,Bassey Charles,141,156,24.15,13.0,6.0,1.0,0.0,
10001,519498,C. Youngblood,156,141,12.0,8.0,2.0,3.0,2.0,
9986,519498,Camara Toumani,156,141,19.35,5.0,1.0,1.0,1.0,
9990,519498,Cissoko Sidy,156,141,16.0,0.0,1.0,1.0,0.0,
9987,519498,D. Clingan,156,141,19.666666666666668,3.0,10.0,2.0,0.0,
10008,519498,G. Ike,141,156,23.783333333333335,10.0,6.0,2.0,2.0,
9992,519498,Henderson Scoot,156,141,16.95,9.0,3.0,3.0,1.0,
9991,519498,Holiday Jrue,156,141,19.2,5.0,7.0,6.0,1.0,
9995,519498,J. Kent,156,141,3.466666666666667,3.0,1.0,1.0,1.0,
9999,519498,J. Tonje,156,141,3.466666666666667,0.0,0.0,1.0,0.0,
9996,519498,Krejci Vit,156,141,13.5,3.0,4.0,3.0,1.0,
10009,519498,L. Cryer,141,156,18.3,6.0,1.0,1.0,1.0,
9988,519498,Lillard Damian,156,141,19.266666666666666,15.0,1.0,1.0,3.0,
10007,519498,M. Kelly,141,156,28.366666666666667,24.0,7.0,6.0,6.0,
10003,519498,M. Leons,141,156,33.31666666666667,5.0,5.0,0.0,1.0,
9989,519498,Morant Ja,156,141,19.05,8.0,2.0,5.0,0.0,
9997,519498,Potter Micah,156,141,13.0,13.0,6.0,1.0,2.0,
9998,519498,Sochan Jeremy,156,141,9.266666666666667,10.0,0.0,0.0,2.0,
10002,519498,Terry Dalen,141,156,42.56666666666667,23.0,8.0,8.0,4.0,
10006,519498,W. Richard,141,156,32.75,15.0,3.0,2.0,3.0,
10005,519498,Williams Brandon,141,156,17.916666666666668,17.0,3.0,4.0,1.0,
9993,519498,Williams Robert,156,141,13.633333333333333,8.0,5.0,1.0,0.0,
10000,519498,Yang Hansen,156,141,12.0,6.0,2.0,4.0,0.0,
10028,519499,A. Dybantsa,161,151,23.083333333333332,11.0,2.0,2.0,0.0,
10018,519499,Alvarado Jose,151,161,13.833333333333334,6.0,2.0,1.0,0.0,
10012,519499,Anunoby Ogugua,151,161,18.766666666666666,10.0,5.0,1.0,0.0,
10030,519499,Ayton Deandre,161,151,17.35,4.0,10.0,1.0,0.0,
10036,519499,Beekman,161,151,5.783333333333333,0.0,0.0,0.0,0.0,
10011,519499,Bridges Mikal,151,161,20.15,2.0,1.0,3.0,0.0,
10022,519499,Brown Bruce,151,161,10.133333333333333,4.0,1.0,1.0,0.0,
10014,519499,Brunson Jalen,151,161,20.15,13.0,0.0,3.0,1.0,
10037,519499,C. Carrington,161,151,17.366666666666667,11.0,3.0,1.0,2.0,
10040,519499,C. Livingston,161,151,5.783333333333333,5.0,0.0,0.0,1.0,
10038,519499,Champagnie Justin,161,151,18.716666666666665,12.0,3.0,0.0,1.0,
10023,519499,Clarkson Jordan,151,161,9.15,7.0,0.0,0.0,1.0,
10033,519499,Coulibaly Bilal,161,151,19.166666666666668,2.0,5.0,1.0,0.0,
10024,519499,Dadiet Pacome,151,161,12.35,5.0,5.0,0.0,1.0,
10029,519499,Davis Anthony,161,151,16.766666666666666,16.0,7.0,2.0,2.0,
10020,519499,Diawara Mohamed,151,161,13.333333333333334,0.0,2.0,3.0,0.0,
10016,519499,Drummond Andre,151,161,20.4,8.0,9.0,4.0,0.0,
10042,519499,F. Okpara,161,151,20.366666666666667,7.0,6.0,1.0,0.0,
10039,519499,Gill Anthony,161,151,3.6333333333333333,3.0,0.0,0.0,0.0,
10015,519499,Hart Josh,151,161,20.95,13.0,6.0,3.0,1.0,
10021,519499,J. Akins,151,161,5.783333333333333,5.0,1.0,1.0,1.0,
10032,519499,K. George,161,151,21.516666666666666,12.0,7.0,5.0,2.0,
10041,519499,Mann Tre,161,151,16.283333333333335,6.0,5.0,4.0,1.0,
10017,519499,McBride Miles,151,161,15.666666666666666,6.0,2.0,0.0,1.0,
10019,519499,Shamet Landry,151,161,15.85,13.0,4.0,0.0,3.0,
10034,519499,T. Johnson,161,151,17.7,5.0,1.0,0.0,1.0,
10025,519499,T. Kolek,151,161,10.1,2.0,1.0,3.0,0.0,
10026,519499,T. Nickel,151,161,5.783333333333333,3.0,0.0,2.0,1.0,
10013,519499,Towns Karl-Anthony,151,161,18.766666666666666,8.0,7.0,3.0,1.0,
10035,519499,W. Riley,161,151,19.133333333333333,2.0,4.0,1.0,0.0,
10027,519499,Wiseman James,151,161,8.833333333333334,4.0,1.0,0.0,0.0,
10031,519499,Young Trae,161,151,17.35,15.0,0.0,4.0,3.0,
10053,519500,Brown Jaylen,154,134,23.833333333333332,18.0,2.0,2.0,1.0,
10048,519500,C. Johnson,134,154,17.85,9.0,4.0,2.0,1.0,
10063,519500,C. Love,154,134,1.5666666666666667,0.0,0.0,0.0,0.0,
10058,519500,Caldwell-Pope Kentavious,154,134,12.433333333333334,2.0,1.0,1.0,0.0,
10043,519500,Clowney Noah,134,154,19.8,11.0,1.0,0.0,2.0,
10052,519500,D. Powell,134,154,14.433333333333334,4.0,0.0,1.0,0.0,
10050,519500,D. Wolf,134,154,16.15,9.0,6.0,4.0,1.0,
10046,519500,Demin Egor,134,154,21.6,13.0,1.0,5.0,1.0,
10047,519500,Ellis Keon,134,154,21.366666666666667,12.0,2.0,0.0,2.0,
10055,519500,Embiid Joel,154,134,23.7,6.0,3.0,3.0,0.0,
10062,519500,J. Edwards,154,134,9.533333333333333,0.0,2.0,0.0,0.0,
10057,519500,J. V. Edgecombe,154,134,22.7,11.0,5.0,1.0,0.0,
10054,519500,James LeBron,154,134,18.066666666666666,10.0,4.0,5.0,0.0,
10061,519500,L. Philon,154,134,16.45,3.0,2.0,1.0,1.0,
10056,519500,Maxey Tyrese,154,134,18.85,14.0,2.0,2.0,2.0,
10051,519500,Minott Josh,134,154,13.116666666666667,3.0,2.0,0.0,1.0,
10049,519500,N. Traore,134,154,15.916666666666666,12.0,1.0,2.0,2.0,
10044,519500,Randle Julius,134,154,21.616666666666667,14.0,6.0,2.0,0.0,
10064,519500,Rupert Rayan,154,134,4.833333333333333,2.0,2.0,0.0,0.0,
10059,519500,Wade Dean,154,134,15.733333333333333,7.0,4.0,0.0,2.0,
10045,519500,Wagner Moritz,134,154,18.15,6.0,3.0,1.0,0.0,
10060,519500,Walker Jabari,154,134,12.3,8.0,6.0,0.0,0.0,
10087,519501,A. Flagler,157,145,8.3,0.0,0.0,1.0,0.0,
10088,519501,A. Karaban,157,145,20.433333333333334,7.0,3.0,2.0,2.0,
10076,519501,A. Okereke,145,157,5.0,3.0,2.0,0.0,0.0,
10066,519501,A. Thiero,145,157,21.2,6.0,3.0,1.0,0.0,
10081,519501,Achiuwa Precious,157,145,24.433333333333334,18.0,5.0,3.0,0.0,
10085,519501,Black Leaky,157,145,10.75,4.0,2.0,1.0,0.0,
10075,519501,C. Manon,145,157,5.866666666666667,2.0,0.0,0.0,0.0,
10093,519501,D. Cardwell,157,145,11.5,0.0,7.0,2.0,0.0,
10068,519501,Doncic Luka,145,157,25.05,23.0,3.0,3.0,2.0,
10090,519501,E. Payton,157,145,10.3,0.0,3.0,2.0,0.0,
10092,519501,E. Sharp,157,145,21.1,11.0,3.0,1.0,3.0,
10065,519501,Grimes Quentin,145,157,28.533333333333335,12.0,0.0,0.0,2.0,
10070,519501,Hardy Jaden,145,157,9.15,6.0,0.0,0.0,0.0,
10080,519501,Hunter De&apos;Andre,157,145,18.133333333333333,3.0,4.0,0.0,0.0,
10071,519501,J. B. James,145,157,22.083333333333332,4.0,4.0,6.0,0.0,
10083,519501,J. D. Acuff,157,145,23.383333333333333,12.0,0.0,1.0,2.0,
10089,519501,J. Mogbo,157,145,21.533333333333335,12.0,6.0,3.0,0.0,
10073,519501,LaRavia Jake,145,157,24.016666666666666,17.0,4.0,3.0,3.0,
10084,519501,LaVine Zach,157,145,22.966666666666665,11.0,1.0,4.0,0.0,
10067,519501,Looney Kevon,145,157,17.05,4.0,5.0,1.0,0.0,
10082,519501,M. Raynaud,157,145,23.966666666666665,13.0,10.0,2.0,0.0,
10074,519501,Mamukelashvili Sandro,145,157,21.016666666666666,19.0,3.0,4.0,3.0,
10086,519501,N. Clifford,157,145,12.033333333333333,4.0,3.0,6.0,0.0,
10091,519501,Plowden Daeqwon,157,145,11.183333333333334,15.0,0.0,1.0,3.0,
10069,519501,Reaves Austin,145,157,24.816666666666666,8.0,5.0,8.0,0.0,
10077,519501,Swider Cole,145,157,3.7333333333333334,1.0,0.0,0.0,0.0,
10078,519501,Thybulle Matisse,145,157,20.5,3.0,4.0,1.0,1.0,
10079,519501,Vanderbilt Jarred,145,157,8.7,4.0,5.0,0.0,0.0,
10072,519501,W. Kyle,145,157,3.283333333333333,2.0,0.0,0.0,0.0,
10104,520680,A. T. Ledesma,296,288,0.9666666666666667,0.0,0.0,0.0,0.0,
10098,520680,Acuna Roberto,296,288,28.783333333333335,16.0,6.0,2.0,0.0,
10113,520680,Aguerre Federico,288,296,19.633333333333333,9.0,4.0,1.0,1.0,
10107,520680,B. Lugarini,288,296,27.25,10.0,6.0,2.0,0.0,
10109,520680,Carreras Xavier,288,296,26.166666666666668,4.0,3.0,1.0,0.0,
10108,520680,Corbalan Juan Pablo,288,296,28.783333333333335,11.0,3.0,4.0,2.0,
10102,520680,E. Centeno,296,288,8.516666666666667,0.0,1.0,0.0,0.0,
10101,520680,E. Lezcano,296,288,4.766666666666667,3.0,0.0,0.0,1.0,
10100,520680,F. Farabello,296,288,20.466666666666665,13.0,3.0,2.0,3.0,
10103,520680,F. Ferraro,296,288,3.7666666666666666,0.0,0.0,0.0,0.0,
10097,520680,F. Ruesga,296,288,31.316666666666666,16.0,15.0,1.0,0.0,
10105,520680,G. Whelan,288,296,33.61666666666667,10.0,6.0,3.0,0.0,
10096,520680,J. Montero,296,288,33.15,5.0,1.0,3.0,1.0,
10106,520680,Jones Torren,288,296,32.95,17.0,9.0,0.0,0.0,
10110,520680,K. Pomare,288,296,8.75,0.0,1.0,0.0,0.0,
10099,520680,K. Stone,296,288,11.366666666666667,2.0,1.0,1.0,0.0,
10112,520680,L. Andersson,288,296,1.3833333333333333,0.0,0.0,0.0,0.0,
10095,520680,Orresta Sebastian,296,288,26.966666666666665,7.0,4.0,1.0,1.0,
10094,520680,P. Gramajo,296,288,29.916666666666668,11.0,1.0,2.0,2.0,
10111,520680,Vildoza Leonardo,288,296,21.45,2.0,1.0,1.0,0.0,
10131,520681,Burgos Nicolas,294,295,20.983333333333334,13.0,7.0,1.0,0.0,
10120,520681,Conrradi Francisco,295,294,21.083333333333332,7.0,6.0,3.0,1.0,
10121,520681,Copello Nicolas,295,294,18.783333333333335,13.0,1.0,2.0,2.0,
10126,520681,Copes Eric,294,295,19.016666666666666,2.0,6.0,0.0,0.0,
10132,520681,Cordoba Gaston,294,295,12.266666666666667,0.0,1.0,1.0,0.0,
10127,520681,Cosolito Mauro,294,295,18.383333333333333,10.0,2.0,2.0,3.0,
10124,520681,E. Roth,295,294,7.233333333333333,0.0,0.0,0.0,0.0,
10125,520681,F. Rutenberg,295,294,17.016666666666666,9.0,0.0,1.0,1.0,
10130,520681,F. Terra,294,295,17.283333333333335,8.0,3.0,0.0,2.0,
10135,520681,G. Pappalardi,294,295,4.816666666666666,0.0,3.0,0.0,0.0,
10128,520681,Goicoechea Mariano,294,295,21.416666666666668,13.0,2.0,2.0,1.0,
10133,520681,Grun Federico,294,295,15.116666666666667,0.0,2.0,0.0,0.0,
10114,520681,Johnson Tyren,295,294,20.8,15.0,2.0,2.0,3.0,
10115,520681,Laterza Juan,295,294,6.066666666666666,2.0,0.0,0.0,0.0,
10123,520681,Martinez Nicolas,295,294,19.2,17.0,6.0,1.0,2.0,
10116,520681,Mendez Franco,295,294,21.933333333333334,9.0,6.0,4.0,1.0,
10134,520681,Morales Julian,294,295,14.2,2.0,2.0,0.0,0.0,
10119,520681,S. Bogado,295,294,2.6833333333333336,1.0,0.0,0.0,0.0,
10117,520681,Saiz Javier,295,294,19.216666666666665,7.0,4.0,1.0,0.0,
10136,520681,Santiago Ramiro,294,295,24.316666666666666,13.0,4.0,2.0,3.0,
10129,520681,Smaniotti Franco,294,295,22.233333333333334,2.0,3.0,2.0,0.0,
10118,520681,Solanas Matias,295,294,28.583333333333332,12.0,4.0,1.0,3.0,
10122,520681,T. Gallizzi,295,294,17.416666666666668,2.0,2.0,0.0,0.0,
10137,520681,Urbina Anthoan,294,295,9.95,4.0,0.0,1.0,0.0,
10152,520682,A. Elsener,289,286,25.6,7.0,5.0,2.0,1.0,
10151,520682,Acevedo Sebastian,289,286,23.333333333333332,4.0,3.0,1.0,0.0,
10149,520682,B. Beavers,289,286,31.283333333333335,14.0,5.0,1.0,1.0,
10147,520682,B. Stevens,286,289,15.583333333333334,0.0,5.0,3.0,0.0,
10142,520682,C. Rivero,286,289,24.416666666666668,6.0,9.0,0.0,0.0,
10144,520682,Carrasco Sebastian,286,289,26.183333333333334,17.0,5.0,3.0,3.0,
10143,520682,Chacon Marcos,286,289,23.55,17.0,4.0,2.0,2.0,
10156,520682,E. G. Maglietti,289,286,0.31666666666666665,0.0,0.0,0.0,0.0,
10157,520682,F. Alorda,289,286,7.116666666666666,3.0,0.0,0.0,0.0,
10155,520682,Facello Agustin,289,286,17.966666666666665,0.0,4.0,0.0,0.0,
10145,520682,Forestier Valentin,286,289,12.266666666666667,4.0,1.0,0.0,0.0,
10148,520682,G. Balbo,286,289,14.5,8.0,0.0,1.0,2.0,
10153,520682,Graterol Windi,289,286,32.88333333333333,20.0,5.0,2.0,1.0,
10139,520682,Inyaco Felipe,286,289,25.45,20.0,0.0,1.0,6.0,
10140,520682,M. Dato,286,289,27.116666666666667,10.0,4.0,2.0,0.0,
10150,520682,M. Marina,289,286,27.35,21.0,6.0,1.0,1.0,
10154,520682,Nuno Tomas,289,286,34.15,17.0,6.0,1.0,0.0,
10138,520682,O. Okafor,286,289,17.116666666666667,3.0,2.0,1.0,1.0,
10146,520682,S. Lasarte,286,289,0.0,0.0,0.0,0.0,0.0,
10141,520682,Toretta Emiliano,286,289,13.816666666666666,7.0,3.0,0.0,1.0,
10168,520684,A. Henriquez,281,295,28.95,2.0,6.0,3.0,0.0,
10169,520684,Arengo Juan,281,295,33.43333333333333,15.0,3.0,2.0,0.0,
10172,520684,B. Imaz,281,295,3.966666666666667,0.0,0.0,0.0,0.0,
10167,520684,Balbi Franco,281,295,29.316666666666666,10.0,3.0,4.0,2.0,
10171,520684,Carabali Bryan,281,295,22.633333333333333,12.0,5.0,0.0,0.0,
10159,520684,Conrradi Francisco,295,281,18.733333333333334,10.0,2.0,4.0,2.0,
10163,520684,Copello Nicolas,295,281,22.633333333333333,11.0,7.0,2.0,1.0,
10170,520684,D. Laster,281,295,24.566666666666666,17.0,3.0,0.0,2.0,
10164,520684,F. Rutenberg,295,281,25.35,18.0,2.0,1.0,3.0,
10174,520684,G. Bressan,281,295,29.7,12.0,10.0,3.0,1.0,
10158,520684,Johnson Tyren,295,281,13.016666666666667,0.0,2.0,1.0,0.0,
10165,520684,Martinez Nicolas,295,281,22.6,7.0,4.0,2.0,1.0,
10161,520684,Mendez Franco,295,281,27.283333333333335,6.0,4.0,2.0,2.0,
10162,520684,Saiz Javier,295,281,24.616666666666667,5.0,5.0,1.0,0.0,
10160,520684,Solanas Matias,295,281,30.716666666666665,24.0,3.0,2.0,6.0,
10166,520684,T. Gallizzi,295,281,15.066666666666666,2.0,1.0,1.0,0.0,
10173,520684,Vazquez Facundo,281,295,27.433333333333334,9.0,1.0,2.0,1.0,
10188,520685,A. Elsener,289,294,28.283333333333335,10.0,6.0,4.0,2.0,
10187,520685,Acevedo Sebastian,289,294,32.083333333333336,17.0,6.0,3.0,1.0,
10185,520685,B. Beavers,289,294,33.46666666666667,12.0,3.0,6.0,1.0,
10184,520685,Burgos Nicolas,294,289,7.533333333333333,0.0,2.0,0.0,0.0,
10178,520685,Copes Eric,294,289,32.46666666666667,20.0,7.0,0.0,0.0,
10183,520685,Cordoba Gaston,294,289,18.6,2.0,1.0,1.0,0.0,
10179,520685,Cosolito Mauro,294,289,27.1,10.0,4.0,3.0,2.0,
10192,520685,F. Alorda,289,294,13.933333333333334,6.0,0.0,0.0,0.0,
10177,520685,F. Terra,294,289,21.266666666666666,5.0,1.0,4.0,1.0,
10191,520685,Facello Agustin,289,294,20.3,13.0,0.0,4.0,3.0,
10180,520685,Goicoechea Mariano,294,289,8.283333333333333,0.0,1.0,0.0,0.0,
10189,520685,Graterol Windi,289,294,26.066666666666666,16.0,6.0,1.0,2.0,
10175,520685,Grun Federico,294,289,23.666666666666668,9.0,4.0,3.0,3.0,
10186,520685,M. Marina,289,294,25.416666666666668,12.0,1.0,4.0,2.0,
10182,520685,Morales Julian,294,289,20.95,13.0,1.0,5.0,2.0,
10190,520685,Nuno Tomas,289,294,20.466666666666665,4.0,2.0,0.0,0.0,
10181,520685,Santiago Ramiro,294,289,19.416666666666668,13.0,1.0,2.0,3.0,
10176,520685,Smaniotti Franco,294,289,20.716666666666665,14.0,6.0,1.0,1.0,
10194,520687,A. D. Corum,292,281,25.933333333333334,14.0,10.0,3.0,2.0,
10203,520687,A. Henriquez,281,292,36.36666666666667,15.0,4.0,4.0,1.0,
10193,520687,A. Wrighten,292,281,34.38333333333333,25.0,3.0,2.0,6.0,
10204,520687,Arengo Juan,281,292,34.21666666666667,23.0,3.0,4.0,2.0,
10210,520687,B. Imaz,281,292,0.08333333333333333,0.0,0.0,0.0,0.0,
10202,520687,Balbi Franco,281,292,28.066666666666666,11.0,2.0,3.0,2.0,
10206,520687,Carabali Bryan,281,292,21.133333333333333,7.0,15.0,2.0,0.0,
10205,520687,D. Laster,281,292,29.4,11.0,4.0,1.0,3.0,
10208,520687,G. Bressan,281,292,26.316666666666666,15.0,6.0,1.0,1.0,
10209,520687,G. Misetich,281,292,3.2666666666666666,0.0,0.0,0.0,0.0,
10197,520687,H. Elisias,292,281,21.166666666666668,10.0,3.0,1.0,0.0,
10201,520687,J. B. Lopez Lorenz,292,281,9.266666666666667,4.0,2.0,0.0,0.0,
10200,520687,J. Frontera,292,281,11.45,3.0,3.0,3.0,0.0,
10196,520687,Mariani Guido,292,281,23.416666666666668,0.0,5.0,2.0,0.0,
10199,520687,Paz Ezequiel,292,281,20.416666666666668,7.0,2.0,0.0,1.0,
10195,520687,Perez Lucas,292,281,30.766666666666666,9.0,3.0,7.0,2.0,
10198,520687,Romegialli Santino,292,281,23.216666666666665,15.0,6.0,1.0,1.0,
10207,520687,Vazquez Facundo,281,292,21.133333333333333,9.0,3.0,3.0,1.0,
10229,520688,A. Azpilicueta,2366,282,19.116666666666667,2.0,4.0,1.0,0.0,
10231,520688,A. Costa,2366,282,6.416666666666667,2.0,1.0,0.0,0.0,
10230,520688,Barrales Santiago,2366,282,23.433333333333334,5.0,5.0,1.0,0.0,
10220,520688,Barreiro Agustin,282,2366,16.516666666666666,12.0,3.0,1.0,1.0,
10224,520688,Brocal Agustin,2366,282,28.85,9.0,2.0,2.0,1.0,
10221,520688,Cuello Martin,282,2366,19.55,7.0,3.0,1.0,1.0,
10222,520688,E. Torrens,282,2366,1.9333333333333333,0.0,0.0,0.0,0.0,
10215,520688,F. Caffaro,282,2366,19.15,9.0,4.0,2.0,0.0,
10216,520688,Faggiano Lucas,282,2366,18.116666666666667,4.0,3.0,2.0,0.0,
10228,520688,Fernandez Victor,2366,282,16.05,9.0,1.0,3.0,2.0,
10218,520688,Helmanis Kriss,282,2366,19.083333333333332,6.0,8.0,5.0,0.0,
10232,520688,J. C. Oberto,2366,282,18.616666666666667,7.0,2.0,1.0,0.0,
10214,520688,Lema Leonardo,282,2366,23.333333333333332,11.0,8.0,1.0,1.0,
10211,520688,M. Warren,282,2366,21.183333333333334,15.0,4.0,0.0,3.0,
10213,520688,Monacchi Tomas,282,2366,19.55,7.0,1.0,0.0,1.0,
10223,520688,Sansimoni Bruno,2366,282,23.95,10.0,3.0,5.0,1.0,
10217,520688,Stenta Nicolas,282,2366,16.983333333333334,3.0,1.0,2.0,1.0,
10226,520688,T. Prince,2366,282,22.2,6.0,2.0,2.0,0.0,
10227,520688,Torresi Jonatan,2366,282,19.233333333333334,9.0,3.0,1.0,1.0,
10219,520688,V. Finetti Lopez,282,2366,2.7333333333333334,0.0,2.0,0.0,0.0,
10212,520688,Vildoza Jose,282,2366,21.883333333333333,22.0,4.0,4.0,4.0,
10225,520688,W. Vorhees,2366,282,22.133333333333333,14.0,6.0,2.0,1.0,
10233,520689,A. Caffaro,5593,285,25.083333333333332,21.0,9.0,0.0,1.0,
10241,520689,A. Grytsak,5593,285,14.483333333333333,9.0,5.0,0.0,1.0,
10247,520689,Bettiga Valentin,285,5593,32.35,13.0,7.0,1.0,3.0,
10252,520689,C. Rodriguez,285,5593,3.183333333333333,4.0,0.0,0.0,0.0,
10248,520689,Defelippo Jose,285,5593,15.816666666666666,8.0,1.0,0.0,2.0,
10239,520689,F. Barrionuevo,5593,285,21.783333333333335,12.0,3.0,3.0,4.0,
10245,520689,F. Zezular,285,5593,29.966666666666665,9.0,6.0,1.0,0.0,
10242,520689,Filipetti Enzo,5593,285,9.65,1.0,0.0,1.0,0.0,
10251,520689,Gallegos Rodrigo,285,5593,15.3,7.0,2.0,5.0,1.0,
10234,520689,Guerrero Juan Martin,5593,285,18.216666666666665,8.0,2.0,3.0,1.0,
10249,520689,Hernandez Kevin,285,5593,11.05,16.0,4.0,0.0,0.0,
10244,520689,J. D. Martinez,285,5593,25.783333333333335,5.0,6.0,3.0,1.0,
10243,520689,Lezcano Emiliano,285,5593,29.966666666666665,25.0,3.0,3.0,2.0,
10238,520689,Marcucci Nicolas Javier,5593,285,14.383333333333333,2.0,3.0,0.0,0.0,
10240,520689,Pautasso Agustin,5593,285,19.183333333333334,9.0,5.0,1.0,1.0,
10246,520689,Pinero Facundo,285,5593,20.05,9.0,1.0,1.0,1.0,
10237,520689,R. Vallejos,5593,285,22.7,5.0,3.0,1.0,1.0,
10250,520689,Rodriguez Felipe,285,5593,16.533333333333335,1.0,0.0,0.0,0.0,
10236,520689,Rolfi Fortunato,5593,285,31.283333333333335,20.0,5.0,6.0,3.0,
10235,520689,Tabarez Patricio,5593,285,23.216666666666665,5.0,3.0,2.0,1.0,
10262,520690,A. Barahona,7546,298,9.5,2.0,4.0,0.0,0.0,
10259,520690,Assum Santiago,7546,298,13.783333333333333,0.0,0.0,0.0,0.0,
10254,520690,Barral Pedro,7546,298,36.416666666666664,22.0,3.0,11.0,4.0,
10269,520690,Collomb Diego,298,7546,38.333333333333336,30.0,5.0,3.0,4.0,
10265,520690,Garcia Gaston,298,7546,19.05,11.0,1.0,2.0,1.0,
10264,520690,Giletto Salvador,298,7546,37.8,12.0,6.0,2.0,2.0,
10256,520690,J. Bocca,7546,298,30.266666666666666,17.0,2.0,3.0,5.0,
10270,520690,J. Gorosito,298,7546,37.833333333333336,18.0,3.0,2.0,3.0,
10260,520690,J. Respaud,7546,298,13.583333333333334,2.0,0.0,3.0,0.0,
10267,520690,L. Berra Fernandez,298,7546,11.383333333333333,4.0,3.0,0.0,0.0,
10268,520690,Lugo Sebastian,298,7546,43.93333333333333,26.0,12.0,1.0,4.0,
10253,520690,M. Chiarini,7546,298,40.03333333333333,32.0,4.0,5.0,5.0,
10255,520690,M. Delia,7546,298,27.166666666666668,7.0,3.0,0.0,0.0,
10263,520690,M. Morera,7546,298,3.7,2.0,0.0,0.0,0.0,
10266,520690,M. Rearte,298,7546,11.65,0.0,1.0,0.0,0.0,
10271,520690,Moreira,298,7546,38.61666666666667,20.0,15.0,3.0,0.0,
10257,520690,N. Romano,7546,298,31.766666666666666,23.0,6.0,2.0,1.0,
10272,520690,Ramallo Geronimo,298,7546,11.416666666666666,2.0,5.0,0.0,0.0,
10258,520690,Rodriguez Manuel,7546,298,18.533333333333335,5.0,7.0,0.0,1.0,
10261,520690,Stucky Norberto,7546,298,25.266666666666666,14.0,6.0,1.0,3.0,
10275,520691,Aguirre Gustavo,297,286,21.2,12.0,1.0,3.0,2.0,
10293,520691,B. Stevens,286,297,19.433333333333334,5.0,7.0,1.0,0.0,
10276,520691,C. Hornbeak,297,286,19.066666666666666,7.0,4.0,0.0,0.0,
10289,520691,C. Rivero,286,297,20.566666666666666,5.0,9.0,0.0,0.0,
10291,520691,Carrasco Sebastian,286,297,21.2,15.0,1.0,1.0,3.0,
10290,520691,Chacon Marcos,286,297,25.6,13.0,5.0,1.0,0.0,
10277,520691,Flor Eric,297,286,21.666666666666668,5.0,1.0,3.0,1.0,
10292,520691,Forestier Valentin,286,297,9.9,0.0,0.0,1.0,0.0,
10294,520691,G. Balbo,286,297,4.566666666666666,0.0,0.0,0.0,0.0,
10278,520691,Gargallo Lucas,297,286,17.716666666666665,3.0,4.0,2.0,1.0,
10286,520691,Inyaco Felipe,286,297,22.45,6.0,1.0,1.0,1.0,
10280,520691,J. Actis,297,286,0.6666666666666666,0.0,0.0,0.0,0.0,
10287,520691,M. Dato,286,297,31.833333333333332,12.0,1.0,2.0,0.0,
10284,520691,Maricevic Antun,297,286,20.5,11.0,5.0,1.0,0.0,
10274,520691,Mata Marcos,297,286,22.166666666666668,10.0,7.0,2.0,2.0,
10285,520691,O. Okafor,286,297,14.683333333333334,2.0,2.0,1.0,0.0,
10281,520691,S. Calderon,297,286,18.8,14.0,0.0,1.0,2.0,
10283,520691,Schattmann Leonel,297,286,20.15,12.0,2.0,3.0,1.0,
10279,520691,T. Roca,297,286,4.333333333333333,0.0,0.0,0.0,0.0,
10273,520691,Thornton Raynere,297,286,33.28333333333333,15.0,1.0,2.0,1.0,
10288,520691,Toretta Emiliano,286,297,29.766666666666666,15.0,2.0,2.0,3.0,
10282,520691,V. Nesci,297,286,0.45,0.0,0.0,0.0,0.0,
10309,520837,C. Lee,73,7950,20.6,4.0,1.0,2.0,0.0,
10303,520837,C. W. Nip,7950,73,0.13333333333333333,0.0,0.0,0.0,0.0,
10315,520837,Chen Kuan-Chuan,73,7950,2.9,3.0,0.0,0.0,1.0,
10306,520837,Chen Yu-Wei,73,7950,24.966666666666665,3.0,5.0,10.0,1.0,
10311,520837,Chou Kuei-Yu,73,7950,35.4,27.0,1.0,5.0,3.0,
10296,520837,D. Chongqui,7950,73,34.833333333333336,19.0,3.0,5.0,2.0,
10301,520837,D. Dillard,7950,73,29.7,16.0,3.0,1.0,1.0,
10300,520837,H. I. Ho,7950,73,15.916666666666666,7.0,0.0,0.0,1.0,
10295,520837,H. M. Lo,7950,73,11.366666666666667,2.0,2.0,0.0,0.0,
10313,520837,J. Nchekwube,73,7950,6.166666666666667,4.0,4.0,0.0,0.0,
10307,520837,J. Pickett,73,7950,36.88333333333333,16.0,11.0,3.0,1.0,
10310,520837,Kai-Chieh Hung,73,7950,20.766666666666666,16.0,1.0,1.0,4.0,
10297,520837,M. Hood,7950,73,32.733333333333334,19.0,5.0,3.0,1.0,
10302,520837,P. Shackelford,7950,73,35.416666666666664,23.0,7.0,7.0,2.0,
10308,520837,S. Lin,73,7950,5.516666666666667,0.0,1.0,0.0,0.0,
10305,520837,T. L. Lam,7950,73,14.5,0.0,2.0,3.0,0.0,
10312,520837,Ting-En Lai,73,7950,16.25,0.0,2.0,0.0,0.0,
10314,520837,Todorovic Marko,73,7950,30.383333333333333,30.0,17.0,5.0,0.0,
10299,520837,W. Chan,7950,73,17.016666666666666,0.0,2.0,0.0,0.0,
10304,520837,X. Yang,7950,73,6.683333333333334,3.0,1.0,1.0,1.0,
10298,520837,Z. Yu,7950,73,0.13333333333333333,0.0,0.0,0.0,0.0,
10325,520838,A. M. Fai,76,7347,14.733333333333333,1.0,0.0,2.0,0.0,
10322,520838,A. Vining,76,7347,38.46666666666667,26.0,4.0,8.0,3.0,
10316,520838,F. Ibrahim,7347,76,27.116666666666667,14.0,4.0,3.0,0.0,
10318,520838,Fenner Derrick Jr.,7347,76,32.25,13.0,5.0,3.0,1.0,
10320,520838,Ildefonso Dave,7347,76,28.716666666666665,9.0,4.0,0.0,0.0,
10319,520838,J. Johnson,7347,76,32.38333333333333,14.0,4.0,4.0,2.0,
10323,520838,J. Leung,76,7347,36.3,20.0,3.0,4.0,6.0,
10321,520838,M. Diouf,7347,76,18.0,4.0,12.0,1.0,0.0,
10317,520838,M. Eric,7347,76,25.75,10.0,5.0,2.0,0.0,
10324,520838,Mockevicius Egidijus,76,7347,36.016666666666666,7.0,11.0,0.0,0.0,
10326,520838,Pan Robert,76,7347,25.683333333333334,2.0,2.0,0.0,0.0,
10327,520838,R. Cao,76,7347,18.3,13.0,6.0,1.0,2.0,
10341,520896,Ballard Antonio,1232,2748,30.266666666666666,10.0,5.0,1.0,0.0,
10333,520896,E. Egle,2748,1232,28.6,17.0,5.0,1.0,3.0,
10332,520896,E. Lasenbergs,2748,1232,18.583333333333332,0.0,1.0,5.0,0.0,
10337,520896,F. Neilands,2748,1232,27.533333333333335,18.0,2.0,2.0,4.0,
10342,520896,Favre Brendan,1232,2748,29.933333333333334,2.0,6.0,1.0,0.0,
10344,520896,G. Walther,1232,2748,7.45,0.0,1.0,1.0,0.0,
10334,520896,H. Bajars,2748,1232,3.25,2.0,1.0,0.0,0.0,
10330,520896,I. Tamm,2748,1232,17.766666666666666,5.0,6.0,1.0,0.0,
10328,520896,J. Bryant,2748,1232,19.5,2.0,5.0,1.0,0.0,
10338,520896,K. Tchoua,1232,2748,33.38333333333333,15.0,7.0,0.0,0.0,
10339,520896,L. Keredzin,1232,2748,30.516666666666666,21.0,1.0,3.0,1.0,
10345,520896,L. Rietschin,1232,2748,10.433333333333334,2.0,1.0,0.0,0.0,
10329,520896,Macoha Rodijs,2748,1232,32.05,17.0,9.0,2.0,1.0,
10343,520896,Maquiesse Joanis,1232,2748,37.3,10.0,6.0,3.0,0.0,
10340,520896,Morris Dequan,1232,2748,19.066666666666666,14.0,4.0,0.0,0.0,
10346,520896,Pariat Leo,1232,2748,1.65,0.0,0.0,0.0,0.0,
10336,520896,R. Avontins,2748,1232,7.95,9.0,0.0,0.0,3.0,
10331,520896,R. Jocius,2748,1232,23.35,7.0,6.0,0.0,0.0,
10335,520896,R. Martinsons,2748,1232,21.416666666666668,4.0,1.0,6.0,0.0,
10368,520897,A. Christodoulou,1390,1375,4.533333333333333,0.0,0.0,0.0,0.0,
10365,520897,A. Konstantinou,1390,1375,2.1,0.0,0.0,0.0,0.0,
10350,520897,A. Matushev,1375,1390,29.333333333333332,8.0,4.0,3.0,1.0,
10358,520897,B. Bailey,1390,1375,33.55,18.0,2.0,0.0,2.0,
10357,520897,D. Clark,1390,1375,28.216666666666665,17.0,8.0,2.0,2.0,
10363,520897,G. Armakolas,1390,1375,11.05,4.0,1.0,0.0,0.0,
10367,520897,Georgiou Marios,1390,1375,7.483333333333333,2.0,0.0,0.0,0.0,
10356,520897,Ivanov Bozhidar,1375,1390,0.5166666666666667,0.0,0.0,0.0,0.0,
10359,520897,J. Johnson,1390,1375,28.6,14.0,8.0,5.0,2.0,
10351,520897,Lepichev Simeon,1375,1390,19.75,2.0,5.0,0.0,0.0,
10347,520897,McCloud Jalan,1375,1390,39.11666666666667,17.0,2.0,3.0,1.0,
10362,520897,McClure Kyran,1390,1375,17.35,4.0,2.0,2.0,0.0,
10355,520897,Mihaylov Stefan,1375,1390,22.033333333333335,3.0,3.0,0.0,1.0,
10366,520897,P. Faye,1390,1375,7.15,1.0,2.0,0.0,0.0,
10349,520897,R. Worster,1375,1390,23.666666666666668,9.0,6.0,3.0,0.0,
10361,520897,S. Carry,1390,1375,30.1,9.0,3.0,7.0,1.0,
10364,520897,S. Foullides,1390,1375,0.5166666666666667,0.0,0.0,0.0,0.0,
10352,520897,S. Sorak,1375,1390,15.433333333333334,6.0,2.0,0.0,0.0,
10360,520897,T. Glover,1390,1375,29.016666666666666,10.0,6.0,1.0,0.0,
10348,520897,T. Williams,1375,1390,22.783333333333335,8.0,3.0,0.0,0.0,
10353,520897,Titkov Nikolay,1375,1390,17.216666666666665,8.0,1.0,0.0,2.0,
10354,520897,Tsekov Georgi,1375,1390,9.816666666666666,0.0,2.0,0.0,0.0,
10375,520899,A. Jones,983,483,4.066666666666666,0.0,2.0,0.0,0.0,
10372,520899,A. Mukeba-Kasanda,983,483,16.416666666666668,5.0,5.0,2.0,0.0,
10370,520899,D. Rosser,983,483,26.0,13.0,3.0,1.0,0.0,
10380,520899,Durmo Ibrahim,983,483,28.05,19.0,7.0,2.0,0.0,
10386,520899,G. Ilves,483,983,21.033333333333335,8.0,1.0,3.0,1.0,
10373,520899,Girbea Tudor,983,483,13.05,0.0,0.0,1.0,0.0,
10389,520899,J. Rikberg,483,983,15.833333333333334,9.0,1.0,0.0,0.0,
10379,520899,Justice Kodi,983,483,25.083333333333332,9.0,2.0,1.0,1.0,
10369,520899,M. Azor,983,483,23.2,8.0,4.0,3.0,0.0,
10374,520899,Miseailo Mihail,983,483,4.25,0.0,1.0,0.0,0.0,
10383,520899,O. Metsalu,483,983,27.1,7.0,7.0,3.0,1.0,
10385,520899,O. Suurorg,483,983,23.283333333333335,17.0,2.0,4.0,5.0,
10376,520899,Olah Alexandru,983,483,4.916666666666667,0.0,1.0,0.0,0.0,
10377,520899,Polyak Laszlo,983,483,4.833333333333333,0.0,1.0,0.0,0.0,
10388,520899,Puidet Jaan,483,983,20.216666666666665,6.0,4.0,4.0,1.0,
10381,520899,S. Post,483,983,25.833333333333332,12.0,0.0,5.0,2.0,
10384,520899,S. Sutt,483,983,15.583333333333334,1.0,1.0,0.0,0.0,
10378,520899,Somacescu Tudor,983,483,21.083333333333332,7.0,3.0,5.0,0.0,
10371,520899,Sullivan Lewis,983,483,29.05,19.0,8.0,2.0,0.0,
10382,520899,T. Jurkatamm,483,983,23.533333333333335,2.0,1.0,3.0,0.0,
10387,520899,T. Niits,483,983,27.583333333333332,12.0,9.0,4.0,1.0,
10404,520900,C. Williams,2554,877,18.633333333333333,6.0,5.0,1.0,0.0,
10390,520900,D. Davis,877,2554,31.516666666666666,21.0,4.0,5.0,2.0,
10393,520900,F. Kleivdal,877,2554,22.816666666666666,8.0,5.0,1.0,1.0,
10397,520900,I. Lomboto,877,2554,1.3666666666666667,0.0,0.0,0.0,0.0,
10405,520900,I. Range,2554,877,26.333333333333332,16.0,6.0,1.0,2.0,
10391,520900,K. Dixon,877,2554,29.833333333333332,12.0,8.0,2.0,1.0,
10394,520900,K. Ledoux,877,2554,32.13333333333333,12.0,3.0,0.0,2.0,
10395,520900,L. Nilsen,877,2554,18.1,3.0,2.0,1.0,0.0,
10403,520900,M. Milivojevic,2554,877,20.483333333333334,3.0,5.0,3.0,1.0,
10408,520900,M. Protrka,2554,877,7.083333333333333,0.0,1.0,0.0,0.0,
10402,520900,Mikavica Bogdan,2554,877,36.416666666666664,10.0,2.0,1.0,1.0,
10399,520900,P. Olivier,877,2554,8.75,0.0,2.0,1.0,0.0,
10396,520900,R. Pantophlet,877,2554,3.35,0.0,1.0,0.0,0.0,
10400,520900,S. Sandal,877,2554,13.0,6.0,0.0,1.0,1.0,
10398,520900,Skouen Nikolas,877,2554,6.95,0.0,2.0,0.0,0.0,
10401,520900,T. Anderson,2554,877,38.0,4.0,5.0,2.0,0.0,
10392,520900,T. Barnies,877,2554,32.166666666666664,13.0,4.0,5.0,1.0,
10407,520900,Tomasevic Mladen,2554,877,27.966666666666665,13.0,12.0,3.0,0.0,
10406,520900,W. Kondrat,2554,877,25.083333333333332,19.0,4.0,2.0,2.0,
10415,520952,Arslanagic Adnan,7954,7952,31.716666666666665,18.0,1.0,6.0,2.0,
10412,520952,Cabrilo Aleksa,7952,7954,28.033333333333335,14.0,6.0,0.0,0.0,
10417,520952,D. Damadzic,7954,7952,0.48333333333333334,0.0,0.0,0.0,0.0,
10419,520952,I. Milicevic,7954,7952,21.333333333333332,9.0,4.0,1.0,1.0,
10410,520952,I. Stokic,7952,7954,24.816666666666666,3.0,4.0,1.0,1.0,
10418,520952,L. Egeljic,7954,7952,7.666666666666667,5.0,3.0,1.0,1.0,
10414,520952,Maran David,7954,7952,20.716666666666665,16.0,1.0,1.0,2.0,
10416,520952,Medunjanin Eman,7954,7952,22.3,0.0,2.0,2.0,0.0,
10413,520952,N. Gajic,7952,7954,36.766666666666666,10.0,7.0,6.0,2.0,
10411,520952,O. Miculovic,7952,7954,12.933333333333334,9.0,1.0,1.0,2.0,
10409,520952,V. Milovanovic,7952,7954,29.183333333333334,22.0,10.0,0.0,0.0,
10420,520953,A. Alikadic,6535,3010,32.666666666666664,27.0,5.0,4.0,4.0,
10424,520953,A. Kamaric,6535,3010,15.55,8.0,2.0,2.0,2.0,
10421,520953,Adzic Stefan,6535,3010,28.566666666666666,18.0,3.0,1.0,3.0,
10425,520953,C. Copeland,6535,3010,13.4,0.0,1.0,1.0,0.0,
10426,520953,C. Morgan,6535,3010,21.466666666666665,7.0,5.0,2.0,0.0,
10427,520953,Dragojevic Boris,3010,6535,33.86666666666667,22.0,2.0,4.0,3.0,
10422,520953,J. Dallas,6535,3010,25.133333333333333,4.0,7.0,1.0,0.0,
10431,520953,L. Jovicic,3010,6535,25.35,8.0,10.0,0.0,0.0,
10433,520953,M. Tomasevic,3010,6535,18.35,17.0,3.0,1.0,0.0,
10429,520953,N. Johnson,3010,6535,21.65,3.0,4.0,3.0,0.0,
10430,520953,N. Saric,3010,6535,35.266666666666666,12.0,4.0,5.0,0.0,
10423,520953,R. Susa,6535,3010,7.783333333333333,3.0,0.0,1.0,1.0,
10432,520953,V. Djurovic,3010,6535,16.55,2.0,0.0,1.0,0.0,
10428,520953,V. Stojic,3010,6535,23.316666666666666,15.0,3.0,0.0,3.0,
10452,520954,A. Peacock,7970,2552,13.033333333333333,2.0,5.0,0.0,0.0,
10445,520954,A. Powell,7970,2552,30.55,12.0,2.0,1.0,4.0,
10447,520954,B. Vukobrat,7970,2552,14.55,0.0,1.0,0.0,0.0,
10439,520954,Bilinovac Josip,2552,7970,11.233333333333333,1.0,0.0,1.0,0.0,
10438,520954,Bosnjak Matej,2552,7970,19.616666666666667,6.0,3.0,2.0,0.0,
10444,520954,C. Lewis,2552,7970,19.366666666666667,12.0,1.0,3.0,0.0,
10436,520954,Covic Josip,2552,7970,23.45,13.0,9.0,2.0,1.0,
10448,520954,H. Curovic,7970,2552,16.583333333333332,4.0,5.0,0.0,0.0,
10434,520954,J. Ola-Joseph,2552,7970,21.933333333333334,15.0,5.0,0.0,3.0,
10440,520954,Karacic Ivan,2552,7970,9.15,0.0,1.0,0.0,0.0,
10437,520954,M. Galic,2552,7970,26.766666666666666,6.0,2.0,2.0,0.0,
10451,520954,M. Jackson,7970,2552,22.283333333333335,12.0,3.0,2.0,2.0,
10453,520954,Mehic Amar,7970,2552,5.016666666666667,2.0,1.0,2.0,0.0,
10446,520954,N. Stankovic,7970,2552,17.716666666666665,0.0,0.0,0.0,0.0,
10435,520954,Persons Tayler Anthony,2552,7970,19.45,6.0,3.0,6.0,1.0,
10450,520954,S. Milosevic,7970,2552,26.216666666666665,18.0,4.0,3.0,2.0,
10449,520954,S. Todorovic,7970,2552,16.45,4.0,3.0,1.0,0.0,
10443,520954,Vujanovic Dominik,2552,7970,20.55,0.0,0.0,0.0,0.0,
10442,520954,Zganec Karlo,2552,7970,15.25,2.0,6.0,5.0,0.0,
10441,520954,Zubac Jure,2552,7970,13.233333333333333,15.0,7.0,0.0,1.0,
10461,520955,Bojanic Vuk,2549,5660,32.68333333333333,23.0,7.0,3.0,1.0,
10458,520955,D. Rebic,5660,2549,19.116666666666667,0.0,2.0,1.0,0.0,
10455,520955,Dmitrovic Vuk,5660,2549,25.116666666666667,7.0,0.0,0.0,1.0,
10457,520955,K. Kangu,5660,2549,27.116666666666667,18.0,6.0,1.0,1.0,
10456,520955,M. Buha,5660,2549,20.633333333333333,8.0,4.0,0.0,0.0,
10460,520955,O. Petronijevic,2549,5660,36.25,17.0,4.0,4.0,2.0,
10454,520955,P. Sanders,5660,2549,31.433333333333334,14.0,3.0,5.0,2.0,
10459,520955,S. Coralic,5660,2549,9.65,3.0,1.0,0.0,1.0,
10462,520955,Sakotic Dejan,2549,5660,9.033333333333333,6.0,1.0,1.0,2.0,
10477,520956,A. Delic,6160,1060,8.75,7.0,2.0,0.0,0.0,
10470,520956,A. Kahric,1060,6160,4.916666666666667,0.0,1.0,1.0,0.0,
10476,520956,Ahmedovic Emir,6160,1060,26.716666666666665,11.0,11.0,1.0,0.0,
10471,520956,Bukva Tarik,1060,6160,10.466666666666667,3.0,0.0,1.0,1.0,
10475,520956,D. Cvitanovic,6160,1060,35.733333333333334,10.0,2.0,6.0,0.0,
10473,520956,E. Preldzic,6160,1060,21.716666666666665,8.0,3.0,5.0,0.0,
10478,520956,Gavric Srdjan,6160,1060,29.4,13.0,5.0,0.0,3.0,
10468,520956,Gobovic Djordje,1060,6160,12.4,11.0,3.0,0.0,0.0,
10467,520956,Gutic Asim,1060,6160,16.1,3.0,4.0,0.0,1.0,
10465,520956,I. Polutak,1060,6160,18.1,7.0,3.0,1.0,0.0,
10472,520956,I. Volf,1060,6160,3.5166666666666666,3.0,1.0,0.0,0.0,
10466,520956,J. Stulic,1060,6160,25.05,6.0,4.0,0.0,1.0,
10463,520956,Jakupovic Jasmin,1060,6160,31.566666666666666,11.0,6.0,2.0,1.0,
10474,520956,Preldzic Edo,6160,1060,11.966666666666667,6.0,1.0,0.0,2.0,
10479,520956,R. Causevic,6160,1060,7.5,1.0,0.0,0.0,0.0,
10480,520956,Rizvic Ramo,6160,1060,28.666666666666668,15.0,4.0,3.0,2.0,
10464,520956,S. Campara,1060,6160,32.65,20.0,3.0,5.0,0.0,
10469,520956,S. Milanovic,1060,6160,11.533333333333333,1.0,3.0,0.0,0.0,
10487,520957,A. Vukovic,2554,2551,1.4333333333333333,2.0,0.0,0.0,0.0,
10499,520957,A. Vuleta,2551,2554,11.266666666666667,0.0,0.0,1.0,0.0,
10492,520957,B. Knapper,2551,2554,35.666666666666664,16.0,6.0,6.0,4.0,
10488,520957,C. Williams,2554,2551,14.583333333333334,6.0,3.0,0.0,0.0,
10495,520957,Covickovic Aleksa,2551,2554,4.633333333333333,0.0,0.0,0.0,0.0,
10494,520957,D. Watson,2551,2554,,0.0,6.0,2.0,2.0,
10500,520957,F. Surakat,2551,2554,15.2,2.0,5.0,0.0,0.0,
10485,520957,I. Range,2554,2551,27.1,8.0,3.0,0.0,0.0,
10491,520957,Kamberovic Nedim,2551,2554,23.566666666666666,5.0,1.0,0.0,1.0,
10490,520957,L. Morgan,2551,2554,27.516666666666666,14.0,3.0,2.0,2.0,
10496,520957,M. Cavak,2551,2554,15.683333333333334,0.0,1.0,2.0,0.0,
10498,520957,M. Kovac,2551,2554,5.9,0.0,0.0,0.0,0.0,
10483,520957,M. Milivojevic,2554,2551,32.583333333333336,13.0,9.0,0.0,1.0,
10489,520957,M. Protrka,2554,2551,,2.0,4.0,1.0,0.0,
10482,520957,Mikavica Bogdan,2554,2551,37.233333333333334,16.0,8.0,5.0,1.0,
10493,520957,Miletic Nikola,2551,2554,28.6,11.0,5.0,1.0,1.0,
10481,520957,T. Anderson,2554,2551,33.03333333333333,20.0,4.0,6.0,3.0,
10497,520957,T. Kahvedzic,2551,2554,1.9333333333333333,0.0,0.0,0.0,0.0,
10484,520957,Tomasevic Mladen,2554,2551,25.416666666666668,13.0,7.0,2.0,1.0,
10486,520957,W. Kondrat,2554,2551,21.2,6.0,2.0,1.0,0.0,
10506,520958,Aleksic Djordje,2550,7503,14.683333333333334,10.0,0.0,0.0,2.0,
10504,520958,Draskovic Andrija,2550,7503,19.833333333333332,2.0,3.0,4.0,0.0,
10516,520958,Knezevic Drasko,7503,2550,14.616666666666667,11.0,0.0,1.0,3.0,
10517,520958,L. Durovic,7503,2550,28.116666666666667,14.0,11.0,1.0,0.0,
10507,520958,M. Prodani,2550,7503,18.233333333333334,4.0,3.0,3.0,0.0,
10511,520958,N. Milidragovic,7503,2550,18.216666666666665,2.0,2.0,1.0,0.0,
10503,520958,N. Milosevic,2550,7503,31.366666666666667,9.0,2.0,0.0,0.0,
10512,520958,N. Tadic,7503,2550,19.133333333333333,7.0,6.0,2.0,0.0,
10514,520958,Podojak Anes,7503,2550,14.983333333333333,2.0,0.0,2.0,0.0,
10508,520958,Pokrajac Milan,2550,7503,13.366666666666667,4.0,3.0,0.0,0.0,
10501,520958,Popovic Matija,2550,7503,34.9,6.0,12.0,4.0,0.0,
10502,520958,R. Gutalj,2550,7503,27.533333333333335,7.0,2.0,2.0,1.0,
10509,520958,R. Radonjic,7503,2550,21.433333333333334,8.0,1.0,1.0,1.0,
10513,520958,Rikalo Marko,7503,2550,25.816666666666666,5.0,3.0,2.0,1.0,
10515,520958,S. Tesic,7503,2550,10.466666666666667,2.0,1.0,0.0,0.0,
10505,520958,Smiljanic Aleksandar,2550,7503,30.5,18.0,6.0,0.0,0.0,
10510,520958,T. Harris,7503,2550,31.2,10.0,7.0,0.0,0.0,
10532,521134,A. Kolev,865,7946,4.133333333333334,0.0,0.0,0.0,0.0,
10519,521134,C. Jones,7946,865,38.46666666666667,26.0,9.0,5.0,3.0,
10525,521134,H. Vancov,7946,865,,0.0,0.0,0.0,0.0,
10533,521134,I. Kolev,865,7946,16.266666666666666,0.0,1.0,3.0,0.0,
10518,521134,I. Volkanoski,7946,865,17.616666666666667,8.0,6.0,2.0,0.0,
10520,521134,J. Jackson,7946,865,38.416666666666664,11.0,4.0,12.0,1.0,
10535,521134,J. Kuzmanov,865,7946,3.6333333333333333,0.0,0.0,0.0,0.0,
10524,521134,K. Blazevski,7946,865,3.1166666666666667,0.0,0.0,0.0,0.0,
10531,521134,Krstevski Damjan,865,7946,28.066666666666666,10.0,5.0,3.0,1.0,
10534,521134,M. Stojanov,865,7946,11.433333333333334,1.0,0.0,0.0,0.0,
10523,521134,Milovanovic Marko,7946,865,27.6,13.0,3.0,0.0,4.0,
10521,521134,Mladenovic Marjan,7946,865,31.166666666666668,11.0,6.0,5.0,2.0,
10528,521134,N. Bojcev,865,7946,29.133333333333333,24.0,5.0,1.0,5.0,
10530,521134,N. Burris,865,7946,33.016666666666666,20.0,7.0,1.0,0.0,
10522,521134,P. Collin,7946,865,38.36666666666667,26.0,9.0,1.0,2.0,
10536,521134,R. Bukrsliev,865,7946,0.5833333333333334,2.0,0.0,0.0,0.0,
10526,521134,S. Mladenovski,7946,865,5.2,0.0,0.0,1.0,0.0,
10527,521134,Simic Stefan,865,7946,35.46666666666667,21.0,9.0,7.0,1.0,
10529,521134,T. Armstrong,865,7946,38.266666666666666,23.0,10.0,4.0,1.0,
10554,521135,A. Trajanov,870,1609,11.016666666666667,4.0,3.0,0.0,0.0,
10538,521135,C. Crawford,1609,870,36.7,31.0,5.0,4.0,4.0,
10550,521135,D. Govens,870,1609,35.083333333333336,8.0,3.0,6.0,0.0,
10541,521135,D. Pandev,1609,870,30.383333333333333,12.0,8.0,1.0,3.0,
10548,521135,Efremovski Viktor,870,1609,38.266666666666666,29.0,2.0,1.0,7.0,
10544,521135,F. Pandev,1609,870,5.466666666666667,2.0,1.0,0.0,0.0,
10546,521135,F. Rexha,870,1609,27.383333333333333,5.0,4.0,0.0,1.0,
10551,521135,J. Ellingsworth,870,1609,10.616666666666667,5.0,3.0,0.0,0.0,
10537,521135,L. Dimitrievski,1609,870,27.433333333333334,0.0,3.0,6.0,0.0,
10547,521135,L. Petrovski,870,1609,12.266666666666667,2.0,3.0,1.0,0.0,
10539,521135,M. Harris,1609,870,25.65,10.0,8.0,0.0,0.0,
10540,521135,M. Jovanovic,1609,870,18.95,1.0,3.0,2.0,0.0,
10553,521135,Nikolov Kristijan,870,1609,12.883333333333333,4.0,2.0,2.0,0.0,
10543,521135,P. Kocev,1609,870,26.416666666666668,17.0,4.0,0.0,5.0,
10549,521135,Rikic Robert,870,1609,29.016666666666666,20.0,11.0,1.0,0.0,
10552,521135,Robev Damjan,870,1609,23.466666666666665,15.0,6.0,5.0,0.0,
10545,521135,S. Metin,1609,870,15.733333333333333,7.0,4.0,1.0,1.0,
10542,521135,V. Vranic,1609,870,13.25,5.0,1.0,1.0,1.0,
10566,521136,A. Kecovski,862,1608,21.616666666666667,14.0,5.0,4.0,4.0,
10560,521136,A. Shterjov,1608,862,13.85,2.0,2.0,0.0,0.0,
10572,521136,B. B. Delev,862,1608,5.333333333333333,0.0,0.0,0.0,0.0,
10559,521136,C. B. Hamilton,1608,862,32.983333333333334,13.0,2.0,5.0,2.0,
10555,521136,D. Hankins-Sanford,1608,862,28.4,13.0,4.0,0.0,0.0,
10568,521136,D. L. Sukes,862,1608,32.46666666666667,17.0,9.0,2.0,0.0,
10569,521136,Gligorijevic Stevan,862,1608,23.233333333333334,10.0,6.0,2.0,0.0,
10557,521136,H. Bajram,1608,862,1.0,0.0,0.0,1.0,0.0,
10563,521136,H. Todoroski,1608,862,2.45,0.0,1.0,0.0,0.0,
10558,521136,I. Dimcevski,1608,862,33.15,9.0,12.0,2.0,1.0,
10571,521136,I. Mirkov,862,1608,21.033333333333335,5.0,1.0,2.0,1.0,
10556,521136,J. Aleksandrovski,1608,862,28.133333333333333,13.0,3.0,3.0,2.0,
10567,521136,J. Smith,862,1608,34.666666666666664,0.0,2.0,8.0,1.0,
10561,521136,Karakolev Nikola,1608,862,18.8,4.0,1.0,0.0,0.0,
10564,521136,Kostoski Aleksandar,1608,862,34.13333333333333,11.0,3.0,7.0,3.0,
10573,521136,M. Milkov,862,1608,7.316666666666666,2.0,1.0,0.0,0.0,
10562,521136,M. Mitev,1608,862,7.1,0.0,0.0,1.0,0.0,
10565,521136,T. Wolfe,862,1608,34.666666666666664,12.0,10.0,5.0,1.0,
10570,521136,Zlatev Todor,862,1608,17.1,8.0,4.0,0.0,1.0,
10574,521137,A. Dening,869,2282,13.716666666666667,4.0,1.0,1.0,0.0,
10579,521137,B. Dimitriev,869,2282,0.6,0.0,0.0,0.0,0.0,
10585,521137,D. Ivanov,2282,869,15.416666666666666,0.0,4.0,1.0,0.0,
10575,521137,D. J. Wilson C.,869,2282,29.7,14.0,2.0,1.0,1.0,
10586,521137,G. Cvetkovski,2282,869,14.416666666666666,5.0,1.0,0.0,1.0,
10588,521137,G. Gjorgjevikj,2282,869,3.1166666666666667,0.0,0.0,0.0,0.0,
10590,521137,G. Zafirov,2282,869,24.016666666666666,5.0,4.0,0.0,1.0,
10577,521137,K. Kjirilovski,869,2282,31.85,11.0,1.0,2.0,2.0,
10581,521137,L. Savikjevikj,869,2282,25.5,7.0,3.0,4.0,1.0,
10583,521137,Louis Alain,2282,869,34.13333333333333,4.0,5.0,5.0,0.0,
10591,521137,M. Mitrevski,2282,869,0.5666666666666667,0.0,0.0,0.0,0.0,
10587,521137,Nikolov Strahil,2282,869,30.75,4.0,8.0,3.0,0.0,
10576,521137,R. Wheeler,869,2282,12.6,2.0,3.0,0.0,0.0,
10584,521137,S. Sylla,2282,869,33.5,0.0,9.0,3.0,0.0,
10578,521137,Sapundziev Ivan,869,2282,27.266666666666666,14.0,6.0,1.0,4.0,
10589,521137,T. Stojanoski,2282,869,18.5,9.0,3.0,0.0,0.0,
10582,521137,V. Zlatevski,869,2282,5.483333333333333,1.0,1.0,1.0,0.0,
10602,521143,C. Jones,7946,2282,32.93333333333333,22.0,5.0,3.0,4.0,
10596,521143,D. Ivanov,2282,7946,16.133333333333333,3.0,0.0,1.0,0.0,
10609,521143,Dvojakovski Oliver,7946,2282,1.8333333333333335,0.0,0.0,0.0,0.0,
10594,521143,G. Cvetkovski,2282,7946,29.366666666666667,24.0,2.0,1.0,4.0,
10601,521143,G. Gjorgjevikj,2282,7946,5.266666666666667,6.0,1.0,0.0,2.0,
10597,521143,G. Zafirov,2282,7946,8.35,0.0,0.0,1.0,0.0,
10604,521143,I. Volkanoski,7946,2282,17.216666666666665,8.0,4.0,0.0,0.0,
10603,521143,J. Jackson,7946,2282,37.03333333333333,19.0,4.0,5.0,2.0,
10608,521143,K. Blazevski,7946,2282,1.8,0.0,1.0,0.0,0.0,
10592,521143,Louis Alain,2282,7946,25.233333333333334,16.0,3.0,3.0,0.0,
10610,521143,M. Milovanovic,7946,2282,18.216666666666665,8.0,4.0,0.0,1.0,
10598,521143,M. Mitrevski,2282,7946,6.45,3.0,1.0,0.0,1.0,
10605,521143,Mladenovic Marjan,7946,2282,28.4,0.0,1.0,9.0,0.0,
10600,521143,N. B. White,2282,7946,29.183333333333334,11.0,10.0,10.0,2.0,
10595,521143,Nikolov Strahil,2282,7946,27.866666666666667,10.0,4.0,2.0,0.0,
10606,521143,P. Collin,7946,2282,40.0,31.0,12.0,4.0,8.0,
10607,521143,S. Mladenovski,7946,2282,22.566666666666666,10.0,0.0,4.0,2.0,
10593,521143,S. Sylla,2282,7946,35.78333333333333,23.0,15.0,1.0,1.0,
10599,521143,T. Stojanoski,2282,7946,16.35,6.0,1.0,1.0,0.0,
10623,521414,A. Constantinescu,5966,987,31.116666666666667,16.0,2.0,2.0,2.0,
10630,521414,A. Frincu,5966,987,17.2,0.0,4.0,0.0,0.0,
10626,521414,A. Jordan,5966,987,21.75,17.0,8.0,2.0,1.0,
10621,521414,A. Olar,987,5966,4.333333333333333,0.0,0.0,0.0,0.0,
10625,521414,A. Preda,5966,987,28.25,6.0,2.0,1.0,0.0,
10627,521414,A. Puscasu,5966,987,25.733333333333334,12.0,7.0,4.0,1.0,
10617,521414,A. Vadan,987,5966,8.933333333333334,3.0,0.0,0.0,1.0,
10615,521414,B. Nemeth,987,5966,20.033333333333335,9.0,11.0,1.0,0.0,
10624,521414,B. Sirbu,5966,987,18.05,8.0,2.0,0.0,1.0,
10634,521414,D. Flueras,5966,987,3.6833333333333336,0.0,0.0,0.0,0.0,
10629,521414,F. Cristea,5966,987,12.3,2.0,2.0,0.0,0.0,
10619,521414,I. Axintie,987,5966,1.6666666666666665,0.0,0.0,0.0,0.0,
10614,521414,I. Gradwell,987,5966,27.733333333333334,29.0,8.0,3.0,4.0,
10633,521414,I. Hurmuz,5966,987,7.966666666666667,1.0,1.0,2.0,0.0,
10618,521414,K. Kozman,987,5966,14.8,8.0,2.0,5.0,1.0,
10616,521414,K. M. Jackson,987,5966,21.566666666666666,10.0,4.0,1.0,0.0,
10631,521414,K. Munteanu,5966,987,11.733333333333333,0.0,1.0,1.0,0.0,
10628,521414,M. Gheorghe,5966,987,8.616666666666667,3.0,2.0,1.0,1.0,
10622,521414,M. Horvath,987,5966,11.15,8.0,0.0,0.0,2.0,
10632,521414,M. Lupu,5966,987,13.583333333333334,4.0,1.0,0.0,0.0,
10611,521414,Podar Alina,987,5966,29.55,11.0,3.0,10.0,3.0,
10612,521414,R. Lipovan,987,5966,26.95,8.0,4.0,2.0,1.0,
10613,521414,S. Markisic,987,5966,28.616666666666667,26.0,3.0,4.0,4.0,
10620,521414,S. Pop,987,5966,4.666666666666667,0.0,2.0,0.0,0.0,
10642,521415,A. Chivu,989,7496,14.166666666666666,5.0,4.0,5.0,1.0,
10645,521415,A. Cucolas,7496,989,26.233333333333334,5.0,0.0,0.0,0.0,
10650,521415,A. Iancu,7496,989,3.8833333333333333,0.0,0.0,0.0,0.0,
10652,521415,A. Mecleneanu,7496,989,5.7,0.0,1.0,0.0,0.0,
10644,521415,A. Popovici,7496,989,22.0,0.0,1.0,0.0,0.0,
10646,521415,A. Tota,7496,989,24.5,0.0,3.0,0.0,0.0,
10647,521415,B. Boicu,7496,989,16.733333333333334,2.0,3.0,0.0,0.0,
10637,521415,B. Kennedy-Hopoate,989,7496,20.366666666666667,18.0,8.0,5.0,1.0,
10643,521415,B. Stoianovici,7496,989,33.63333333333333,2.0,3.0,0.0,0.0,
10638,521415,C. Popescu,989,7496,13.533333333333333,7.0,0.0,2.0,2.0,
10641,521415,E. Jarvinen,989,7496,18.216666666666665,16.0,4.0,2.0,2.0,
10635,521415,I. Corda,989,7496,14.65,4.0,1.0,3.0,0.0,
10639,521415,I. Margineanu,989,7496,14.15,3.0,2.0,0.0,1.0,
10636,521415,L. Pulliam,989,7496,19.616666666666667,9.0,4.0,5.0,1.0,
10649,521415,M. Kamel,7496,989,18.0,0.0,3.0,2.0,0.0,
10648,521415,S. G. Julan,7496,989,8.933333333333334,0.0,0.0,0.0,0.0,
10651,521415,S. Kaycsa,7496,989,17.45,4.0,1.0,0.0,0.0,
10640,521415,S. Nitescu,989,7496,20.383333333333333,10.0,6.0,4.0,2.0,
10669,521416,A. Delic,992,985,18.183333333333334,14.0,2.0,1.0,3.0,
10653,521416,A. Traore,985,992,18.75,0.0,4.0,2.0,0.0,
10672,521416,B. Nagy-Voica,992,985,19.516666666666666,8.0,3.0,2.0,2.0,
10670,521416,B. Nan,992,985,17.516666666666666,1.0,2.0,0.0,0.0,
10664,521416,C. Cuic,992,985,26.75,22.0,5.0,6.0,2.0,
10661,521416,C. Daniulescu,985,992,10.1,5.0,1.0,0.0,1.0,
10663,521416,E. Popa,985,992,5.4,0.0,0.0,0.0,0.0,
10659,521416,H. Kohnea,985,992,20.5,6.0,4.0,0.0,0.0,
10660,521416,I. V. Velcea,985,992,13.183333333333334,4.0,0.0,0.0,0.0,
10665,521416,J. Dean,992,985,32.8,20.0,8.0,6.0,3.0,
10655,521416,J. Dickey,985,992,37.78333333333333,19.0,10.0,2.0,0.0,
10666,521416,Lisowa-Mbaka Maxuella,992,985,18.45,7.0,3.0,3.0,0.0,
10658,521416,M. Mazilu,985,992,7.083333333333333,0.0,0.0,0.0,0.0,
10668,521416,M. S. Tanase D.,992,985,5.4,0.0,2.0,0.0,0.0,
10657,521416,O. Trzeciak,985,992,14.833333333333334,2.0,3.0,1.0,0.0,
10671,521416,Orban Nicolett,992,985,17.733333333333334,2.0,7.0,2.0,0.0,
10662,521416,S. Tudor,985,992,2.783333333333333,0.0,1.0,0.0,0.0,
10656,521416,T. Manea,985,992,21.583333333333332,4.0,4.0,1.0,0.0,
10667,521416,T. Palenikova,992,985,26.783333333333335,18.0,5.0,5.0,3.0,
10654,521416,Zelnyte Laura,985,992,21.9,9.0,3.0,2.0,1.0,
10688,521459,A. Doba,988,984,24.4,14.0,3.0,4.0,2.0,
10679,521459,A. M. Stanciu,984,988,16.716666666666665,7.0,1.0,0.0,1.0,
10677,521459,A. Sfaxi,984,988,14.633333333333333,2.0,3.0,0.0,0.0,
10678,521459,C. Cristea,984,988,18.016666666666666,0.0,2.0,0.0,0.0,
10686,521459,Ciotir Anamaria,988,984,26.216666666666665,10.0,8.0,0.0,1.0,
10683,521459,E. Rupnik,988,984,32.25,2.0,7.0,4.0,0.0,
10680,521459,G. M. Monor,984,988,11.283333333333333,3.0,0.0,0.0,1.0,
10675,521459,I. Teodosiu,984,988,30.633333333333333,4.0,5.0,1.0,0.0,
10681,521459,I. Toma,988,984,28.083333333333332,6.0,2.0,6.0,2.0,
10684,521459,J. Mason,988,984,15.2,4.0,3.0,2.0,0.0,
10685,521459,K. Villalobos,988,984,32.016666666666666,20.0,15.0,2.0,1.0,
10674,521459,M. Militaru,984,988,38.38333333333333,9.0,9.0,7.0,1.0,
10682,521459,Mititelu Nicoleta,988,984,18.066666666666666,9.0,9.0,2.0,0.0,
10687,521459,Pasic Jovana,988,984,23.766666666666666,6.0,8.0,0.0,0.0,
10673,521459,S. Cazacu,984,988,36.416666666666664,3.0,6.0,0.0,1.0,
10676,521459,V. Alexandra,984,988,33.916666666666664,2.0,4.0,0.0,0.0,
10689,521509,A. Jekic,3941,3930,18.5,5.0,3.0,0.0,0.0,
10707,521509,A. Mutavdzic,3930,3941,15.75,5.0,2.0,0.0,0.0,
10712,521509,A. Zlatic,3930,3941,4.016666666666667,0.0,0.0,0.0,0.0,
10698,521509,B. Lazarevic,3941,3930,12.6,4.0,5.0,0.0,0.0,
10690,521509,D. Jovicic,3941,3930,27.0,6.0,8.0,3.0,0.0,
10693,521509,D. Zoric,3941,3930,24.366666666666667,2.0,2.0,0.0,0.0,
10695,521509,E. Dojkov,3941,3930,8.583333333333334,0.0,0.0,0.0,0.0,
10699,521509,J. Maksimovic,3941,3930,5.9,0.0,0.0,0.0,0.0,
10709,521509,K. Novakovic,3930,3941,9.7,2.0,2.0,0.0,0.0,
10711,521509,K. Radjenovic,3930,3941,17.05,9.0,3.0,2.0,2.0,
10702,521509,Katanic Ivana,3930,3941,22.95,7.0,4.0,6.0,0.0,
10706,521509,L. Gluhavicanin,3930,3941,21.716666666666665,12.0,8.0,2.0,0.0,
10697,521509,M. Kacar,3941,3930,2.2333333333333334,0.0,0.0,0.0,0.0,
10691,521509,M. Marceta,3941,3930,28.566666666666666,13.0,4.0,3.0,1.0,
10700,521509,Mitrovic Danijela,3941,3930,24.85,7.0,3.0,1.0,2.0,
10694,521509,N. Bulovic,3941,3930,,0.0,0.0,0.0,0.0,
10708,521509,N. Naumcev,3930,3941,12.65,4.0,2.0,0.0,0.0,
10704,521509,N. Nedeljkov,3930,3941,20.516666666666666,7.0,2.0,4.0,0.0,
10710,521509,Panic Tina,3930,3941,14.4,0.0,4.0,0.0,0.0,
10703,521509,R. Levi,3930,3941,21.65,12.0,7.0,4.0,0.0,
10701,521509,S. Aksam,3930,3941,21.9,15.0,8.0,4.0,0.0,
10696,521509,T. Jovancevic,3941,3930,19.666666666666668,2.0,1.0,1.0,0.0,
10692,521509,T. Popovic,3941,3930,27.733333333333334,11.0,3.0,4.0,2.0,
10705,521509,T. Turudic,3930,3941,17.7,14.0,2.0,4.0,1.0,
10714,521511,A. Ladinek,6584,3932,34.36666666666667,15.0,8.0,1.0,0.0,
10724,521511,A. Peric,3932,6584,18.516666666666666,7.0,3.0,0.0,1.0,
10734,521511,A. Radic,3932,6584,23.233333333333334,8.0,3.0,5.0,2.0,
10713,521511,D. Garrett,6584,3932,31.066666666666666,11.0,3.0,2.0,0.0,
10730,521511,D. Gobeljic,3932,6584,21.083333333333332,6.0,1.0,0.0,2.0,
10718,521511,H. Kovacevic,6584,3932,16.6,0.0,3.0,0.0,0.0,
10726,521511,I. Varejao,3932,6584,25.133333333333333,12.0,8.0,2.0,0.0,
10732,521511,J. Lawson,3932,6584,18.466666666666665,14.0,6.0,0.0,1.0,
10725,521511,J. Timmons,3932,6584,23.733333333333334,13.0,4.0,1.0,1.0,
10731,521511,K. Kozul,3932,6584,6.35,6.0,0.0,0.0,0.0,
10717,521511,K. Ristic,6584,3932,34.13333333333333,20.0,5.0,2.0,4.0,
10720,521511,L. Mihajlovic,6584,3932,2.3333333333333335,0.0,0.0,0.0,0.0,
10721,521511,L. Sarenac,6584,3932,,0.0,0.0,0.0,0.0,
10728,521511,M. Arandelovic,3932,6584,,0.0,0.0,0.0,0.0,
10729,521511,M. Draskicevic,3932,6584,3.3833333333333333,0.0,0.0,0.0,0.0,
10723,521511,M. Jovanovic,3932,6584,20.95,4.0,3.0,3.0,0.0,
10715,521511,M. Mehovic,6584,3932,7.816666666666666,6.0,1.0,0.0,2.0,
10719,521511,N. Mergl,6584,3932,10.583333333333334,0.0,2.0,2.0,0.0,
10722,521511,N. Tesic,6584,3932,31.5,14.0,5.0,6.0,1.0,
10733,521511,S. Mandic,3932,6584,17.116666666666667,3.0,3.0,5.0,1.0,
10727,521511,S. Vasiljevic,3932,6584,22.033333333333335,6.0,4.0,4.0,0.0,
10716,521511,T. Rajic,6584,3932,31.6,6.0,4.0,1.0,2.0,
10743,521512,A. Janic,7958,3936,18.2,6.0,4.0,0.0,2.0,
10746,521512,A. Radovic,7958,3936,33.6,16.0,5.0,8.0,1.0,
10752,521512,B. Matovic,7958,3936,20.733333333333334,11.0,3.0,1.0,1.0,
10749,521512,B. Stevanovich,7958,3936,26.483333333333334,22.0,7.0,2.0,3.0,
10735,521512,H. Marjanovic,3936,7958,22.933333333333334,18.0,5.0,4.0,1.0,
10740,521512,I. Brajkovic,3936,7958,11.25,0.0,4.0,0.0,0.0,
10744,521512,J. Dinic,7958,3936,32.65,5.0,6.0,1.0,0.0,
10751,521512,J. Jovanovic,7958,3936,6.633333333333333,0.0,0.0,1.0,0.0,
10736,521512,L. Scott,3936,7958,30.85,14.0,5.0,1.0,0.0,
10741,521512,L. Veljkovic,3936,7958,5.05,2.0,1.0,0.0,0.0,
10750,521512,M. Lilic,7958,3936,3.0,0.0,0.0,0.0,0.0,
10748,521512,N. Jovanovic,7958,3936,0.0,0.0,0.0,0.0,0.0,
10739,521512,N. Vuckovic,3936,7958,37.9,16.0,9.0,2.0,0.0,
10737,521512,T. Culibrk,3936,7958,32.21666666666667,11.0,10.0,6.0,1.0,
10738,521512,T. Selakovic,3936,7958,33.36666666666667,9.0,3.0,2.0,1.0,
10747,521512,V. Erak,7958,3936,34.78333333333333,8.0,6.0,0.0,0.0,
10745,521512,V. Novakovic,7958,3936,23.916666666666668,2.0,0.0,0.0,0.0,
10742,521512,V. Yordanova,3936,7958,26.433333333333334,9.0,2.0,5.0,1.0,
10765,521513,A. Aleksic,3929,5656,24.4,4.0,3.0,4.0,0.0,
10763,521513,A. Petkovic,5656,3929,,0.0,0.0,0.0,0.0,
10764,521513,A. Vukovic,5656,3929,23.9,9.0,1.0,2.0,2.0,
10770,521513,D. Arsovic,3929,5656,16.283333333333335,8.0,2.0,1.0,0.0,
10772,521513,Dokic Milica,3929,5656,19.5,3.0,1.0,3.0,1.0,
10753,521513,J. Adamovic,5656,3929,32.95,24.0,11.0,0.0,2.0,
10758,521513,J. Babajic,5656,3929,2.466666666666667,0.0,0.0,0.0,0.0,
10771,521513,J. Djuric,3929,5656,10.916666666666666,6.0,2.0,0.0,0.0,
10774,521513,J. Radmilovic,3929,5656,7.85,2.0,2.0,0.0,0.0,
10756,521513,Krnjic Sara,5656,3929,38.666666666666664,22.0,13.0,2.0,0.0,
10754,521513,M. Bikicki,5656,3929,8.616666666666667,3.0,1.0,0.0,1.0,
10759,521513,M. Gvozdenovic,5656,3929,,0.0,0.0,0.0,0.0,
10773,521513,M. Kovandzic,3929,5656,11.066666666666666,6.0,2.0,1.0,2.0,
10761,521513,M. Mazic,5656,3929,15.4,4.0,1.0,1.0,0.0,
10762,521513,M. Mitrovic,5656,3929,6.166666666666667,0.0,1.0,0.0,0.0,
10757,521513,M. Stojic,5656,3929,33.96666666666667,10.0,3.0,8.0,0.0,
10760,521513,N. Lukic,5656,3929,,0.0,0.0,0.0,0.0,
10767,521513,N. Maksimovic,3929,5656,21.233333333333334,6.0,2.0,1.0,0.0,
10768,521513,N. Petrovic,3929,5656,18.316666666666666,13.0,1.0,2.0,0.0,
10775,521513,N. Sretenovic,3929,5656,3.783333333333333,0.0,1.0,0.0,0.0,
10776,521513,N. Zlokolica,3929,5656,13.5,0.0,2.0,1.0,0.0,
10766,521513,T. Ivanovic,3929,5656,23.716666666666665,7.0,8.0,0.0,1.0,
10769,521513,V. Zaric,3929,5656,29.433333333333334,7.0,5.0,0.0,1.0,
10755,521513,Z. Jankovic,5656,3929,37.86666666666667,6.0,9.0,4.0,0.0,
10790,521514,A. Niksic,3934,3932,28.416666666666668,4.0,9.0,0.0,0.0,
10778,521514,A. Peric,3932,3934,26.716666666666665,7.0,4.0,1.0,1.0,
10779,521514,A. Radic,3932,3934,26.766666666666666,13.0,11.0,2.0,2.0,
10789,521514,A. Spasojevic,3934,3932,25.033333333333335,8.0,4.0,1.0,0.0,
10787,521514,D. Bowman,3934,3932,40.0,21.0,8.0,4.0,1.0,
10794,521514,I. Tanjevic,3934,3932,4.966666666666667,0.0,1.0,0.0,0.0,
10781,521514,I. Varejao,3932,3934,25.05,12.0,9.0,1.0,0.0,
10782,521514,J. Lawson,3932,3934,22.2,12.0,8.0,0.0,0.0,
10797,521514,J. Pakevic,3934,3932,3.4833333333333334,0.0,0.0,0.0,0.0,
10795,521514,J. Stefanovic,3934,3932,9.766666666666667,5.0,2.0,0.0,0.0,
10777,521514,J. Timmons,3932,3934,26.25,8.0,4.0,2.0,0.0,
10784,521514,K. Kozul,3932,3934,17.983333333333334,4.0,1.0,0.0,0.0,
10785,521514,M. Draskicevic,3932,3934,12.933333333333334,0.0,2.0,0.0,0.0,
10788,521514,M. Macesic,3934,3932,35.03333333333333,9.0,1.0,0.0,1.0,
10791,521514,N. Maksic,3934,3932,5.583333333333333,0.0,0.0,0.0,0.0,
10793,521514,N. Popovic,3934,3932,16.033333333333335,2.0,1.0,3.0,0.0,
10783,521514,S. Mandic,3932,3934,19.05,5.0,4.0,6.0,0.0,
10780,521514,S. Vasiljevic,3932,3934,23.05,8.0,3.0,2.0,0.0,
10792,521514,T. Jeremic,3934,3932,1.0,0.0,0.0,0.0,0.0,
10796,521514,T. Misiraca,3934,3932,11.516666666666667,2.0,4.0,0.0,0.0,
10786,521514,V. Simovic,3934,3932,19.0,1.0,2.0,0.0,0.0,
10811,521515,A. Jekic,3941,3940,25.633333333333333,2.0,9.0,2.0,0.0,
10806,521515,A. Nikolic,3940,3941,3.4166666666666665,2.0,0.0,0.0,0.0,
10801,521515,A. Rosborough,3940,3941,33.1,8.0,8.0,7.0,0.0,
10812,521515,B. Lazarevic,3941,3940,6.95,0.0,2.0,0.0,0.0,
10802,521515,B. Zivkovic,3940,3941,21.45,11.0,2.0,0.0,1.0,
10817,521515,D. Jovicic,3941,3940,21.366666666666667,7.0,4.0,0.0,0.0,
10808,521515,D. Prodanovic,3940,3941,11.966666666666667,7.0,1.0,1.0,1.0,
10821,521515,D. Zoric,3941,3940,19.8,4.0,1.0,0.0,0.0,
10815,521515,E. Dojkov,3941,3940,5.0,0.0,0.0,1.0,0.0,
10805,521515,H. Milosevic,3940,3941,11.916666666666666,0.0,0.0,0.0,0.0,
10803,521515,J. Bojkovic,3940,3941,3.066666666666667,0.0,1.0,0.0,0.0,
10819,521515,J. Maksimovic,3941,3940,8.383333333333333,2.0,1.0,0.0,0.0,
10807,521515,J. Pribakovic,3940,3941,2.066666666666667,0.0,0.0,0.0,0.0,
10798,521515,M. Davinic,3940,3941,27.533333333333335,11.0,1.0,6.0,1.0,
10818,521515,M. Kacar,3941,3940,1.0,0.0,0.0,0.0,0.0,
10800,521515,M. Lara,3940,3941,37.95,23.0,16.0,2.0,0.0,
10813,521515,M. Marceta,3941,3940,31.3,10.0,2.0,2.0,1.0,
10814,521515,Mitrovic Danijela,3941,3940,24.35,2.0,0.0,3.0,0.0,
10810,521515,N. Bulovic,3941,3940,14.45,0.0,2.0,0.0,0.0,
10804,521515,S. Jevtic,3940,3941,4.933333333333334,0.0,0.0,0.0,0.0,
10799,521515,T. Dincic,3940,3941,26.666666666666668,12.0,6.0,0.0,1.0,
10816,521515,T. Jovancevic,3941,3940,23.633333333333333,18.0,4.0,1.0,4.0,
10820,521515,T. Popovic,3941,3940,18.133333333333333,8.0,2.0,3.0,0.0,
10809,521515,V. Vucinic,3940,3941,15.933333333333334,0.0,3.0,1.0,0.0,
10826,521516,A. Marquavia,3942,5656,39.0,24.0,7.0,4.0,0.0,
10838,521516,A. Petkovic,5656,3942,8.0,8.0,5.0,1.0,1.0,
10824,521516,A. Savic,3942,5656,28.0,3.0,0.0,1.0,1.0,
10841,521516,A. Vukovic,5656,3942,19.0,9.0,1.0,2.0,1.0,
10822,521516,B. Barnes,3942,5656,40.0,28.0,10.0,1.0,2.0,
10825,521516,E. Vida,3942,5656,38.0,13.0,14.0,0.0,0.0,
10829,521516,I. Segedincev,3942,5656,9.0,2.0,4.0,0.0,0.0,
10835,521516,J. Adamovic,5656,3942,23.0,10.0,4.0,2.0,0.0,
10836,521516,J. Babajic,5656,3942,4.0,3.0,1.0,0.0,1.0,
10827,521516,K. Milic,3942,5656,4.0,0.0,0.0,0.0,0.0,
10831,521516,Krnjic Sara,5656,3942,31.0,14.0,8.0,2.0,0.0,
10833,521516,M. Bikicki,5656,3942,19.0,11.0,4.0,0.0,3.0,
10837,521516,M. Gvozdenovic,5656,3942,1.0,0.0,0.0,0.0,0.0,
10823,521516,M. Jovanovic,3942,5656,33.0,9.0,1.0,1.0,0.0,
10840,521516,M. Mazic,5656,3942,22.0,12.0,4.0,4.0,1.0,
10842,521516,M. Mitrovic,5656,3942,12.0,0.0,2.0,1.0,0.0,
10832,521516,M. Stojic,5656,3942,24.0,13.0,3.0,4.0,0.0,
10839,521516,N. Lukic,5656,3942,11.0,4.0,1.0,0.0,0.0,
10828,521516,N. Perovic,3942,5656,7.0,0.0,0.0,0.0,0.0,
10834,521516,Z. Jankovic,5656,3942,26.0,6.0,4.0,1.0,1.0,
10830,521516,Z. Todorovic,3942,5656,2.0,0.0,0.0,0.0,0.0,
10847,521517,A. Janic,7958,6584,26.45,16.0,3.0,0.0,3.0,
10855,521517,A. Ladinek,6584,7958,39.5,2.0,8.0,0.0,0.0,
10846,521517,A. Radovic,7958,6584,33.46666666666667,0.0,6.0,9.0,0.0,
10849,521517,B. Matovic,7958,6584,16.183333333333334,0.0,3.0,1.0,0.0,
10848,521517,B. Stevanovich,7958,6584,28.333333333333332,29.0,8.0,6.0,5.0,
10851,521517,D. Garrett,6584,7958,40.0,39.0,4.0,2.0,2.0,
10854,521517,H. Kovacevic,6584,7958,15.2,2.0,2.0,2.0,0.0,
10844,521517,J. Dinic,7958,6584,31.983333333333334,12.0,9.0,3.0,0.0,
10843,521517,J. Jovanovic,7958,6584,8.616666666666667,0.0,0.0,1.0,0.0,
10853,521517,K. Ristic,6584,7958,29.283333333333335,7.0,10.0,1.0,1.0,
10856,521517,L. Mihajlovic,6584,7958,33.9,6.0,2.0,1.0,2.0,
10858,521517,M. Cacic,6584,7958,0.13333333333333333,0.0,0.0,0.0,0.0,
10852,521517,N. Tesic,6584,7958,28.233333333333334,5.0,1.0,2.0,1.0,
10857,521517,T. Rajic,6584,7958,13.75,0.0,2.0,3.0,0.0,
10850,521517,V. Erak,7958,6584,35.36666666666667,19.0,11.0,2.0,0.0,
10845,521517,V. Novakovic,7958,6584,19.6,0.0,0.0,0.0,0.0,
10879,521519,A. Kasalica,3931,3930,20.783333333333335,2.0,1.0,2.0,0.0,
10868,521519,A. Mutavdzic,3930,3931,21.883333333333333,15.0,0.0,4.0,3.0,
10878,521519,A. Vasiljevic,3931,3930,21.716666666666665,11.0,4.0,4.0,1.0,
10860,521519,D. Dahan Sujic,3930,3931,17.0,12.0,3.0,1.0,2.0,
10873,521519,J. Weatherspoon,3931,3930,21.1,2.0,5.0,0.0,0.0,
10867,521519,K. Radjenovic,3930,3931,20.95,16.0,1.0,6.0,1.0,
10859,521519,Katanic Ivana,3930,3931,19.066666666666666,10.0,8.0,12.0,1.0,
10869,521519,L. Gluhavicanin,3930,3931,20.883333333333333,8.0,1.0,0.0,0.0,
10861,521519,L. Serfa,3930,3931,12.216666666666667,6.0,5.0,1.0,0.0,
10871,521519,L. Vasic,3931,3930,36.93333333333333,15.0,4.0,2.0,5.0,
10872,521519,M. Djorovic,3931,3930,28.166666666666668,7.0,1.0,5.0,0.0,
10864,521519,N. Naumcev,3930,3931,18.65,22.0,2.0,1.0,6.0,
10862,521519,N. Nedeljkov,3930,3931,13.966666666666667,8.0,3.0,2.0,2.0,
10875,521519,O. Stepanovic,3931,3930,27.283333333333335,18.0,4.0,1.0,4.0,
10866,521519,Panic Tina,3930,3931,15.05,2.0,2.0,0.0,0.0,
10870,521519,R. Levi,3930,3931,8.833333333333334,6.0,2.0,4.0,0.0,
10865,521519,S. Aksam,3930,3931,22.666666666666668,9.0,2.0,3.0,0.0,
10876,521519,S. Zivanovic,3931,3930,7.683333333333334,3.0,0.0,0.0,1.0,
10877,521519,T. Stanisic,3931,3930,5.783333333333333,0.0,1.0,0.0,0.0,
10863,521519,T. Turudic,3930,3931,8.833333333333334,0.0,2.0,0.0,0.0,
10874,521519,Zoric Jelena,3931,3930,30.55,8.0,5.0,4.0,0.0,
10886,521635,A. Babadac,985,7496,20.366666666666667,17.0,1.0,2.0,3.0,
10894,521635,A. Cucolas,7496,985,25.9,13.0,2.0,3.0,1.0,
10900,521635,A. Iancu,7496,985,3.5666666666666664,0.0,0.0,1.0,0.0,
10902,521635,A. Mecleneanu,7496,985,1.5666666666666667,0.0,0.0,0.0,0.0,
10893,521635,A. Popovici,7496,985,18.65,0.0,4.0,0.0,0.0,
10895,521635,A. Tota,7496,985,21.333333333333332,5.0,2.0,0.0,0.0,
10897,521635,B. Boicu,7496,985,8.116666666666667,0.0,0.0,0.0,0.0,
10892,521635,B. Stoianovici,7496,985,33.7,14.0,1.0,4.0,1.0,
10888,521635,C. Daniulescu,985,7496,17.683333333333334,9.0,0.0,1.0,1.0,
10896,521635,D. Pausan,7496,985,27.633333333333333,5.0,6.0,0.0,0.0,
10890,521635,E. Popa,985,7496,20.966666666666665,8.0,7.0,3.0,0.0,
10883,521635,H. Kohnea,985,7496,14.733333333333333,10.0,9.0,2.0,1.0,
10885,521635,I. V. Velcea,985,7496,20.033333333333335,14.0,7.0,6.0,4.0,
10891,521635,L. Suciu,985,7496,19.383333333333333,6.0,3.0,2.0,0.0,
10899,521635,M. Kamel,7496,985,28.4,10.0,1.0,1.0,0.0,
10882,521635,M. Mazilu,985,7496,12.316666666666666,6.0,0.0,4.0,1.0,
10887,521635,M. Sanziana,985,7496,15.85,5.0,5.0,0.0,1.0,
10880,521635,O. Trzeciak,985,7496,19.716666666666665,11.0,5.0,4.0,3.0,
10898,521635,S. G. Julan,7496,985,8.216666666666667,0.0,0.0,0.0,0.0,
10901,521635,S. Kaycsa,7496,985,22.916666666666668,4.0,1.0,2.0,0.0,
10881,521635,S. S. Grenetta,985,7496,10.016666666666667,2.0,2.0,3.0,0.0,
10889,521635,S. Tudor,985,7496,15.416666666666666,6.0,3.0,4.0,0.0,
10884,521635,T. Manea,985,7496,13.516666666666667,10.0,6.0,2.0,2.0,
10910,521654,A. Ozols,1663,2748,18.7,10.0,3.0,1.0,0.0,
10913,521654,Berkolds Rihards,1663,2748,10.0,3.0,2.0,0.0,0.0,
10909,521654,Bumeisters Rodrigo,1663,2748,10.0,0.0,1.0,0.0,0.0,
10914,521654,C. Asberry,1663,2748,15.066666666666666,5.0,7.0,5.0,1.0,
10915,521654,E. Egle,2748,1663,25.75,13.0,1.0,1.0,0.0,
10919,521654,E. Lasenbergs,2748,1663,18.083333333333332,12.0,2.0,4.0,2.0,
10924,521654,F. Neilands,2748,1663,19.25,3.0,1.0,1.0,1.0,
10926,521654,H. Bajars,2748,1663,9.616666666666667,0.0,1.0,1.0,0.0,
10917,521654,I. Tamm,2748,1663,15.65,4.0,0.0,1.0,1.0,
10923,521654,J. Bryant,2748,1663,7.516666666666667,0.0,3.0,1.0,0.0,
10912,521654,J. Niedra,1663,2748,14.466666666666667,3.0,0.0,2.0,1.0,
10904,521654,J. Sears,1663,2748,26.883333333333333,22.0,2.0,7.0,1.0,
10920,521654,K. Sulcs,2748,1663,8.2,0.0,0.0,0.0,0.0,
10906,521654,L. C. Rodriguez Jr,1663,2748,18.916666666666668,10.0,3.0,0.0,0.0,
10908,521654,M. Rogers,1663,2748,19.116666666666667,0.0,9.0,4.0,0.0,
10916,521654,Macoha Rodijs,2748,1663,25.433333333333334,5.0,2.0,2.0,0.0,
10903,521654,Mejeris Mareks,1663,2748,15.35,8.0,3.0,2.0,0.0,
10905,521654,R. Aleksandrovs,1663,2748,17.05,5.0,2.0,2.0,0.0,
10922,521654,R. Avontins,2748,1663,13.666666666666666,2.0,2.0,0.0,0.0,
10921,521654,R. Jasans,2748,1663,13.633333333333333,2.0,2.0,1.0,0.0,
10918,521654,R. Jocius,2748,1663,21.816666666666666,12.0,10.0,1.0,0.0,
10925,521654,R. Martinsons,2748,1663,21.383333333333333,2.0,4.0,4.0,0.0,
10911,521654,Silins Ojars,1663,2748,17.083333333333332,9.0,3.0,1.0,3.0,
10907,521654,Skele Aigars,1663,2748,17.366666666666667,7.0,2.0,4.0,0.0,
10929,521655,Allen KeVaughn,480,481,28.483333333333334,11.0,2.0,3.0,0.0,
10938,521655,Eelmae Hendrik,481,480,12.433333333333334,3.0,0.0,1.0,1.0,
10931,521655,Forrest Damian,480,481,29.25,14.0,11.0,2.0,0.0,
10928,521655,H. Saar,480,481,20.166666666666668,5.0,1.0,0.0,0.0,
10942,521655,I. Sidorov,481,480,30.983333333333334,15.0,2.0,6.0,1.0,
10944,521655,J. C. Jones,481,480,23.1,6.0,2.0,2.0,0.0,
10935,521655,J. Falko,480,481,17.666666666666668,3.0,0.0,4.0,0.0,
10941,521655,J. Heinonen,481,480,28.716666666666665,13.0,4.0,2.0,1.0,
10936,521655,Jurgens Carlos,480,481,11.516666666666667,7.0,3.0,1.0,0.0,
10940,521655,K. Dubults,481,480,25.433333333333334,15.0,6.0,0.0,0.0,
10946,521655,K. Lootus,481,480,4.55,3.0,2.0,0.0,1.0,
10945,521655,K. Suurorg,481,480,7.8,0.0,0.0,0.0,0.0,
10927,521655,K. Vuks,480,481,5.766666666666667,3.0,0.0,0.0,1.0,
10939,521655,Kirves Mihkel,481,480,28.466666666666665,12.0,8.0,3.0,0.0,
10933,521655,Malmanis Rinalds,480,481,10.75,2.0,4.0,0.0,0.0,
10937,521655,O. Mccormack,480,481,23.533333333333335,13.0,3.0,1.0,2.0,
10934,521655,P. Saal,480,481,6.833333333333333,4.0,1.0,0.0,0.0,
10943,521655,R. Hermet,481,480,16.966666666666665,5.0,0.0,0.0,0.0,
10932,521655,R. Vuks,480,481,16.766666666666666,6.0,0.0,1.0,0.0,
10947,521655,T. Tsartsidze,481,480,21.55,6.0,2.0,1.0,0.0,
10930,521655,Toom Hugo,480,481,29.266666666666666,11.0,6.0,6.0,0.0,
10962,521656,A. Mohammed,2746,5599,25.5,23.0,7.0,4.0,1.0,
10963,521656,B. McBride,2746,5599,21.933333333333334,9.0,3.0,2.0,2.0,
10949,521656,C. Golson Jr,5599,2746,19.316666666666666,9.0,3.0,0.0,2.0,
10958,521656,D. Williams,2746,5599,23.166666666666668,12.0,3.0,8.0,1.0,
10959,521656,J. Heidbreder,2746,5599,20.466666666666665,13.0,1.0,1.0,3.0,
10950,521656,J. Kirsipuu,5599,2746,19.116666666666667,0.0,1.0,5.0,0.0,
10955,521656,K. Ermakov,5599,2746,1.35,0.0,0.0,0.0,0.0,
10954,521656,K. Matute,5599,2746,5.95,0.0,1.0,0.0,0.0,
10961,521656,Kohs Verners,2746,5599,26.333333333333332,24.0,5.0,3.0,7.0,
10968,521656,M. Toms,2746,5599,1.7666666666666666,0.0,0.0,0.0,0.0,
10960,521656,Oduro Prince,2746,5599,19.233333333333334,7.0,2.0,0.0,0.0,
10965,521656,Ozers Davis,2746,5599,19.233333333333334,6.0,2.0,0.0,0.0,
10952,521656,P. Carter,5599,2746,26.216666666666665,8.0,2.0,2.0,0.0,
10966,521656,P. Dziuba,2746,5599,17.866666666666667,4.0,3.0,2.0,0.0,
10956,521656,P. Peemot,5599,2746,24.75,10.0,3.0,7.0,0.0,
10967,521656,R. Cernevskis,2746,5599,7.666666666666667,5.0,1.0,0.0,1.0,
10964,521656,R. Murnieks,2746,5599,16.833333333333332,3.0,3.0,6.0,1.0,
10953,521656,R. Rumm,5599,2746,15.466666666666667,9.0,2.0,1.0,0.0,
10948,521656,S. Aav,5599,2746,33.3,19.0,2.0,3.0,4.0,
10957,521656,T. Mark,5599,2746,27.45,8.0,6.0,2.0,0.0,
10951,521656,V. Shymanskyi,5599,2746,27.083333333333332,19.0,7.0,0.0,2.0,
10987,521657,A. Simsons,2743,6100,16.816666666666666,5.0,3.0,2.0,1.0,
10986,521657,B. Jekabsons,2743,6100,20.433333333333334,8.0,2.0,2.0,0.0,
10971,521657,Berzins Janis,6100,2743,21.133333333333333,7.0,9.0,6.0,1.0,
10991,521657,D. Dobbs,2743,6100,25.383333333333333,15.0,3.0,2.0,1.0,
10985,521657,G. Sipolins,2743,6100,20.3,9.0,7.0,2.0,0.0,
10972,521657,I. Johnson,6100,2743,16.566666666666666,15.0,5.0,0.0,1.0,
10984,521657,J. Kapustans,2743,6100,4.366666666666666,0.0,0.0,0.0,0.0,
10992,521657,K. Apsitis,2743,6100,20.8,6.0,4.0,0.0,1.0,
10977,521657,K. Feierbergs,6100,2743,18.616666666666667,5.0,5.0,2.0,1.0,
10974,521657,K. Kikusts,6100,2743,16.05,6.0,2.0,1.0,1.0,
10982,521657,K. Zunda,2743,6100,8.0,0.0,0.0,0.0,0.0,
10990,521657,L. Hlebovickis,2743,6100,20.433333333333334,7.0,3.0,0.0,1.0,
10989,521657,M. Kudrjavcevs,2743,6100,11.083333333333334,0.0,0.0,0.0,0.0,
10983,521657,O. L. Lobsinger,2743,6100,22.283333333333335,16.0,5.0,1.0,3.0,
10975,521657,R. Nikolajevs,6100,2743,8.283333333333333,3.0,3.0,0.0,0.0,
10970,521657,R. Sulcs,6100,2743,12.016666666666667,14.0,0.0,3.0,2.0,
10976,521657,Skuja Toms,6100,2743,21.05,14.0,0.0,2.0,0.0,
10969,521657,T. Perkins,6100,2743,19.116666666666667,11.0,1.0,4.0,0.0,
10978,521657,T. Talcis,6100,2743,22.583333333333332,13.0,3.0,1.0,0.0,
10973,521657,Tkachenko Ivan,6100,2743,16.75,8.0,3.0,1.0,2.0,
10988,521657,V. Poluiakhtov,2743,6100,2.2333333333333334,0.0,0.0,0.0,0.0,
10979,521657,Varnas Martynas,6100,2743,16.85,7.0,3.0,0.0,0.0,
10981,521657,Vitols Juris,2743,6100,27.866666666666667,19.0,2.0,5.0,3.0,
10980,521657,Wahl Tyler,6100,2743,10.983333333333333,7.0,8.0,6.0,0.0,
11011,521658,C. Kask,2690,7814,23.416666666666668,2.0,1.0,3.0,0.0,
11001,521658,E. Abele,7814,2690,28.183333333333334,12.0,3.0,2.0,1.0,
11002,521658,E. Liekis,7814,2690,15.0,4.0,2.0,1.0,0.0,
11008,521658,G. Suvi,2690,7814,15.883333333333333,4.0,5.0,0.0,0.0,
10997,521658,H. Petrovics,7814,2690,29.95,21.0,4.0,3.0,2.0,
11000,521658,J. Sickars,7814,2690,3.216666666666667,0.0,2.0,0.0,0.0,
11010,521658,Jurtsenko Karl Gustav,2690,7814,26.85,32.0,6.0,1.0,5.0,
11012,521658,K. Kilk,2690,7814,19.15,10.0,6.0,2.0,2.0,
11013,521658,K. Reinart,2690,7814,12.75,4.0,1.0,1.0,0.0,
11006,521658,K. Valb,2690,7814,29.866666666666667,2.0,5.0,7.0,0.0,
11004,521658,M. Svikis,7814,2690,3.2333333333333334,3.0,0.0,0.0,1.0,
10994,521658,M. Tebelis,7814,2690,17.966666666666665,2.0,3.0,0.0,0.0,
11009,521658,O. Pere,2690,7814,20.683333333333334,5.0,0.0,1.0,1.0,
10995,521658,R. Berzins,7814,2690,25.0,12.0,11.0,0.0,0.0,
10996,521658,R. Indans,7814,2690,19.683333333333334,7.0,2.0,0.0,0.0,
10993,521658,R. Kudrjavcevs,7814,2690,28.4,12.0,4.0,5.0,1.0,
11005,521658,R. Kuttis,2690,7814,27.1,10.0,4.0,4.0,0.0,
10998,521658,R. Teikmanis,7814,2690,7.333333333333333,2.0,0.0,0.0,0.0,
11003,521658,R. Timma,7814,2690,18.783333333333335,7.0,4.0,1.0,0.0,
10999,521658,R. Zarins,7814,2690,3.25,0.0,0.0,0.0,0.0,
11007,521658,Urvik Erki,2690,7814,24.3,12.0,8.0,0.0,1.0,
11019,521771,Chargois Ethan,448,418,22.95,9.0,6.0,0.0,0.0,
11027,521771,D. Bajo,418,448,17.583333333333332,5.0,4.0,0.0,0.0,
11023,521771,E. Tucker,448,418,16.6,11.0,9.0,0.0,0.0,
11033,521771,Gulin Ivan,418,448,9.616666666666667,0.0,0.0,1.0,0.0,
11014,521771,J. Montgomery,448,418,24.783333333333335,0.0,7.0,2.0,0.0,
11031,521771,Johnson Nick,418,448,18.166666666666668,14.0,4.0,5.0,2.0,
11026,521771,Kacinas Mindaugas,418,448,28.283333333333335,11.0,8.0,0.0,1.0,
11020,521771,Kavan Krystof,448,418,13.933333333333334,0.0,1.0,1.0,0.0,
11017,521771,Kouril Radovan,448,418,21.333333333333332,0.0,1.0,7.0,0.0,
11029,521771,Kucic Vito,418,448,25.966666666666665,17.0,0.0,2.0,4.0,
11024,521771,M. Rebec,418,448,29.433333333333334,8.0,1.0,7.0,2.0,
11025,521771,Runjic Lovre,418,448,11.316666666666666,4.0,2.0,0.0,0.0,
11016,521771,S. Pursl,448,418,23.4,17.0,4.0,0.0,0.0,
11021,521771,Sirina Jakub,448,418,21.283333333333335,9.0,0.0,6.0,2.0,
11018,521771,Slavik Jakub,448,418,23.666666666666668,15.0,4.0,0.0,1.0,
11015,521771,Svandrlik Jan,448,418,17.05,3.0,3.0,0.0,1.0,
11028,521771,T. McLaughlin,418,448,24.583333333333332,10.0,5.0,2.0,2.0,
11032,521771,Turudic Benedikt,418,448,16.1,0.0,7.0,1.0,0.0,
11030,521771,Vuko Tonko,418,448,18.933333333333334,5.0,2.0,0.0,0.0,
11022,521771,Vyroubal Marek,448,418,15.0,4.0,3.0,1.0,0.0,
11034,521783,B. Lukian,2880,1311,36.46666666666667,15.0,6.0,5.0,2.0,
11042,521783,B. Tolmachov,1311,2880,23.866666666666667,16.0,2.0,0.0,1.0,
11045,521783,Fesun Maxim,1311,2880,14.566666666666666,2.0,3.0,0.0,0.0,
11043,521783,Koroviyakov Yevgen,1311,2880,23.333333333333332,18.0,9.0,4.0,2.0,
11046,521783,M. Andruschenko,1311,2880,1.3,0.0,1.0,0.0,0.0,
11047,521783,M. Holenkov,1311,2880,29.383333333333333,7.0,7.0,0.0,1.0,
11041,521783,Marchenko Kyrylo,1311,2880,28.066666666666666,16.0,2.0,3.0,3.0,
11035,521783,O. Garbar,2880,1311,15.466666666666667,2.0,3.0,0.0,0.0,
11036,521783,Safonov Maxim,2880,1311,22.516666666666666,6.0,2.0,0.0,0.0,
11040,521783,Talley Jordon,1311,2880,32.95,17.0,4.0,11.0,2.0,
11044,521783,Upyr Ilja,1311,2880,17.683333333333334,7.0,2.0,3.0,1.0,
11037,521783,V. Volodin,2880,1311,8.75,9.0,0.0,0.0,0.0,
11038,521783,Vodolazsky Artem,2880,1311,21.966666666666665,3.0,4.0,0.0,1.0,
11039,521783,Y. Ryzhkov,2880,1311,3.3666666666666667,0.0,2.0,0.0,0.0,
11068,521784,A. Smithiukh,1309,2870,17.866666666666667,16.0,6.0,0.0,0.0,
11067,521784,Bondarchuk Roman,1309,2870,13.483333333333333,5.0,1.0,1.0,1.0,
11063,521784,D. Sypalo,1309,2870,25.566666666666666,12.0,7.0,2.0,0.0,
11050,521784,Drozdov Volodimir,2870,1309,22.2,4.0,2.0,0.0,1.0,
11055,521784,Dupin Oleksandr,2870,1309,22.55,6.0,2.0,1.0,0.0,
11064,521784,Gorobchenko Mikhail,1309,2870,29.716666666666665,4.0,1.0,3.0,0.0,
11054,521784,Horobchenko Pavlo,2870,1309,2.6666666666666665,0.0,1.0,0.0,0.0,
11058,521784,I. Dmytrenko,2870,1309,7.783333333333333,1.0,1.0,0.0,0.0,
11059,521784,K. Major,2870,1309,10.55,2.0,1.0,3.0,0.0,
11062,521784,Koldomasov Ivan,1309,2870,18.3,3.0,2.0,0.0,1.0,
11065,521784,Koniev Volodymyr,1309,2870,23.866666666666667,11.0,3.0,4.0,0.0,
11053,521784,Kuznetsov Sergiy,2870,1309,11.7,0.0,0.0,1.0,0.0,
11051,521784,Lesyk Stepan,2870,1309,32.21666666666667,9.0,6.0,2.0,0.0,
11052,521784,Morozov Roman,2870,1309,27.4,15.0,0.0,1.0,4.0,
11048,521784,R. Howard,2870,1309,27.3,15.0,2.0,5.0,1.0,
11069,521784,S. Zahreba,1309,2870,10.433333333333334,5.0,5.0,0.0,0.0,
11060,521784,Sorochan Yevhenii,1309,2870,6.85,0.0,1.0,1.0,0.0,
11049,521784,Startsev Sergey,2870,1309,34.266666666666666,16.0,6.0,7.0,1.0,
11056,521784,T. Dobos,2870,1309,0.6833333333333333,2.0,0.0,0.0,0.0,
11061,521784,Tymofeyenko Stanislav,1309,2870,21.866666666666667,12.0,4.0,0.0,1.0,
11057,521784,U. Dunets,2870,1309,0.6833333333333333,0.0,0.0,0.0,0.0,
11066,521784,Zakurdaev Maksym,1309,2870,32.05,16.0,2.0,3.0,2.0,
11085,521785,A. Velichko,1310,3389,9.15,0.0,2.0,0.0,0.0,
11083,521785,Buts Anton,1310,3389,30.35,6.0,16.0,0.0,0.0,
11071,521785,D. Newton,3389,1310,34.68333333333333,19.0,6.0,3.0,4.0,
11084,521785,J. Ileleji,1310,3389,26.533333333333335,15.0,4.0,1.0,2.0,
11079,521785,J. Johnson,1310,3389,25.75,4.0,4.0,3.0,0.0,
11081,521785,J. Powell,1310,3389,30.866666666666667,12.0,14.0,1.0,0.0,
11073,521785,L. Lundy,3389,1310,32.81666666666667,23.0,3.0,7.0,3.0,
11070,521785,Lypovtsev Dmytro,3389,1310,27.833333333333332,5.0,3.0,1.0,1.0,
11074,521785,M. Bacurin,3389,1310,21.9,10.0,2.0,1.0,1.0,
11077,521785,M. Hulia,3389,1310,14.733333333333333,2.0,1.0,1.0,0.0,
11082,521785,Martynov Dmitro,1310,3389,24.466666666666665,17.0,4.0,0.0,1.0,
11087,521785,O. Petrenko,1310,3389,19.583333333333332,4.0,1.0,0.0,0.0,
11075,521785,R. Kuzmin,3389,1310,3.3333333333333335,0.0,2.0,0.0,0.0,
11076,521785,R. Potejev,3389,1310,19.983333333333334,7.0,1.0,0.0,1.0,
11086,521785,V. Kiktev,1310,3389,2.5166666666666666,0.0,1.0,0.0,0.0,
11078,521785,V. Melnyk,3389,1310,13.4,3.0,2.0,0.0,0.0,
11080,521785,V. Nikolaichuk,1310,3389,30.783333333333335,14.0,8.0,1.0,0.0,
11072,521785,Z. Loveday,3389,1310,31.316666666666666,6.0,13.0,0.0,0.0,
11106,521833,Arnett Alan,1374,943,21.35,7.0,2.0,3.0,0.0,
11097,521833,B. Carter,943,1374,3.216666666666667,1.0,3.0,0.0,0.0,
11094,521833,Cruz Andre,943,1374,15.933333333333334,3.0,5.0,0.0,0.0,
11090,521833,F. Amarante,943,1374,29.866666666666667,25.0,5.0,1.0,2.0,
11093,521833,G. Kalscheur,943,1374,18.3,11.0,5.0,0.0,1.0,
11107,521833,H. Bachkov,1374,943,29.033333333333335,12.0,9.0,3.0,0.0,
11101,521833,I. Richards,1374,943,36.4,12.0,10.0,1.0,2.0,
11089,521833,J. Davis,943,1374,21.316666666666666,5.0,9.0,1.0,0.0,
11098,521833,J. Embalo,943,1374,21.8,8.0,5.0,3.0,2.0,
11095,521833,J. Fernandes,943,1374,20.466666666666665,0.0,7.0,0.0,0.0,
11102,521833,J. Stormo,1374,943,30.383333333333333,13.0,8.0,0.0,0.0,
11099,521833,Johnson Malik,1374,943,31.733333333333334,19.0,0.0,4.0,1.0,
11103,521833,K. Petrov,1374,943,15.566666666666666,2.0,1.0,1.0,0.0,
11105,521833,Karamfilov Deyan,1374,943,26.683333333333334,3.0,1.0,4.0,0.0,
11109,521833,Kostov Chavdar,1374,943,14.833333333333334,3.0,1.0,0.0,0.0,
11104,521833,Martin Killian,1374,943,3.3333333333333335,0.0,1.0,0.0,0.0,
11088,521833,O&apos;Reilly Liam,943,1374,32.36666666666667,13.0,1.0,3.0,2.0,
11091,521833,T. J. Baskin,943,1374,20.25,0.0,6.0,3.0,0.0,
11096,521833,Teixeira Gustavo,943,1374,13.266666666666667,5.0,1.0,1.0,1.0,
11100,521833,Vasov Miroslav,1374,943,15.1,4.0,0.0,0.0,0.0,
11092,521833,Ventura Diogo,943,1374,28.233333333333334,8.0,2.0,5.0,2.0,
11108,521833,Yordanov Martin,1374,943,0.5833333333333334,0.0,0.0,0.0,0.0,
11123,521916,A. Bazinas,613,6176,12.1,0.0,0.0,0.0,0.0,
11111,521916,Appleby Tyree,6176,613,24.1,7.0,4.0,4.0,2.0,
11131,521916,Calathes Nick,613,6176,24.466666666666665,12.0,3.0,7.0,2.0,
11115,521916,Childs Elijah,6176,613,16.816666666666666,6.0,5.0,2.0,0.0,
11120,521916,D. Cannady,6176,613,28.45,12.0,1.0,1.0,2.0,
11112,521916,D. Skoulidas,6176,613,9.85,3.0,0.0,1.0,1.0,
11130,521916,Fillios Giorgos,613,6176,2.2,0.0,0.0,0.0,0.0,
11124,521916,Foster Marcus,613,6176,22.533333333333335,11.0,1.0,2.0,2.0,
11110,521916,Funderburk DJ,6176,613,28.166666666666668,15.0,5.0,3.0,0.0,
11114,521916,Harrell Ronnie,6176,613,24.4,4.0,4.0,0.0,1.0,
11127,521916,Hudgins Trevor,613,6176,20.516666666666666,12.0,3.0,5.0,2.0,
11117,521916,I. Sidiroilias,6176,613,11.683333333333334,4.0,2.0,0.0,0.0,
11126,521916,K. Alexander,613,6176,19.4,11.0,6.0,0.0,0.0,
11128,521916,Kaklamanakis Dimitris,613,6176,4.416666666666667,0.0,0.0,0.0,0.0,
11118,521916,Kavvadas Vasileios,6176,613,5.383333333333334,2.0,1.0,1.0,0.0,
11119,521916,Lagios Angelos,6176,613,0.4166666666666667,0.0,0.0,0.0,0.0,
11113,521916,Love Jermaine,6176,613,34.833333333333336,25.0,3.0,0.0,3.0,
11121,521916,Mitrou-Long Naz,613,6176,26.05,14.0,4.0,4.0,2.0,
11122,521916,Moore Ben,613,6176,16.183333333333334,6.0,6.0,0.0,0.0,
11125,521916,Osman Cedi,613,6176,29.116666666666667,18.0,3.0,2.0,3.0,
11129,521916,Persidis Nikos,613,6176,14.866666666666667,2.0,2.0,1.0,0.0,
11116,521916,Tigkas Filippos,6176,613,15.9,7.0,2.0,5.0,1.0,
11136,521917,Bartley Frank,605,1529,20.216666666666665,8.0,2.0,1.0,0.0,
11134,521917,Flionis Dimitris,605,1529,12.65,6.0,2.0,4.0,0.0,
11137,521917,G. Skordilis,605,1529,1.6166666666666667,0.0,0.0,0.0,0.0,
11142,521917,Heurtel Thomas,605,1529,21.783333333333335,7.0,2.0,6.0,1.0,
11151,521917,Iordanou Christos,1529,605,10.0,2.0,3.0,1.0,0.0,
11146,521917,K. Kuany,1529,605,11.216666666666667,0.0,2.0,0.0,0.0,
11150,521917,Kaselakis Leonidas,1529,605,20.833333333333332,12.0,0.0,3.0,2.0,
11144,521917,Koniaris Antonios,1529,605,33.6,5.0,3.0,8.0,0.0,
11149,521917,L. Ware,1529,605,8.166666666666666,0.0,2.0,0.0,0.0,
11138,521917,Larentzakis Giannoulis,605,1529,20.016666666666666,8.0,3.0,1.0,1.0,
11139,521917,Lekavicius Lukas,605,1529,17.283333333333335,5.0,1.0,3.0,1.0,
11135,521917,N. Joseph,605,1529,25.033333333333335,18.0,6.0,0.0,0.0,
11148,521917,N. Touliatos,1529,605,28.133333333333333,12.0,5.0,1.0,2.0,
11133,521917,Nolley II Landers,605,1529,25.45,14.0,3.0,2.0,1.0,
11132,521917,Pinckney DeAndre,605,1529,32.71666666666667,11.0,8.0,1.0,1.0,
11147,521917,S. de Sousa,1529,605,19.3,14.0,7.0,0.0,0.0,
11145,521917,Salash Maksim,1529,605,28.9,8.0,4.0,2.0,0.0,
11141,521917,Tsalmpouris Georgios,605,1529,20.633333333333333,11.0,2.0,2.0,3.0,
11140,521917,V. Chartonas,605,1529,1.75,3.0,0.0,0.0,1.0,
11143,521917,Z. Jackson,1529,605,29.75,17.0,6.0,3.0,2.0,
11156,521918,Barnett Jordan,610,1535,27.85,15.0,8.0,1.0,2.0,
11161,521918,C. Harris,610,1535,17.266666666666666,7.0,2.0,4.0,1.0,
11160,521918,Christidis Vasileos,610,1535,3.2,2.0,0.0,0.0,0.0,
11163,521918,D. Harmon,1535,610,36.8,21.0,3.0,6.0,1.0,
11166,521918,D. Jones,1535,610,24.916666666666668,6.0,1.0,1.0,2.0,
11153,521918,E. Manjon,610,1535,30.616666666666667,13.0,2.0,5.0,0.0,
11169,521918,Gant JaKeenan,1535,610,26.933333333333334,14.0,5.0,0.0,3.0,
11168,521918,I. Chatzinikolas,1535,610,25.466666666666665,8.0,6.0,2.0,1.0,
11159,521918,I. Efstathiadis,610,1535,0.6166666666666667,0.0,0.0,0.0,0.0,
11155,521918,Kamperidis Giorgos,610,1535,20.0,12.0,3.0,0.0,4.0,
11157,521918,Karampelas Zois,610,1535,9.383333333333333,2.0,0.0,3.0,0.0,
11162,521918,Kreuser Jackson,610,1535,21.066666666666666,4.0,2.0,0.0,0.0,
11164,521918,M. Poulianitis,1535,610,4.3,0.0,0.0,0.0,0.0,
11165,521918,Sharma Josh,1535,610,25.533333333333335,10.0,10.0,0.0,0.0,
11167,521918,Tsairelis Michalis,1535,610,14.466666666666667,7.0,0.0,0.0,0.0,
11158,521918,Tsiakmas Nikos,610,1535,18.116666666666667,3.0,0.0,1.0,1.0,
11154,521918,Upson Devonte,610,1535,27.883333333333333,12.0,7.0,0.0,0.0,
11152,521918,Willis Payton,610,1535,24.0,21.0,1.0,5.0,5.0,
11175,521919,A. Nikolaidis,617,616,0.5666666666666667,0.0,0.0,0.0,0.0,
11180,521919,Antetokounmpo Alexandros,617,616,3.1666666666666665,0.0,0.0,0.0,0.0,
11179,521919,Arms Adonis,617,616,14.4,11.0,3.0,0.0,1.0,
11178,521919,Diplaros Nikos,617,616,21.783333333333335,10.0,1.0,7.0,2.0,
11177,521919,E. Kapetakis,617,616,3.5833333333333335,2.0,0.0,0.0,0.0,
11171,521919,Evans Shannon,617,616,31.583333333333332,17.0,3.0,1.0,1.0,
11184,521919,G. Gkiouzelis,616,617,18.166666666666668,7.0,5.0,0.0,1.0,
11182,521919,J. Finch,616,617,24.433333333333334,11.0,1.0,4.0,1.0,
11170,521919,J. Forrester,617,616,24.15,4.0,6.0,1.0,0.0,
11186,521919,J. Ittounas,616,617,4.433333333333334,0.0,0.0,0.0,0.0,
11176,521919,K. Coleman,617,616,20.383333333333333,10.0,3.0,1.0,0.0,
11172,521919,Kalaitzakis Georgios,617,616,29.666666666666668,8.0,2.0,3.0,0.0,
11174,521919,Kulboka Arnoldas,617,616,29.216666666666665,18.0,7.0,1.0,3.0,
11188,521919,M. Chatzidakis,616,617,19.6,6.0,3.0,3.0,0.0,
11187,521919,N. Freidel,616,617,20.55,7.0,1.0,3.0,1.0,
11173,521919,N. Williams,617,616,21.516666666666666,8.0,1.0,2.0,2.0,
11181,521919,Nichols Ty,616,617,30.333333333333332,21.0,4.0,6.0,3.0,
11191,521919,Nikolaidis Alexandros,616,617,15.566666666666666,13.0,4.0,2.0,2.0,
11183,521919,O. Payne,616,617,20.35,9.0,6.0,1.0,0.0,
11189,521919,Papadakis Konstantinos,616,617,10.166666666666666,5.0,3.0,2.0,1.0,
11185,521919,T. Anderson,616,617,19.433333333333334,8.0,2.0,0.0,2.0,
11190,521919,W. Carius,616,617,12.783333333333333,7.0,2.0,1.0,1.0,
11199,521920,A. Roumoglou,590,606,17.283333333333335,3.0,1.0,1.0,1.0,
11205,521920,Antetokounmpo Kostas,606,590,13.483333333333333,2.0,2.0,1.0,0.0,
11209,521920,Birch Khem,606,590,15.133333333333333,6.0,7.0,1.0,0.0,
11194,521920,C. Smith,590,606,21.983333333333334,8.0,8.0,2.0,0.0,
11208,521920,Charalampopoulos Vasileios,606,590,14.95,0.0,2.0,1.0,0.0,
11204,521920,Dimitrijevic Nenad,606,590,26.866666666666667,3.0,5.0,7.0,1.0,
11200,521920,Gikas Nikos,590,606,23.083333333333332,0.0,4.0,9.0,0.0,
11198,521920,J. Francis,590,606,24.9,19.0,9.0,0.0,0.0,
11192,521920,K. Jackson,590,606,29.7,6.0,2.0,3.0,1.0,
11207,521920,Liddell EJ,606,590,20.216666666666665,14.0,3.0,1.0,0.0,
11203,521920,M. Morgan,606,590,23.166666666666668,7.0,0.0,2.0,1.0,
11197,521920,McRae Jordan,590,606,28.283333333333335,17.0,3.0,1.0,1.0,
11210,521920,Mitrou-Long Elijah,606,590,11.033333333333333,0.0,1.0,0.0,0.0,
11201,521920,Mokoka Adam,606,590,23.116666666666667,6.0,3.0,1.0,1.0,
11196,521920,Okoro Francis,590,606,14.2,3.0,2.0,0.0,0.0,
11195,521920,Petropoulos Andreas,590,606,16.383333333333333,7.0,1.0,0.0,2.0,
11202,521920,Robinson Jeremiah,606,590,28.966666666666665,25.0,8.0,2.0,1.0,
11206,521920,Toliopoulos Vasileios,606,590,20.033333333333335,5.0,1.0,2.0,1.0,
11193,521920,Turner Justin,590,606,24.166666666666668,11.0,0.0,4.0,2.0,
11226,521921,A. Almonor,6179,614,14.733333333333333,3.0,0.0,0.0,1.0,
11229,521921,A. Patrikis,6179,614,9.75,2.0,2.0,0.0,0.0,
11219,521921,Bonga Isaac,614,6179,19.433333333333334,2.0,9.0,0.0,0.0,
11222,521921,Floyd Jordan,6179,614,24.516666666666666,14.0,2.0,6.0,1.0,
11212,521921,Francisco Sylvain,614,6179,17.25,12.0,0.0,5.0,2.0,
11230,521921,Freeman Allerik,6179,614,11.016666666666667,0.0,0.0,3.0,0.0,
11225,521921,G. Karakostas,6179,614,21.566666666666666,10.0,2.0,2.0,2.0,
11228,521921,Gontikas Konstantinos,6179,614,15.533333333333333,8.0,3.0,0.0,0.0,
11217,521921,Hayes Nigel,614,6179,23.533333333333335,15.0,3.0,3.0,1.0,
11227,521921,I. Agravanis,6179,614,24.1,12.0,3.0,1.0,1.0,
11224,521921,K. Justice,6179,614,23.883333333333333,14.0,5.0,0.0,2.0,
11211,521921,Kalaitzakis Panagiotis,614,6179,28.5,9.0,3.0,1.0,1.0,
11218,521921,Lessort Mathias,614,6179,20.666666666666668,19.0,3.0,1.0,0.0,
11215,521921,Mantzoukas Lefteris,614,6179,25.316666666666666,10.0,2.0,0.0,2.0,
11214,521921,Mitoglou Konstantinos,614,6179,19.333333333333332,14.0,4.0,0.0,1.0,
11216,521921,Moraitis Dimitrios,614,6179,23.616666666666667,8.0,0.0,10.0,2.0,
11231,521921,N. Pozoglou,6179,614,10.416666666666666,0.0,3.0,0.0,0.0,
11220,521921,S. Bogues,6179,614,22.9,4.0,4.0,3.0,0.0,
11221,521921,Sotiriou Aristotelis,6179,614,8.65,1.0,2.0,0.0,0.0,
11223,521921,W. McNair,6179,614,12.933333333333334,6.0,0.0,0.0,0.0,
11213,521921,Yabusele Guerschon,614,6179,22.35,14.0,7.0,2.0,3.0,
11235,521922,C. Syllas,609,1542,28.6,5.0,4.0,2.0,1.0,
11241,521922,Dorsey Tyler,1542,609,20.9,11.0,2.0,1.0,2.0,
11246,521922,Fournier Evan,1542,609,19.666666666666668,4.0,2.0,3.0,1.0,
11236,521922,G. Arnokouros,609,1542,16.35,4.0,5.0,0.0,0.0,
11233,521922,H. Diarra,609,1542,29.716666666666665,16.0,2.0,2.0,3.0,
11242,521922,Hall Donta,1542,609,16.283333333333335,8.0,4.0,1.0,0.0,
11234,521922,J. Hutson,609,1542,19.383333333333333,0.0,2.0,1.0,0.0,
11232,521922,J. Lecque,609,1542,28.583333333333332,19.0,4.0,2.0,1.0,
11238,521922,Miller-McIntyre Codi,1542,609,29.616666666666667,12.0,9.0,6.0,2.0,
11245,521922,Milutinov Nikola,1542,609,21.483333333333334,10.0,5.0,1.0,0.0,
11244,521922,Ndiaye Mbaye,1542,609,19.55,8.0,7.0,2.0,0.0,
11243,521922,Papanikolaou Kostas,1542,609,20.0,0.0,4.0,2.0,0.0,
11237,521922,S. Mastrogiannopoulos,609,1542,14.966666666666667,4.0,1.0,1.0,0.0,
11240,521922,Vezenkov Aleksandar,1542,609,22.533333333333335,14.0,3.0,0.0,2.0,
11239,521922,Ward Tyson,1542,609,20.0,4.0,2.0,1.0,1.0,
11259,522146,H. Turunen,3647,503,16.816666666666666,5.0,0.0,1.0,0.0,
11252,522146,I. Muhonen,503,3647,19.266666666666666,13.0,6.0,2.0,3.0,
11257,522146,I. Pulkkinen,3647,503,29.983333333333334,3.0,4.0,0.0,1.0,
11248,522146,J. Toivonen,503,3647,17.533333333333335,15.0,0.0,4.0,0.0,
11255,522146,N. Hanski,503,3647,12.633333333333333,5.0,0.0,1.0,0.0,
11253,522146,P. Keppo,503,3647,25.916666666666668,13.0,6.0,1.0,3.0,
11250,522146,R. Pakarinen,503,3647,17.35,10.0,8.0,2.0,0.0,
11260,522146,R. Sohlberg,3647,503,29.55,9.0,5.0,0.0,1.0,
11247,522146,S. Behm,503,3647,26.816666666666666,14.0,9.0,2.0,0.0,
11258,522146,S. Eronen,3647,503,27.75,0.0,1.0,0.0,0.0,
11254,522146,S. Helkala,503,3647,19.783333333333335,11.0,4.0,0.0,2.0,
11256,522146,S. Ruutiainen,3647,503,28.05,0.0,4.0,1.0,0.0,
11249,522146,T. Hyvarinen,503,3647,24.1,0.0,3.0,3.0,0.0,
11251,522146,U. Koirikivi,503,3647,18.85,12.0,6.0,3.0,0.0,
11276,522147,A. Achren,7494,6537,15.1,3.0,1.0,0.0,1.0,
11278,522147,A. Haakana,7494,6537,25.75,13.0,4.0,2.0,1.0,
11266,522147,A. Peltonen,6537,7494,10.516666666666667,0.0,1.0,2.0,0.0,
11270,522147,A. Toivonen,7494,6537,17.783333333333335,5.0,2.0,2.0,1.0,
11274,522147,I. Arell,7494,6537,28.1,9.0,2.0,3.0,1.0,
11269,522147,J. Ojanen,6537,7494,20.266666666666666,6.0,6.0,3.0,0.0,
11271,522147,K. Hilska,7494,6537,28.633333333333333,7.0,6.0,2.0,1.0,
11261,522147,K. Kilpinen,6537,7494,27.6,7.0,10.0,2.0,1.0,
11277,522147,L. Kelosaari,7494,6537,15.2,2.0,1.0,0.0,0.0,
11275,522147,M. Aaltonen,7494,6537,22.516666666666666,7.0,4.0,1.0,0.0,
11264,522147,M. Lilja,6537,7494,12.383333333333333,0.0,1.0,2.0,0.0,
11268,522147,M. Paajarvi,6537,7494,6.683333333333334,3.0,0.0,0.0,1.0,
11262,522147,M. Witka,6537,7494,23.216666666666665,12.0,10.0,2.0,0.0,
11272,522147,N. Huoponen,7494,6537,26.7,7.0,2.0,1.0,0.0,
11265,522147,N. Riippi,6537,7494,17.1,8.0,5.0,4.0,2.0,
11263,522147,O. Fabritius,6537,7494,18.783333333333335,13.0,3.0,2.0,2.0,
11267,522147,S. J. Ojala,6537,7494,16.783333333333335,7.0,6.0,0.0,0.0,
11273,522147,V. Sallasmaa,7494,6537,20.216666666666665,1.0,3.0,2.0,0.0,
11293,522148,A. Tervanen,3646,7975,17.733333333333334,3.0,2.0,0.0,1.0,
11279,522148,E. Luostarinen,7975,3646,27.833333333333332,20.0,7.0,4.0,2.0,
11289,522148,H. Lairio,3646,7975,27.883333333333333,17.0,2.0,1.0,3.0,
11291,522148,K. Kaivos,3646,7975,27.266666666666666,12.0,8.0,1.0,1.0,
11282,522148,L. Lampinen,7975,3646,29.733333333333334,16.0,4.0,5.0,1.0,
11287,522148,L. Lehtonen,3646,7975,28.433333333333334,4.0,6.0,3.0,0.0,
11285,522148,M. Sidaenmaanlakka,7975,3646,16.05,0.0,8.0,0.0,0.0,
11296,522148,M. Yalaho,3646,7975,14.483333333333333,2.0,3.0,0.0,0.0,
11286,522148,Mikkola Elina,7975,3646,12.75,2.0,2.0,0.0,0.0,
11280,522148,N. M. Kaukiainen,7975,3646,13.8,3.0,4.0,1.0,1.0,
11295,522148,N. Pettinen,3646,7975,8.366666666666667,2.0,3.0,0.0,0.0,
11294,522148,O. Arhosalo,3646,7975,8.783333333333333,0.0,0.0,0.0,0.0,
11283,522148,O. Carpelan,7975,3646,23.95,20.0,5.0,1.0,6.0,
11288,522148,P. Isoaho,3646,7975,19.683333333333334,2.0,6.0,1.0,0.0,
11292,522148,S. Mecklin,3646,7975,12.366666666666667,1.0,0.0,0.0,0.0,
11290,522148,S. Saviniemi,3646,7975,32.166666666666664,18.0,5.0,1.0,3.0,
11281,522148,T. Marttinen,7975,3646,27.133333333333333,5.0,4.0,3.0,1.0,
11284,522148,W. Vilen,7975,3646,17.0,6.0,0.0,1.0,2.0,
11311,522149,A. Ahonen,7974,5625,30.816666666666666,16.0,15.0,2.0,0.0,
11306,522149,A. Sipilainen,5625,7974,10.0,3.0,1.0,1.0,0.0,
11299,522149,D. Jokinen,5625,7974,30.15,17.0,11.0,0.0,1.0,
11308,522149,E. Riihela,7974,5625,39.9,17.0,10.0,0.0,2.0,
11300,522149,E. von Behr,5625,7974,26.35,11.0,11.0,0.0,3.0,
11297,522149,I. Andersin,5625,7974,24.266666666666666,11.0,6.0,2.0,2.0,
11309,522149,I. Mattila,7974,5625,13.466666666666667,0.0,3.0,1.0,0.0,
11312,522149,L. Camara,7974,5625,35.45,22.0,6.0,2.0,2.0,
11314,522149,M. E. Seppala,7974,5625,5.933333333333334,3.0,1.0,0.0,1.0,
11305,522149,M. Lohko,5625,7974,8.85,0.0,1.0,0.0,0.0,
11313,522149,N. Lepisto,7974,5625,19.7,4.0,4.0,1.0,0.0,
11315,522149,O. Harju,7974,5625,20.15,4.0,2.0,0.0,0.0,
11307,522149,O. Muhonen,5625,7974,16.633333333333333,4.0,1.0,0.0,0.0,
11304,522149,O. Pasanen,5625,7974,8.583333333333334,1.0,0.0,1.0,0.0,
11298,522149,P. Leppanen,5625,7974,33.2,19.0,8.0,6.0,3.0,
11301,522149,S. Jarvinen,5625,7974,22.983333333333334,7.0,6.0,0.0,0.0,
11303,522149,S. Keskevaari,5625,7974,16.183333333333334,5.0,4.0,0.0,1.0,
11310,522149,V. Niskanen,7974,5625,27.783333333333335,5.0,6.0,1.0,0.0,
11302,522149,Vekkila Tilda,5625,7974,27.8,7.0,4.0,4.0,2.0,
11332,522355,A. Novakovic,2521,100,30.316666666666666,11.0,1.0,3.0,2.0,
11328,522355,A. Stazic,2521,100,25.65,5.0,2.0,0.0,1.0,
11324,522355,A. Villain,100,2521,3.6666666666666665,0.0,0.0,1.0,0.0,
11322,522355,Amini Mohammad,100,2521,21.15,6.0,2.0,1.0,1.0,
11325,522355,B. Bidias,100,2521,23.583333333333332,6.0,7.0,1.0,2.0,
11316,522355,C. Marshall,100,2521,21.483333333333334,4.0,3.0,1.0,0.0,
11323,522355,D. Ntsantso,100,2521,6.95,0.0,1.0,0.0,0.0,
11319,522355,Gombauld Stephane,100,2521,29.85,15.0,9.0,1.0,0.0,
11318,522355,Goudou-Sinha Enzo,100,2521,26.983333333333334,8.0,2.0,1.0,2.0,
11321,522355,Hammond Marcus,100,2521,27.5,19.0,5.0,4.0,5.0,
11320,522355,I. Cozart,100,2521,16.416666666666668,0.0,2.0,2.0,0.0,
11326,522355,Jovanovic Nikola,2521,100,20.85,14.0,9.0,2.0,0.0,
11317,522355,K. Marsillon-Noleo,100,2521,22.416666666666668,8.0,8.0,0.0,2.0,
11333,522355,Kures Luka,2521,100,4.9,0.0,1.0,0.0,0.0,
11331,522355,Langovic Aleksandar,2521,100,25.733333333333334,13.0,6.0,0.0,3.0,
11327,522355,Njie Barra,2521,100,32.38333333333333,1.0,5.0,14.0,0.0,
11329,522355,R. Gunn,2521,100,31.166666666666668,15.0,5.0,0.0,1.0,
11330,522355,Sherfield Grant,2521,100,29.0,6.0,3.0,3.0,0.0,
11345,522356,Anabir Noe,1231,7523,3.2,0.0,2.0,1.0,0.0,
11344,522356,C. Floyd,1231,7523,30.466666666666665,34.0,3.0,6.0,6.0,
11336,522356,D. Jackson,7523,1231,33.766666666666666,9.0,1.0,2.0,1.0,
11341,522356,E. Donat,7523,1231,7.216666666666667,0.0,5.0,0.0,0.0,
11338,522356,E. Polite,7523,1231,37.083333333333336,16.0,12.0,1.0,0.0,
11334,522356,Frazier James,7523,1231,35.233333333333334,22.0,8.0,4.0,2.0,
11340,522356,I. Abdullayev,7523,1231,8.65,0.0,1.0,0.0,0.0,
11352,522356,J. James,1231,7523,14.2,0.0,2.0,1.0,0.0,
11351,522356,J. Joly,1231,7523,8.733333333333333,0.0,0.0,0.0,0.0,
11339,522356,J. Perkins,7523,1231,31.6,16.0,2.0,6.0,3.0,
11347,522356,K. Kalu,1231,7523,12.283333333333333,4.0,4.0,0.0,0.0,
11335,522356,K. Walton,7523,1231,10.133333333333333,0.0,0.0,1.0,0.0,
11348,522356,M. Chabouh,1231,7523,18.566666666666666,7.0,4.0,1.0,1.0,
11342,522356,N. Mammadli,7523,1231,2.1,0.0,0.0,0.0,0.0,
11337,522356,Orelik Gediminas,7523,1231,34.21666666666667,20.0,8.0,3.0,5.0,
11350,522356,Solca Yuri,1231,7523,29.05,8.0,8.0,3.0,1.0,
11343,522356,T. Johnson,1231,7523,31.416666666666668,33.0,7.0,5.0,2.0,
11349,522356,Williams Isaiah,1231,7523,30.933333333333334,16.0,3.0,4.0,4.0,
11346,522356,Z. Weibel,1231,7523,21.15,3.0,5.0,0.0,1.0,
11359,522357,A. Kalaitzakis,610,981,3.2333333333333334,0.0,0.0,0.0,0.0,
11368,522357,B. Tibirna,981,610,11.25,3.0,3.0,0.0,1.0,
11363,522357,Barnett Jordan,610,981,16.033333333333335,8.0,3.0,0.0,2.0,
11361,522357,C. Harris,610,981,15.416666666666666,7.0,1.0,1.0,2.0,
11372,522357,C. Muresan,981,610,14.116666666666667,2.0,6.0,1.0,0.0,
11369,522357,D. Davis,981,610,28.483333333333334,4.0,4.0,1.0,1.0,
11371,522357,D. Toma,981,610,0.16666666666666666,0.0,0.0,0.0,0.0,
11373,522357,Dishman DeAndre,981,610,25.283333333333335,5.0,7.0,0.0,0.0,
11354,522357,E. Manjon,610,981,24.8,10.0,2.0,3.0,0.0,
11358,522357,I. Efstathiadis,610,981,5.266666666666667,0.0,0.0,0.0,0.0,
11374,522357,J. Gordon,981,610,22.316666666666666,10.0,4.0,0.0,2.0,
11366,522357,J. O. Beaubrun,981,610,18.083333333333332,7.0,4.0,0.0,0.0,
11367,522357,K. Lilly,981,610,33.833333333333336,10.0,1.0,4.0,2.0,
11355,522357,Kamperidis Giorgos,610,981,29.416666666666668,16.0,3.0,1.0,5.0,
11360,522357,Karampelas Zois,610,981,11.316666666666666,2.0,1.0,3.0,0.0,
11357,522357,Kreuser Jackson,610,981,23.966666666666665,11.0,9.0,2.0,1.0,
11365,522357,Nistor Vlad,981,610,20.983333333333334,0.0,2.0,1.0,0.0,
11370,522357,R. Polite,981,610,25.483333333333334,24.0,10.0,4.0,1.0,
11356,522357,T. Stevenson,610,981,17.866666666666667,2.0,0.0,0.0,0.0,
11362,522357,Tsiakmas Nikos,610,981,8.466666666666667,2.0,2.0,0.0,0.0,
11364,522357,Upson Devonte,610,981,22.133333333333333,5.0,8.0,0.0,0.0,
11353,522357,Willis Payton,610,981,22.083333333333332,14.0,5.0,5.0,2.0,
11382,522358,A. Ozols,1663,7482,3.3833333333333333,0.0,0.0,0.0,0.0,
11385,522358,Berkolds Rihards,1663,7482,2.2,0.0,0.0,0.0,0.0,
11381,522358,Bumeisters Rodrigo,1663,7482,15.316666666666666,2.0,1.0,1.0,0.0,
11386,522358,C. Asberry,1663,7482,20.966666666666665,5.0,7.0,3.0,0.0,
11389,522358,Dallas Jordan,7482,1663,15.816666666666666,5.0,3.0,0.0,1.0,
11393,522358,G. Kenderov,7482,1663,9.95,2.0,0.0,0.0,0.0,
11392,522358,Hadjirusev Evgeni,7482,1663,5.8,3.0,0.0,1.0,1.0,
11394,522358,I. Kikrilis,7482,1663,17.2,6.0,0.0,0.0,2.0,
11390,522358,I. Thompson,7482,1663,27.533333333333335,9.0,5.0,1.0,1.0,
11391,522358,J. Brown,7482,1663,25.133333333333333,18.0,1.0,4.0,1.0,
11384,522358,J. Niedra,1663,7482,2.6666666666666665,0.0,0.0,1.0,0.0,
11376,522358,J. Sears,1663,7482,30.933333333333334,30.0,8.0,6.0,5.0,
11395,522358,Jamison Saiquan,7482,1663,24.183333333333334,4.0,4.0,0.0,0.0,
11378,522358,L. C. Rodriguez Jr,1663,7482,20.466666666666665,20.0,10.0,1.0,2.0,
11380,522358,M. Rogers,1663,7482,9.483333333333333,3.0,0.0,0.0,1.0,
11375,522358,Mejeris Mareks,1663,7482,25.6,10.0,3.0,1.0,0.0,
11396,522358,Moldov Mihail,7482,1663,16.9,0.0,4.0,1.0,0.0,
11377,522358,R. Aleksandrovs,1663,7482,19.5,8.0,4.0,1.0,0.0,
11387,522358,Ramsey Devearl,7482,1663,33.18333333333333,21.0,3.0,9.0,3.0,
11383,522358,Silins Ojars,1663,7482,22.033333333333335,16.0,1.0,1.0,4.0,
11379,522358,Skele Aigars,1663,7482,27.45,12.0,7.0,12.0,1.0,
11388,522358,T. Minkov,7482,1663,24.3,15.0,4.0,1.0,0.0,
11416,522359,A. Clayton,308,1073,17.316666666666666,6.0,3.0,2.0,2.0,
11417,522359,A. Miller,308,1073,7.883333333333333,8.0,1.0,1.0,1.0,
11400,522359,B. Tomasevic,1073,308,35.983333333333334,11.0,6.0,1.0,2.0,
11401,522359,Bojanovsky Boris,1073,308,25.7,7.0,11.0,1.0,0.0,
11413,522359,Buysse Simon,308,1073,22.8,9.0,0.0,3.0,3.0,
11408,522359,D. Leffew,308,1073,25.816666666666666,5.0,7.0,2.0,1.0,
11414,522359,D. Pieters,308,1073,5.183333333333334,4.0,0.0,0.0,0.0,
11405,522359,G. Dorsey,1073,308,6.266666666666667,0.0,1.0,1.0,0.0,
11411,522359,Gillet Pierre-Antoine,308,1073,23.216666666666665,3.0,4.0,1.0,1.0,
11397,522359,Hicks Tony,1073,308,29.866666666666667,18.0,2.0,3.0,4.0,
11398,522359,J. Brooks,1073,308,12.933333333333334,2.0,3.0,0.0,0.0,
11407,522359,J. Heady,308,1073,21.483333333333334,5.0,5.0,1.0,0.0,
11399,522359,J. Watson-Gayle,1073,308,25.65,9.0,3.0,1.0,1.0,
11415,522359,Kostadinov Konstantin,308,1073,21.633333333333333,15.0,8.0,2.0,0.0,
11410,522359,M. Sylla,308,1073,17.833333333333332,8.0,9.0,3.0,0.0,
11409,522359,Mennes Jo,308,1073,16.9,0.0,3.0,4.0,0.0,
11402,522359,Ohams Chuba,1073,308,13.766666666666667,6.0,4.0,1.0,0.0,
11404,522359,Pazicky Patrik,1073,308,21.333333333333332,2.0,3.0,1.0,0.0,
11412,522359,S. Swenson,308,1073,19.933333333333334,13.0,2.0,1.0,3.0,
11406,522359,Solcansky Samuel,1073,308,4.016666666666667,0.0,0.0,1.0,0.0,
11403,522359,T. Chavez,1073,308,24.483333333333334,14.0,6.0,1.0,2.0,
11419,522360,A. Durham,1389,5923,36.56666666666667,16.0,6.0,2.0,0.0,
11430,522360,C. Thompson,5923,1389,26.0,6.0,12.0,0.0,0.0,
11433,522360,C. Wishart,5923,1389,19.133333333333333,2.0,2.0,5.0,0.0,
11426,522360,E. Colbert,5923,1389,16.233333333333334,5.0,4.0,0.0,1.0,
11423,522360,G. Varsos,1389,5923,22.616666666666667,0.0,0.0,3.0,0.0,
11435,522360,Herzog Lukas,5923,1389,14.833333333333334,3.0,3.0,2.0,1.0,
11425,522360,Hunt Jesse,1389,5923,23.733333333333334,8.0,11.0,4.0,0.0,
11422,522360,J. Trovoy,1389,5923,35.21666666666667,13.0,4.0,0.0,0.0,
11428,522360,K. Dye,5923,1389,20.866666666666667,8.0,1.0,2.0,2.0,
11431,522360,M. Jones,5923,1389,27.65,7.0,6.0,0.0,1.0,
11421,522360,Markou Panagiotis,1389,5923,9.1,0.0,1.0,3.0,0.0,
11418,522360,Mucius Isaiah,1389,5923,27.616666666666667,10.0,8.0,0.0,1.0,
11424,522360,P. Pavlidis,1389,5923,11.1,2.0,3.0,1.0,0.0,
11434,522360,Petric Marko,5923,1389,12.666666666666666,8.0,0.0,0.0,1.0,
11427,522360,S. Griffin,5923,1389,25.233333333333334,13.0,1.0,0.0,3.0,
11432,522360,Saffer Leo,5923,1389,14.0,7.0,4.0,0.0,0.0,
11420,522360,T. Myles,1389,5923,34.05,24.0,4.0,1.0,3.0,
11429,522360,Tischler Brandon,5923,1389,23.383333333333333,6.0,7.0,1.0,0.0,
11443,523151,A. Vrabac,2544,613,19.933333333333334,3.0,1.0,1.0,0.0,
11442,523151,Atic Edin,2544,613,23.966666666666665,11.0,6.0,2.0,1.0,
11445,523151,Browne Gary,2544,613,18.316666666666666,10.0,0.0,0.0,2.0,
11450,523151,Calathes Nick,613,2544,18.966666666666665,4.0,1.0,7.0,0.0,
11437,523151,D. Gholston,2544,613,19.116666666666667,4.0,0.0,1.0,0.0,
11438,523151,D. Talic,2544,613,20.233333333333334,6.0,3.0,1.0,1.0,
11453,523151,Foster Marcus,613,2544,20.133333333333333,11.0,5.0,1.0,2.0,
11440,523151,Hawkins Ryan,2544,613,18.033333333333335,0.0,3.0,1.0,0.0,
11452,523151,Hudgins Trevor,613,2544,23.5,10.0,1.0,2.0,2.0,
11449,523151,K. Alexander,613,2544,22.933333333333334,6.0,6.0,2.0,0.0,
11441,523151,M. Domask,2544,613,9.116666666666667,0.0,0.0,0.0,0.0,
11447,523151,Mitrou-Long Naz,613,2544,19.3,0.0,1.0,0.0,0.0,
11455,523151,Moore Ben,613,2544,17.066666666666666,8.0,3.0,0.0,0.0,
11448,523151,Osman Cedi,613,2544,35.03333333333333,17.0,7.0,2.0,0.0,
11444,523151,Perry Reginald,2544,613,25.633333333333333,12.0,12.0,0.0,0.0,
11454,523151,Persidis Nikos,613,2544,2.8666666666666667,0.0,0.0,0.0,0.0,
11439,523151,Popovic Nikola,2544,613,17.85,10.0,5.0,2.0,0.0,
11446,523151,R. Gray,613,2544,23.15,5.0,2.0,1.0,1.0,
11436,523151,S. Pipes JR,2544,613,27.8,16.0,2.0,3.0,0.0,
11451,523151,Tyree Breein,613,2544,17.05,14.0,4.0,1.0,2.0,
11459,523163,A. Eyporsdottir,2276,6445,38.766666666666666,16.0,8.0,1.0,2.0,
11468,523163,A. Paz,6445,2276,14.133333333333333,6.0,2.0,3.0,0.0,
11458,523163,C. Fairley,2276,6445,35.63333333333333,17.0,6.0,3.0,1.0,
11467,523163,Chagas Florencia,6445,2276,28.466666666666665,19.0,6.0,5.0,3.0,
11470,523163,E. Helgadottir,6445,2276,19.083333333333332,12.0,2.0,1.0,4.0,
11456,523163,E. Hermannsdottir,2276,6445,28.116666666666667,6.0,5.0,1.0,1.0,
11464,523163,F. Bjarnadottir,2276,6445,5.083333333333333,0.0,0.0,0.0,0.0,
11474,523163,G. Bjarnadottir,6445,2276,8.566666666666666,0.0,1.0,0.0,0.0,
11457,523163,H. Bergsteinsdottir,2276,6445,25.533333333333335,7.0,2.0,1.0,1.0,
11460,523163,H. Davidsdottir,2276,6445,29.1,12.0,6.0,6.0,0.0,
11463,523163,H. Kjartansdottir,2276,6445,17.166666666666668,2.0,1.0,0.0,0.0,
11472,523163,I. Siguroardottir,6445,2276,19.416666666666668,6.0,7.0,0.0,0.0,
11465,523163,K. Armannsdottir,6445,2276,35.233333333333334,21.0,11.0,3.0,2.0,
11471,523163,K. Bjorgvinsdottir,6445,2276,10.25,6.0,0.0,0.0,1.0,
11462,523163,K. Gudjonsdottir,2276,6445,19.366666666666667,5.0,1.0,0.0,1.0,
11469,523163,M. Vallina,6445,2276,25.983333333333334,4.0,3.0,6.0,0.0,
11473,523163,Oladottir Katrin,6445,2276,14.6,0.0,4.0,1.0,0.0,
11466,523163,Q. Fulmore,6445,2276,24.266666666666666,27.0,9.0,2.0,0.0,
11461,523163,S. Gunnarsdottir,2276,6445,1.2333333333333334,2.0,0.0,0.0,0.0,
11490,523180,A. Camoglu,7961,480,8.066666666666666,0.0,1.0,0.0,0.0,
11489,523180,A. Demirtas,7961,480,1.0333333333333334,0.0,0.0,0.0,0.0,
11491,523180,A. Reese,7961,480,26.483333333333334,23.0,6.0,1.0,5.0,
11476,523180,Allen KeVaughn,480,7961,31.283333333333335,6.0,2.0,3.0,0.0,
11492,523180,B. Akin,7961,480,10.133333333333333,2.0,2.0,1.0,0.0,
11487,523180,Danusevicius Paulius,7961,480,22.816666666666666,4.0,5.0,2.0,0.0,
11484,523180,Davis Jonathan,7961,480,32.6,16.0,3.0,6.0,1.0,
11488,523180,F. Barna,7961,480,28.133333333333333,12.0,2.0,3.0,2.0,
11479,523180,Forrest Damian,480,7961,33.81666666666667,13.0,14.0,3.0,0.0,
11481,523180,H. Saar,480,7961,12.116666666666667,2.0,0.0,0.0,0.0,
11475,523180,J. Falko,480,7961,32.15,26.0,2.0,6.0,2.0,
11482,523180,Jurgens Carlos,480,7961,10.333333333333334,7.0,0.0,2.0,1.0,
11485,523180,M. Akay,7961,480,20.133333333333333,0.0,2.0,1.0,0.0,
11493,523180,M. Mitchell,7961,480,24.383333333333333,6.0,2.0,3.0,0.0,
11483,523180,Malmanis Rinalds,480,7961,12.983333333333333,3.0,2.0,2.0,1.0,
11486,523180,O. Cluff,7961,480,26.216666666666665,15.0,12.0,3.0,0.0,
11478,523180,O. Mccormack,480,7961,30.35,11.0,4.0,0.0,3.0,
11480,523180,P. Saal,480,7961,1.9833333333333334,3.0,0.0,0.0,1.0,
11477,523180,Toom Hugo,480,7961,34.983333333333334,15.0,4.0,1.0,2.0,
11507,523181,B. Mitchell-Day,7491,20,13.883333333333333,2.0,0.0,1.0,0.0,
11506,523181,C. Pigge,7491,20,22.2,3.0,3.0,3.0,0.0,
11498,523181,C. Ponsar,20,7491,23.6,13.0,2.0,2.0,1.0,
11510,523181,C. Sandy,7491,20,13.616666666666667,4.0,5.0,0.0,0.0,
11505,523181,C. Williams,7491,20,26.616666666666667,9.0,6.0,1.0,3.0,
11499,523181,D. Dunn,20,7491,17.116666666666667,1.0,4.0,4.0,0.0,
11513,523181,D. Shelton,7491,20,8.683333333333334,1.0,3.0,0.0,0.0,
11503,523181,Golden Grant,20,7491,22.833333333333332,16.0,6.0,2.0,0.0,
11502,523181,Grandison Jacob,20,7491,15.366666666666667,0.0,1.0,0.0,0.0,
11514,523181,J. Brown,7491,20,8.066666666666666,0.0,2.0,0.0,0.0,
11496,523181,J. Hill,20,7491,26.116666666666667,18.0,1.0,2.0,4.0,
11504,523181,J. Horne,20,7491,13.383333333333333,5.0,2.0,0.0,1.0,
11511,523181,J. Johnson,7491,20,21.833333333333332,10.0,2.0,4.0,2.0,
11512,523181,K. Henry,7491,20,2.183333333333333,0.0,0.0,0.0,0.0,
11508,523181,K. Thompson,7491,20,31.266666666666666,18.0,5.0,3.0,1.0,
11497,523181,Leray Matheo,20,7491,22.466666666666665,11.0,6.0,11.0,2.0,
11515,523181,M. Nicholson,7491,20,23.516666666666666,9.0,7.0,0.0,0.0,
11494,523181,N. Kouakou-Heugue,20,7491,16.583333333333332,13.0,3.0,0.0,0.0,
11501,523181,Nadolny Clarence,20,7491,16.216666666666665,0.0,4.0,4.0,0.0,
11509,523181,Nelson Luke,7491,20,28.133333333333333,16.0,1.0,4.0,3.0,
11500,523181,R. Zizi,20,7491,4.616666666666667,0.0,0.0,0.0,0.0,
11495,523181,Uguak Aher,20,7491,21.7,2.0,3.0,2.0,0.0,
11535,523221,A. Laavainen,495,605,7.683333333333334,0.0,1.0,1.0,0.0,
11529,523221,Aalto Mikael,495,605,18.533333333333335,12.0,1.0,1.0,0.0,
11520,523221,Bartley Frank,605,495,29.766666666666666,27.0,4.0,1.0,3.0,
11527,523221,D. Jeffries,495,605,31.616666666666667,11.0,6.0,3.0,1.0,
11519,523221,Flionis Dimitris,605,495,8.2,2.0,0.0,2.0,0.0,
11521,523221,G. Skordilis,605,495,3.5,5.0,2.0,0.0,0.0,
11526,523221,Heurtel Thomas,605,495,15.833333333333334,9.0,2.0,6.0,1.0,
11530,523221,Innamaa Eero,495,605,29.983333333333334,8.0,5.0,6.0,2.0,
11528,523221,K. Chavis,495,605,29.416666666666668,21.0,7.0,0.0,2.0,
11523,523221,Katsivelis Dimitrios,605,495,22.9,9.0,3.0,4.0,1.0,
11531,523221,L. Walker,495,605,34.7,28.0,2.0,7.0,2.0,
11534,523221,Laine Riku,495,605,12.0,4.0,3.0,1.0,0.0,
11524,523221,Larentzakis Giannoulis,605,495,12.916666666666666,0.0,4.0,2.0,0.0,
11522,523221,Lekavicius Lukas,605,495,15.966666666666667,5.0,0.0,6.0,1.0,
11533,523221,Lindberg Sebastian,495,605,28.833333333333332,9.0,3.0,1.0,3.0,
11518,523221,N. Joseph,605,495,23.75,14.0,5.0,0.0,0.0,
11516,523221,Nolley II Landers,605,495,25.916666666666668,12.0,3.0,1.0,1.0,
11517,523221,Pinckney DeAndre,605,495,26.883333333333333,7.0,10.0,0.0,1.0,
11532,523221,S. Stefanovic,495,605,7.25,0.0,1.0,2.0,0.0,
11525,523221,Tsalmpouris Georgios,605,495,14.366666666666667,5.0,3.0,1.0,1.0,
11552,523222,A. Franklin,534,1670,18.083333333333332,3.0,3.0,0.0,0.0,
11545,523222,B. Bodrozic,1670,534,5.383333333333334,0.0,2.0,2.0,0.0,
11539,523222,Coleman Matt,1670,534,5.966666666666667,0.0,1.0,3.0,0.0,
11543,523222,Drobnjak Igor,1670,534,19.983333333333334,12.0,0.0,0.0,0.0,
11547,523222,Edler-Davis Justin,534,1670,21.516666666666666,10.0,6.0,0.0,1.0,
11542,523222,Gegic Amar,1670,534,20.7,9.0,3.0,4.0,0.0,
11554,523222,Hemschemeier Peter,534,1670,6.95,0.0,0.0,1.0,0.0,
11536,523222,Ilic Dalibor,1670,534,18.75,11.0,6.0,1.0,0.0,
11540,523222,Jeremic Marko,1670,534,27.1,12.0,1.0,2.0,4.0,
11555,523222,L. Thiemann,534,1670,17.583333333333332,3.0,0.0,0.0,0.0,
11557,523222,Lanmuller Timo,534,1670,20.6,5.0,1.0,0.0,1.0,
11546,523222,Lazarevic Stefan,1670,534,19.483333333333334,8.0,6.0,1.0,0.0,
11548,523222,Lewis Matt,534,1670,22.083333333333332,12.0,5.0,3.0,0.0,
11541,523222,M. Tofoski,1670,534,18.3,10.0,3.0,3.0,2.0,
11538,523222,Nikolic Danilo,1670,534,18.683333333333334,9.0,5.0,0.0,1.0,
11544,523222,Omic Alen,1670,534,17.7,7.0,13.0,1.0,0.0,
11551,523222,Pandi Lloyd,534,1670,15.15,11.0,1.0,0.0,1.0,
11537,523222,Pipkins Jalon,1670,534,27.95,18.0,1.0,4.0,1.0,
11549,523222,Pleiss Tibor,534,1670,22.416666666666668,10.0,7.0,0.0,2.0,
11553,523222,Trettin Linus,534,1670,18.483333333333334,2.0,3.0,0.0,0.0,
11556,523222,Trice D&apos;Mitrik,534,1670,19.133333333333333,5.0,2.0,5.0,1.0,
11550,523222,Weidemann Nelson,534,1670,18.0,3.0,3.0,3.0,1.0,
11564,523289,A. Hint,485,2272,11.9,9.0,5.0,1.0,2.0,
11574,523289,Aleksandrowicz Michal,2272,485,13.8,4.0,0.0,2.0,1.0,
11559,523289,C. Maidoh,485,2272,24.066666666666666,6.0,5.0,2.0,0.0,
11578,523289,Frackiewicz Lukasz,2272,485,19.466666666666665,11.0,7.0,1.0,0.0,
11569,523289,J. Girard III,2272,485,16.733333333333334,0.0,3.0,3.0,0.0,
11576,523289,Jackson Quan,2272,485,17.5,16.0,5.0,0.0,0.0,
11568,523289,Jamar Ashton,2272,485,20.383333333333333,18.0,1.0,8.0,2.0,
11570,523289,K. Kempa,2272,485,20.583333333333332,10.0,6.0,0.0,0.0,
11561,523289,K. Palek,485,2272,28.1,10.0,3.0,2.0,0.0,
11575,523289,Kaminski Grzegorz,2272,485,19.5,11.0,5.0,3.0,2.0,
11571,523289,Krasuski Michal,2272,485,20.766666666666666,3.0,4.0,1.0,0.0,
11573,523289,Luke Austin,2272,485,21.383333333333333,20.0,3.0,5.0,4.0,
11567,523289,M. Paasoja,485,2272,16.8,6.0,0.0,2.0,0.0,
11560,523289,M. S. McEwen,485,2272,29.183333333333334,16.0,4.0,5.0,2.0,
11566,523289,Nurger Rauno,485,2272,14.766666666666667,0.0,1.0,0.0,0.0,
11562,523289,O. El Sheikh,485,2272,13.333333333333334,4.0,4.0,1.0,0.0,
11572,523289,Osunniyi Osun,2272,485,19.366666666666667,8.0,8.0,0.0,0.0,
11565,523289,R. Andre,485,2272,24.866666666666667,17.0,3.0,1.0,3.0,
11558,523289,R. Valge,485,2272,19.216666666666665,5.0,1.0,2.0,1.0,
11563,523289,Rosenthal Mart,485,2272,17.766666666666666,3.0,6.0,5.0,0.0,
11577,523289,T. Adetukasi,2272,485,10.516666666666667,2.0,3.0,0.0,0.0,
11583,523290,Akin Daniel,975,1230,27.683333333333334,16.0,4.0,2.0,0.0,
11600,523290,Albury Deyton,1230,975,16.233333333333334,7.0,2.0,4.0,0.0,
11599,523290,Colon Bryan,1230,975,17.716666666666665,12.0,1.0,1.0,2.0,
11591,523290,Cotture Arnaud,1230,975,23.583333333333332,10.0,4.0,0.0,1.0,
11594,523290,Dell&apos;acqua Massimiliano,1230,975,10.916666666666666,6.0,0.0,0.0,2.0,
11598,523290,Eyenga Philippe,1230,975,10.433333333333334,1.0,2.0,1.0,0.0,
11584,523290,G. Voinescu,975,1230,15.583333333333334,5.0,1.0,1.0,1.0,
11582,523290,Hume Bodie,975,1230,21.483333333333334,4.0,8.0,1.0,0.0,
11597,523290,I. Le Meut,1230,975,12.833333333333334,4.0,2.0,1.0,0.0,
11593,523290,J. Brown,1230,975,18.516666666666666,6.0,3.0,1.0,0.0,
11587,523290,J. Jefferson,975,1230,13.033333333333333,9.0,2.0,4.0,3.0,
11596,523290,J. Toussaint,1230,975,21.416666666666668,5.0,5.0,2.0,1.0,
11588,523290,M. Schmidt,975,1230,0.43333333333333335,0.0,0.0,0.0,0.0,
11595,523290,Martina Kevin,1230,975,12.183333333333334,6.0,2.0,1.0,0.0,
11590,523290,Mbala Boris,1230,975,20.816666666666666,0.0,4.0,1.0,0.0,
11592,523290,Moerman Adrien,1230,975,27.8,10.0,6.0,3.0,2.0,
11586,523290,Nastrut Luca,975,1230,10.2,5.0,1.0,1.0,1.0,
11581,523290,Nichols David Christopher,975,1230,31.516666666666666,16.0,7.0,8.0,1.0,
11580,523290,Osborne Malik,975,1230,26.366666666666667,7.0,4.0,0.0,1.0,
11585,523290,Q. Guerrier,975,1230,25.766666666666666,11.0,12.0,2.0,0.0,
11579,523290,Richard Kristopher,975,1230,27.933333333333334,20.0,3.0,2.0,2.0,
11589,523290,S. Bernegger,1230,975,7.55,0.0,0.0,3.0,0.0,
11609,523291,A. Katholm,464,933,19.516666666666666,6.0,1.0,0.0,2.0,
11604,523291,Berg Sylvester,464,933,22.55,3.0,5.0,3.0,1.0,
11613,523291,Broussard Aaron,933,464,25.866666666666667,27.0,5.0,2.0,5.0,
11608,523291,D. Binet,464,933,19.466666666666665,15.0,12.0,1.0,0.0,
11603,523291,DuBose Ian,464,933,24.483333333333334,5.0,3.0,3.0,1.0,
11617,523291,Dziewa Aleksander,933,464,26.4,18.0,9.0,1.0,0.0,
11614,523291,E. Crandall,933,464,23.4,5.0,3.0,2.0,1.0,
11607,523291,F. Ates,464,933,0.06666666666666667,0.0,0.0,0.0,0.0,
11621,523291,Francisco Eduardo,933,464,12.033333333333333,0.0,3.0,0.0,0.0,
11611,523291,J. Rancy,464,933,5.916666666666667,0.0,0.0,0.0,0.0,
11615,523291,L. Barrett,933,464,29.8,15.0,2.0,1.0,2.0,
11620,523291,L. Muhammad,933,464,29.05,13.0,3.0,3.0,1.0,
11610,523291,M. Corey,464,933,24.133333333333333,18.0,4.0,5.0,1.0,
11601,523291,M. Mollgaard,464,933,24.016666666666666,8.0,1.0,2.0,0.0,
11606,523291,O. Jorgensen,464,933,10.5,0.0,0.0,0.0,0.0,
11612,523291,O. Okeke,933,464,10.266666666666667,2.0,2.0,0.0,0.0,
11602,523291,Q. Mincey,464,933,26.516666666666666,12.0,3.0,1.0,1.0,
11618,523291,Relvao Daniel,933,464,19.483333333333334,4.0,5.0,3.0,0.0,
11605,523291,S. Rombley,464,933,22.85,14.0,13.0,0.0,0.0,
11619,523291,S. Sousa,933,464,0.11666666666666667,0.0,0.0,0.0,0.0,
11616,523291,Slater,933,464,23.583333333333332,7.0,3.0,2.0,0.0,
11636,523292,A. Nikolaidis,617,785,1.2833333333333332,4.0,0.0,0.0,0.0,
11642,523292,Antetokounmpo Alexandros,617,785,4.716666666666667,3.0,1.0,0.0,1.0,
11641,523292,Arms Adonis,617,785,18.366666666666667,8.0,0.0,1.0,2.0,
11622,523292,Bracy-Davis Kevin,785,617,27.05,25.0,2.0,1.0,1.0,
11639,523292,Diplaros Nikos,617,785,20.6,9.0,2.0,1.0,2.0,
11638,523292,E. Kapetakis,617,785,6.816666666666666,3.0,1.0,0.0,1.0,
11632,523292,Evans Shannon,617,785,27.216666666666665,9.0,0.0,9.0,1.0,
11628,523292,Hajrizi Drilon,785,617,11.733333333333333,3.0,3.0,1.0,0.0,
11626,523292,Hasbrouck Kenny,785,617,20.033333333333335,2.0,1.0,4.0,0.0,
11631,523292,J. Forrester,617,785,16.916666666666668,10.0,8.0,0.0,0.0,
11623,523292,J. Payne,785,617,32.81666666666667,8.0,1.0,6.0,0.0,
11629,523292,Jones Shawn,785,617,19.75,13.0,3.0,3.0,0.0,
11637,523292,K. Coleman,617,785,20.116666666666667,14.0,11.0,1.0,0.0,
11633,523292,Kalaitzakis Georgios,617,785,18.766666666666666,3.0,4.0,3.0,0.0,
11625,523292,Kapiti Dardan,785,617,23.566666666666666,11.0,7.0,4.0,0.0,
11635,523292,Kulboka Arnoldas,617,785,30.45,10.0,4.0,3.0,2.0,
11624,523292,M. Mobbley,785,617,33.21666666666667,10.0,0.0,1.0,1.0,
11634,523292,N. Williams,617,785,26.95,18.0,1.0,2.0,3.0,
11640,523292,P. Kouroupakis,617,785,7.8,0.0,1.0,0.0,0.0,
11630,523292,R. Dahsyla,785,617,11.166666666666666,0.0,1.0,1.0,0.0,
11627,523292,Tmusic Mikaile,785,617,20.666666666666668,5.0,3.0,1.0,1.0,
11643,523293,A. Crowley,563,5237,23.7,14.0,3.0,2.0,3.0,
11658,523293,Babilodze Levan,5237,563,16.883333333333333,2.0,5.0,1.0,0.0,
11657,523293,C. Basham,5237,563,28.15,12.0,11.0,2.0,0.0,
11663,523293,D. Grigoriani,5237,563,6.75,0.0,0.0,0.0,0.0,
11647,523293,E. Brooks,563,5237,11.083333333333334,16.0,2.0,2.0,3.0,
11653,523293,E. Mpacko,563,5237,14.016666666666667,0.0,1.0,1.0,0.0,
11645,523293,Hollersbacher Marco,563,5237,19.816666666666666,10.0,8.0,2.0,0.0,
11650,523293,Krimmer Moritz,563,5237,20.183333333333334,18.0,6.0,2.0,4.0,
11654,523293,L. Howell,5237,563,31.1,14.0,0.0,1.0,0.0,
11646,523293,Linssen Marten,563,5237,17.95,4.0,3.0,0.0,0.0,
11656,523293,Lomidze Davit,5237,563,17.783333333333335,0.0,1.0,0.0,0.0,
11664,523293,N. Ochkhikidze,5237,563,3.966666666666667,0.0,1.0,0.0,0.0,
11655,523293,Ochkhikidze Giorgi,5237,563,32.016666666666666,18.0,4.0,8.0,0.0,
11652,523293,Onu Ej,563,5237,5.433333333333334,2.0,2.0,0.0,0.0,
11649,523293,Rapieque Evans,563,5237,23.25,4.0,0.0,1.0,0.0,
11660,523293,S. Saladze,5237,563,19.6,3.0,2.0,1.0,1.0,
11644,523293,Simon Justin,563,5237,21.816666666666666,2.0,4.0,4.0,0.0,
11661,523293,V. Tsuleiskiri,5237,563,11.85,1.0,3.0,0.0,0.0,
11662,523293,V. Zephir,5237,563,9.033333333333333,3.0,0.0,0.0,1.0,
11659,523293,W. Mouganda,5237,563,22.883333333333333,5.0,1.0,1.0,1.0,
11648,523293,Yakhchali Behnam,563,5237,26.133333333333333,11.0,7.0,12.0,3.0,
11651,523293,Zirbes Maik,563,5237,16.633333333333333,11.0,4.0,0.0,0.0,
11669,523620,A. Aroshidze,5238,514,28.833333333333332,15.0,7.0,1.0,1.0,
11666,523620,A. O'Brien,5238,514,33.2,9.0,9.0,4.0,3.0,
11665,523620,Chechelashvili Nika,5238,514,25.133333333333333,16.0,3.0,1.0,0.0,
11674,523620,J. King,514,5238,25.766666666666666,17.0,7.0,0.0,1.0,
11672,523620,Jones Christian,514,5238,32.233333333333334,8.0,7.0,6.0,1.0,
11670,523620,K. Davituliani,5238,514,0.43333333333333335,0.0,0.0,0.0,0.0,
11676,523620,Kennedy Sha&apos;markus,514,5238,20.2,2.0,8.0,0.0,0.0,
11671,523620,L. Gorashvili,5238,514,6.416666666666667,1.0,1.0,1.0,0.0,
11667,523620,Liklikadze Luka,5238,514,24.183333333333334,13.0,0.0,5.0,1.0,
11668,523620,Londaridze Ilia,5238,514,21.583333333333332,4.0,7.0,1.0,0.0,
11675,523620,Loria Davit,514,5238,11.683333333333334,0.0,0.0,1.0,0.0,
11673,523620,Patashuri Guga,514,5238,29.7,18.0,7.0,3.0,0.0,
11684,523621,G. Bukia,3186,6265,20.466666666666665,9.0,0.0,2.0,2.0,
11686,523621,G. Gvalia,3186,6265,28.75,11.0,9.0,0.0,0.0,
11679,523621,Gognadze Soso,6265,3186,20.633333333333333,6.0,7.0,0.0,0.0,
11682,523621,I. Krishnan,6265,3186,28.5,15.0,2.0,1.0,3.0,
11685,523621,J. Webster,3186,6265,31.416666666666668,18.0,8.0,6.0,0.0,
11689,523621,Jaiani Nika,3186,6265,12.566666666666666,5.0,0.0,0.0,1.0,
11677,523621,L. Kotliarevski,6265,3186,21.75,11.0,2.0,4.0,1.0,
11680,523621,Meskhi Giorgi,6265,3186,1.8333333333333335,0.0,0.0,0.0,0.0,
11690,523621,S. Bardavelidze,3186,6265,7.35,0.0,2.0,0.0,0.0,
11688,523621,T. Enukashvili,3186,6265,27.45,7.0,6.0,1.0,1.0,
11687,523621,T. Sylla,3186,6265,26.05,9.0,11.0,1.0,0.0,
11683,523621,Tabagua Luka,3186,6265,16.166666666666668,4.0,1.0,2.0,0.0,
11678,523621,Tavakarashvili Vladimer,6265,3186,29.716666666666665,16.0,5.0,0.0,3.0,
11681,523621,Ugrekhelidze Michael,6265,3186,27.95,10.0,2.0,2.0,0.0,
11696,523622,A. Vashakidze,3011,7967,17.25,19.0,2.0,3.0,3.0,
11698,523622,B. Bliadze,3011,7967,3.7,3.0,1.0,0.0,0.0,
11695,523622,D. Kakushadze,3011,7967,15.416666666666666,2.0,2.0,1.0,0.0,
11703,523622,D. Reddick,7967,3011,31.816666666666666,12.0,4.0,2.0,0.0,
11694,523622,Dvalishvili Akaki,3011,7967,18.116666666666667,18.0,4.0,0.0,2.0,
11708,523622,F. Mugosa,7967,3011,15.883333333333333,4.0,1.0,3.0,0.0,
11700,523622,G. Bakradze,3011,7967,18.866666666666667,2.0,8.0,1.0,0.0,
11697,523622,G. Kostava,3011,7967,3.7,0.0,1.0,0.0,0.0,
11706,523622,Gafrindashvili Vakhtang,7967,3011,28.216666666666665,19.0,3.0,0.0,3.0,
11691,523622,J. Forrest,3011,7967,20.016666666666666,7.0,3.0,9.0,2.0,
11707,523622,J. Hamlin,7967,3011,30.583333333333332,8.0,5.0,0.0,0.0,
11711,523622,L. Gogaladze,7967,3011,18.45,12.0,3.0,5.0,1.0,
11704,523622,L. Kalatozishvili,7967,3011,33.86666666666667,9.0,6.0,2.0,0.0,
11701,523622,Maziashvili Luka,3011,7967,20.083333333333332,4.0,1.0,6.0,0.0,
11705,523622,Ninua Sergi,7967,3011,16.583333333333332,7.0,2.0,6.0,0.0,
11710,523622,Qadaria Vakhtang,7967,3011,13.266666666666667,3.0,3.0,1.0,0.0,
11709,523622,Rukhadze Giorgi,7967,3011,11.316666666666666,10.0,1.0,0.0,1.0,
11702,523622,S. Wright,3011,7967,18.566666666666666,15.0,3.0,2.0,1.0,
11699,523622,Sanadze Sandro,3011,7967,19.6,15.0,4.0,1.0,3.0,
11692,523622,T. Lewis,3011,7967,24.383333333333333,13.0,6.0,7.0,1.0,
11693,523622,Turdziladze Giorgi,3011,7967,20.283333333333335,10.0,4.0,1.0,0.0,
11720,523623,A. Matthews,6002,7966,34.45,22.0,11.0,7.0,0.0,
11717,523623,A. Mdinaradze,7966,6002,5.016666666666667,1.0,0.0,0.0,0.0,
11715,523623,Darbaidze Nikoloz,7966,6002,31.033333333333335,16.0,3.0,3.0,4.0,
11712,523623,G. Milton III,7966,6002,17.983333333333334,3.0,1.0,3.0,0.0,
11724,523623,Gogberashvili Vakhtang,6002,7966,15.966666666666667,3.0,1.0,1.0,0.0,
11719,523623,J. Bell,6002,7966,27.466666666666665,13.0,17.0,1.0,0.0,
11713,523623,K. V. Jagt,7966,6002,32.96666666666667,15.0,5.0,2.0,1.0,
11714,523623,Kobakhidze Giorgi,7966,6002,35.166666666666664,19.0,6.0,4.0,1.0,
11725,523623,L. Kharabadze,6002,7966,9.35,2.0,6.0,0.0,0.0,
11722,523623,Lomashvili Beqa,6002,7966,27.216666666666665,7.0,2.0,2.0,0.0,
11718,523623,M. Asatiani,7966,6002,4.283333333333333,0.0,2.0,0.0,0.0,
11723,523623,T. Robakidze,6002,7966,0.7833333333333333,0.0,0.0,0.0,0.0,
11721,523623,Totladze Nikoloz,6002,7966,21.55,9.0,2.0,4.0,1.0,
11716,523623,V. Gachechiladze,7966,6002,23.566666666666666,14.0,2.0,0.0,1.0,
11730,523721,A. Camara,2316,3110,9.766666666666667,2.0,2.0,0.0,0.0,
11734,523721,A. Kernagis,2316,3110,4.683333333333334,1.0,0.0,0.0,0.0,
11731,523721,B. Bagdonavicius,2316,3110,22.3,4.0,9.0,1.0,0.0,
11726,523721,Bartninkas Emilis,2316,3110,21.466666666666665,17.0,9.0,0.0,1.0,
11743,523721,Bruzas Ernestas,3110,2316,15.016666666666667,3.0,1.0,1.0,1.0,
11729,523721,Danisevicius Paulius,2316,3110,18.966666666666665,10.0,0.0,4.0,1.0,
11740,523721,Danys Edgaras,3110,2316,25.366666666666667,2.0,5.0,2.0,0.0,
11745,523721,G. Kontrimas,3110,2316,5.116666666666666,0.0,0.0,0.0,0.0,
11732,523721,G. Kucinskas,2316,3110,14.416666666666666,4.0,1.0,2.0,0.0,
11748,523721,Grybas Kristupas,3110,2316,11.866666666666667,0.0,1.0,0.0,0.0,
11736,523721,J. Nigel Stafford,2316,3110,19.183333333333334,7.0,2.0,2.0,0.0,
11735,523721,M. Javaughn Bingham,2316,3110,17.55,5.0,3.0,1.0,1.0,
11739,523721,M. Staniulis,3110,2316,26.9,5.0,0.0,3.0,1.0,
11728,523721,Marcinkevicius Justinas,2316,3110,27.083333333333332,17.0,6.0,2.0,2.0,
11747,523721,Metrikis Klaidas,3110,2316,21.416666666666668,15.0,6.0,0.0,3.0,
11727,523721,Pazarauskas Titas,2316,3110,24.0,11.0,1.0,2.0,3.0,
11738,523721,Sarauskas Domantas,3110,2316,18.583333333333332,8.0,7.0,0.0,0.0,
11742,523721,Warren Jalen,3110,2316,24.933333333333334,13.0,1.0,4.0,3.0,
11741,523721,Young Justin,3110,2316,24.5,13.0,6.0,0.0,0.0,
11744,523721,Zabita Rytis,3110,2316,15.5,4.0,5.0,0.0,0.0,
11746,523721,Ziubrys Justas,3110,2316,10.8,2.0,2.0,1.0,0.0,
11733,523721,Zukauskas Deividas,2316,3110,5.116666666666666,0.0,2.0,1.0,0.0,
11737,523721,Zukauskas Mantvydas,2316,3110,15.466666666666667,6.0,4.0,3.0,1.0,
11752,523722,A. Navickas,3109,6123,23.366666666666667,15.0,7.0,2.0,0.0,
11753,523722,A. Vaistaras,3109,6123,31.583333333333332,9.0,2.0,2.0,1.0,
11765,523722,A. Volbikas,6123,3109,10.316666666666666,6.0,1.0,0.0,0.0,
11750,523722,Didzgalvis Titas,3109,6123,22.783333333333335,7.0,2.0,2.0,0.0,
11760,523722,Giga Norbertas,6123,3109,21.183333333333334,9.0,6.0,2.0,0.0,
11756,523722,J. Sadauskas,3109,6123,17.166666666666668,10.0,4.0,2.0,0.0,
11751,523722,J. Stropus,3109,6123,15.1,4.0,5.0,2.0,0.0,
11758,523722,Juskevicius Adas,6123,3109,29.016666666666666,19.0,3.0,7.0,3.0,
11762,523722,Kokoska Karolis,6123,3109,32.5,16.0,9.0,4.0,2.0,
11761,523722,Lipkevicius Vytenis,6123,3109,21.733333333333334,16.0,11.0,2.0,1.0,
11749,523722,Lukosevicius Aistis,3109,6123,23.4,9.0,7.0,1.0,2.0,
11763,523722,Nausedas Justas,6123,3109,24.7,7.0,2.0,4.0,2.0,
11754,523722,P. Kuzmanovic,3109,6123,15.633333333333333,3.0,4.0,2.0,1.0,
11764,523722,P. Vancys,6123,3109,8.6,0.0,1.0,0.0,0.0,
11755,523722,Rutkauskas Naglis,3109,6123,11.466666666666667,5.0,1.0,0.0,1.0,
11759,523722,Stasys Mindaugas,6123,3109,33.13333333333333,19.0,3.0,6.0,4.0,
11757,523722,V. Meistas,3109,6123,16.066666666666666,6.0,2.0,3.0,0.0,
11766,523722,Zdanavicius Tomas,6123,3109,18.816666666666666,10.0,2.0,1.0,0.0,
11782,523723,Cane Armin,808,7969,32.0,18.0,8.0,9.0,1.0,
11784,523723,E. Maziliauskas,808,7969,2.85,0.0,0.0,0.0,0.0,
11769,523723,G. Mulevicius,7969,808,26.233333333333334,5.0,3.0,0.0,0.0,
11783,523723,H. Pivorius,808,7969,18.783333333333335,0.0,5.0,1.0,0.0,
11770,523723,I. Lukosius,7969,808,35.18333333333333,8.0,8.0,1.0,0.0,
11786,523723,J. Jucikas,808,7969,10.433333333333334,6.0,2.0,0.0,0.0,
11779,523723,Janusevicius Titas,808,7969,27.116666666666667,12.0,10.0,1.0,1.0,
11768,523723,L. Danielius,7969,808,28.466666666666665,17.0,3.0,5.0,2.0,
11778,523723,Lesciauskas Gediminas,808,7969,36.45,13.0,5.0,1.0,2.0,
11776,523723,M. Naslenas,7969,808,4.733333333333333,0.0,0.0,0.0,0.0,
11775,523723,M. Razbadauskas,7969,808,9.983333333333333,0.0,2.0,0.0,0.0,
11777,523723,Norkus Justinas,7969,808,8.816666666666666,1.0,0.0,0.0,0.0,
11781,523723,R. Uzas,808,7969,30.483333333333334,17.0,6.0,2.0,1.0,
11767,523723,Semaska Paulius,7969,808,41.15,15.0,5.0,6.0,1.0,
11773,523723,T. Augustavicius,7969,808,4.733333333333333,0.0,0.0,0.0,0.0,
11771,523723,Tamulis Justas,7969,808,7.616666666666667,6.0,1.0,2.0,1.0,
11780,523723,Udras Antanas,808,7969,33.56666666666667,16.0,8.0,1.0,1.0,
11774,523723,V. Steponavicius,7969,808,30.4,14.0,3.0,1.0,2.0,
11772,523723,V. Vabalas,7969,808,22.683333333333334,9.0,3.0,0.0,1.0,
11785,523723,W. Russell Jenkins III,808,7969,28.316666666666666,12.0,2.0,4.0,0.0,
11805,523724,A. Bukelskis,809,807,9.383333333333333,2.0,2.0,1.0,0.0,
11792,523724,A. Gydra,807,809,23.566666666666666,13.0,7.0,2.0,3.0,
11789,523724,A. Kone,807,809,15.566666666666666,1.0,1.0,1.0,0.0,
11787,523724,A. Lopukhov,807,809,30.0,13.0,5.0,1.0,1.0,
11791,523724,A. Plintauskas,807,809,32.2,10.0,6.0,2.0,2.0,
11804,523724,A. Pocius,809,807,21.333333333333332,7.0,3.0,3.0,1.0,
11790,523724,D. L. Prongos,807,809,21.2,5.0,0.0,0.0,1.0,
11798,523724,E. Sirgedas,809,807,24.083333333333332,7.0,0.0,0.0,1.0,
11801,523724,J. Trivokas,809,807,21.633333333333333,6.0,3.0,0.0,1.0,
11800,523724,K. Balkandzhiev,809,807,20.033333333333335,3.0,3.0,0.0,0.0,
11802,523724,K. Snitka,809,807,17.983333333333334,8.0,2.0,1.0,0.0,
11793,523724,Klimas Laurynas,807,809,28.433333333333334,11.0,2.0,3.0,0.0,
11803,523724,M. Kancevicius,809,807,10.65,6.0,1.0,0.0,0.0,
11797,523724,M. Liutkevicius,809,807,23.883333333333333,18.0,3.0,6.0,1.0,
11794,523724,Preibys Edgaras,807,809,19.1,9.0,4.0,1.0,0.0,
11788,523724,R. Williams,807,809,27.783333333333335,13.0,5.0,6.0,1.0,
11796,523724,S. Rascius,809,807,21.666666666666668,4.0,6.0,0.0,0.0,
11795,523724,Urbaitis Domas,807,809,2.15,0.0,0.0,0.0,0.0,
11799,523724,V. Adomaitis,809,807,29.35,11.0,11.0,1.0,1.0,
11825,523725,A. Hopenas,6580,806,12.283333333333333,0.0,0.0,1.0,0.0,
11808,523725,A. Zymantas,806,6580,23.95,8.0,6.0,1.0,0.0,
11816,523725,E. Mockus,806,6580,4.45,0.0,0.0,0.0,0.0,
11821,523725,G. Stankevicius,6580,806,30.85,5.0,10.0,4.0,0.0,
11820,523725,J. Becker,6580,806,32.15,17.0,8.0,1.0,2.0,
11812,523725,J. Naujokaitis,806,6580,1.45,0.0,0.0,0.0,0.0,
11826,523725,J. T. Flournoy,6580,806,22.616666666666667,7.0,5.0,2.0,1.0,
11807,523725,Jonkus Ernestas,806,6580,28.05,7.0,1.0,3.0,1.0,
11819,523725,K. Simpson,6580,806,27.383333333333333,19.0,5.0,1.0,2.0,
11824,523725,L. Lukosiunas,6580,806,5.133333333333334,2.0,0.0,0.0,0.0,
11810,523725,Maciulis Rokas,806,6580,27.333333333333332,14.0,3.0,1.0,1.0,
11814,523725,N. Cikunov,806,6580,14.516666666666667,5.0,3.0,0.0,0.0,
11823,523725,N. Linartas,6580,806,0.35,0.0,1.0,0.0,0.0,
11806,523725,Pabrieza Nojus,806,6580,16.383333333333333,9.0,4.0,1.0,1.0,
11815,523725,Remeikis Dziugas,806,6580,23.866666666666667,6.0,2.0,6.0,1.0,
11811,523725,S. Petraitis,806,6580,2.3333333333333335,0.0,0.0,0.0,0.0,
11813,523725,S. Sarakauskas,806,6580,17.516666666666666,5.0,9.0,3.0,0.0,
11818,523725,S. Vasiliauskas,6580,806,30.466666666666665,11.0,5.0,4.0,1.0,
11809,523725,Sakaitis Rytis,806,6580,22.85,9.0,1.0,0.0,2.0,
11827,523725,Sliogeris Simas,6580,806,19.483333333333334,6.0,1.0,0.0,1.0,
11822,523725,T. Aliukonis,6580,806,19.3,9.0,4.0,2.0,0.0,
11817,523725,Zilius Eimantas,806,6580,17.316666666666666,9.0,6.0,0.0,0.0,
11836,523726,Adomavicius Arnas,5627,812,30.4,14.0,2.0,5.0,2.0,
11840,523726,Bucas Dominykas,5627,812,35.61666666666667,17.0,8.0,1.0,1.0,
11843,523726,D. Morkunas,5627,812,9.6,0.0,2.0,1.0,0.0,
11835,523726,D. Rasheed Bethea,812,5627,18.666666666666668,6.0,4.0,0.0,0.0,
11841,523726,D. Tarvydas,5627,812,30.7,11.0,8.0,1.0,0.0,
11830,523726,Gates Frederick,812,5627,31.883333333333333,25.0,5.0,0.0,0.0,
11839,523726,Gecevicius Martynas,5627,812,28.483333333333334,2.0,6.0,1.0,0.0,
11842,523726,J. Claar,5627,812,14.783333333333333,2.0,5.0,0.0,0.0,
11832,523726,Jankunas Nojus,812,5627,29.1,11.0,5.0,1.0,2.0,
11834,523726,Kazlauskas Lukas,812,5627,25.416666666666668,6.0,7.0,6.0,0.0,
11831,523726,Mikstas Augustinas,812,5627,22.7,2.0,4.0,3.0,0.0,
11833,523726,R. Jocys,812,5627,26.666666666666668,20.0,6.0,2.0,2.0,
11838,523726,Seskus Edvinas,5627,812,31.733333333333334,20.0,11.0,3.0,4.0,
11829,523726,Shundel Anatoliy,812,5627,18.983333333333334,6.0,3.0,1.0,2.0,
11837,523726,W. Simeus,5627,812,18.683333333333334,6.0,5.0,1.0,0.0,
11828,523726,Zigmantavicius Martynas,812,5627,26.583333333333332,4.0,3.0,2.0,1.0,
11859,523727,Bartasius Zygimantas,6581,815,11.666666666666666,5.0,3.0,0.0,1.0,
11848,523727,Budrys Tadas,815,6581,15.6,12.0,6.0,0.0,0.0,
11861,523727,D. Kuodys,6581,815,4.75,0.0,1.0,0.0,0.0,
11856,523727,E. Jamias Byrd,6581,815,16.1,4.0,2.0,1.0,0.0,
11858,523727,Jurkaitis Modestas,6581,815,14.9,3.0,2.0,2.0,1.0,
11844,523727,K. Voyles,815,6581,33.05,13.0,6.0,3.0,1.0,
11849,523727,Kaminskis Ovidijus,815,6581,19.383333333333333,10.0,2.0,0.0,0.0,
11851,523727,Kaveckis Laurynas,815,6581,27.316666666666666,6.0,2.0,2.0,0.0,
11845,523727,Kazakauskas Julius,815,6581,26.916666666666668,16.0,10.0,4.0,2.0,
11857,523727,M. Maziliauskas,6581,815,24.35,14.0,7.0,1.0,2.0,
11853,523727,M. Thomas,6581,815,28.616666666666667,13.0,6.0,2.0,1.0,
11855,523727,Macijauskas Matas,6581,815,28.333333333333332,8.0,7.0,1.0,1.0,
11860,523727,O. Seputis,6581,815,13.65,2.0,0.0,1.0,0.0,
11847,523727,Pocius Vilius,815,6581,28.016666666666666,5.0,5.0,3.0,1.0,
11846,523727,Q. D. Morton-Robertson,815,6581,31.2,18.0,2.0,3.0,3.0,
11852,523727,Razutis Ignas,6581,815,30.5,10.0,3.0,4.0,2.0,
11850,523727,T. Rimsa,815,6581,18.533333333333335,10.0,2.0,1.0,2.0,
11854,523727,V. Mustiatsa,6581,815,27.133333333333333,11.0,2.0,3.0,1.0,
11874,523728,A. Zymantas,806,810,14.75,3.0,3.0,2.0,1.0,
11879,523728,E. Mockus,806,810,2.9333333333333336,0.0,0.0,0.0,0.0,
11873,523728,Jonkus Ernestas,806,810,34.45,15.0,6.0,7.0,2.0,
11872,523728,Lebskas Nojus,810,806,15.933333333333334,7.0,5.0,0.0,1.0,
11864,523728,Leliukas Kajus,810,806,25.0,21.0,6.0,1.0,2.0,
11876,523728,Maciulis Rokas,806,810,28.383333333333333,10.0,3.0,1.0,0.0,
11881,523728,N. Cikunov,806,810,22.133333333333333,10.0,4.0,0.0,0.0,
11878,523728,Pabrieza Nojus,806,810,11.533333333333333,13.0,1.0,0.0,0.0,
11867,523728,Pocevicius Tadas,810,806,2.9166666666666665,0.0,0.0,0.0,0.0,
11862,523728,R. Norutis,810,806,24.616666666666667,2.0,2.0,1.0,0.0,
11880,523728,Remeikis Dziugas,806,810,27.4,2.0,3.0,0.0,0.0,
11865,523728,Rimkus Arunas,810,806,24.7,8.0,1.0,4.0,2.0,
11866,523728,Rubinas Jokubas,810,806,26.666666666666668,16.0,3.0,2.0,2.0,
11870,523728,Rudys Tautvydas,810,806,8.15,1.0,0.0,1.0,0.0,
11875,523728,Sakaitis Rytis,806,810,32.38333333333333,11.0,1.0,2.0,2.0,
11871,523728,T. Augustauskas,810,806,13.716666666666667,4.0,2.0,1.0,0.0,
11863,523728,Vaivada Nojus,810,806,26.566666666666666,6.0,6.0,3.0,0.0,
11868,523728,Velutis Paulius,810,806,23.1,21.0,4.0,1.0,3.0,
11869,523728,Vilutis Arturas,810,806,8.65,2.0,4.0,1.0,0.0,
11877,523728,Zilius Eimantas,806,810,26.033333333333335,20.0,7.0,1.0,0.0,
11890,523729,Bumblys Germantas,7968,813,5.866666666666667,0.0,2.0,0.0,0.0,
11887,523729,C. Hall,7968,813,26.866666666666667,20.0,3.0,3.0,1.0,
11901,523729,Celka Gabrielius,813,7968,24.05,4.0,4.0,3.0,0.0,
11893,523729,G. Mokseckas,813,7968,20.983333333333334,3.0,3.0,0.0,1.0,
11884,523729,Guscikas Karolis,7968,813,39.13333333333333,10.0,18.0,2.0,0.0,
11886,523729,Jaskus Ernestas,7968,813,25.566666666666666,2.0,4.0,0.0,0.0,
11895,523729,Jogminas Justinas,813,7968,33.733333333333334,23.0,8.0,1.0,2.0,
11900,523729,Kliucinykas Tautvydas,813,7968,12.466666666666667,4.0,1.0,1.0,0.0,
11898,523729,M. Bublyk,813,7968,14.55,4.0,0.0,0.0,0.0,
11896,523729,M. Jucikas,813,7968,33.483333333333334,10.0,12.0,1.0,0.0,
11882,523729,M. Staselis,7968,813,31.066666666666666,14.0,5.0,0.0,1.0,
11889,523729,O. Vaitulevicius,7968,813,4.833333333333333,0.0,1.0,0.0,0.0,
11891,523729,P. Knyza,7968,813,2.1333333333333333,0.0,1.0,0.0,0.0,
11899,523729,Pipiras Rytis,813,7968,22.15,11.0,6.0,1.0,2.0,
11885,523729,Poska Paulius,7968,813,20.316666666666666,9.0,3.0,0.0,1.0,
11894,523729,Ramanauskas Justinas,813,7968,33.166666666666664,11.0,6.0,7.0,1.0,
11888,523729,T. Stankevicius,7968,813,8.966666666666667,1.0,1.0,1.0,0.0,
11892,523729,Valenta Edas,7968,813,22.55,4.0,5.0,0.0,0.0,
11883,523729,Valunta Sarunas,7968,813,37.7,20.0,3.0,7.0,2.0,
11897,523729,Vilys Domantas,813,7968,30.416666666666668,17.0,4.0,3.0,1.0,
11922,523730,A. Camara,2316,3109,18.0,6.0,12.0,0.0,0.0,
11905,523730,A. Navickas,3109,2316,22.15,5.0,7.0,0.0,0.0,
11902,523730,A. Vaistaras,3109,2316,22.4,12.0,3.0,2.0,0.0,
11915,523730,B. Bagdonavicius,2316,3109,15.983333333333333,4.0,1.0,0.0,0.0,
11912,523730,Bartninkas Emilis,2316,3109,22.533333333333335,15.0,5.0,0.0,0.0,
11914,523730,Danisevicius Paulius,2316,3109,25.85,17.0,3.0,5.0,2.0,
11906,523730,Didzgalvis Titas,3109,2316,29.1,12.0,2.0,3.0,0.0,
11918,523730,G. Kucinskas,2316,3109,7.383333333333334,0.0,0.0,0.0,0.0,
11921,523730,J. Nigel Stafford,2316,3109,19.966666666666665,8.0,3.0,1.0,0.0,
11911,523730,J. Sadauskas,3109,2316,22.733333333333334,11.0,5.0,1.0,0.0,
11907,523730,J. Stropus,3109,2316,15.65,11.0,1.0,3.0,1.0,
11903,523730,Lukosevicius Aistis,3109,2316,24.8,6.0,2.0,6.0,0.0,
11920,523730,M. Javaughn Bingham,2316,3109,8.816666666666666,4.0,0.0,0.0,0.0,
11919,523730,Marcinkevicius Justinas,2316,3109,27.5,18.0,7.0,1.0,0.0,
11909,523730,P. Kuzmanovic,3109,2316,16.4,5.0,0.0,1.0,1.0,
11913,523730,Pazarauskas Titas,2316,3109,17.883333333333333,4.0,0.0,1.0,0.0,
11910,523730,Rutkauskas Naglis,3109,2316,7.5,2.0,0.0,0.0,0.0,
11904,523730,S. Morkevicius,3109,2316,23.633333333333333,7.0,2.0,2.0,1.0,
11908,523730,V. Meistas,3109,2316,14.766666666666667,5.0,0.0,3.0,1.0,
11916,523730,Zukauskas Deividas,2316,3109,12.533333333333333,0.0,1.0,0.0,0.0,
11917,523730,Zukauskas Mantvydas,2316,3109,23.55,8.0,1.0,5.0,1.0,
11930,523731,Bartasius Zygimantas,6581,3110,6.75,0.0,0.0,0.0,0.0,
11935,523731,Bruzas Ernestas,3110,6581,29.783333333333335,10.0,6.0,1.0,2.0,
11932,523731,D. Kuodys,6581,3110,0.55,0.0,0.0,0.0,0.0,
11934,523731,Danys Edgaras,3110,6581,21.5,4.0,3.0,1.0,0.0,
11940,523731,E. Einikis,3110,6581,0.08333333333333333,0.0,0.0,0.0,0.0,
11924,523731,E. Jamias Byrd,6581,3110,23.6,27.0,10.0,1.0,2.0,
11939,523731,G. Kontrimas,3110,6581,9.083333333333334,0.0,0.0,1.0,0.0,
11943,523731,Grybas Kristupas,3110,6581,0.06666666666666667,0.0,0.0,0.0,0.0,
11929,523731,Jurkaitis Modestas,6581,3110,21.616666666666667,2.0,3.0,5.0,0.0,
11928,523731,M. Maziliauskas,6581,3110,18.783333333333335,6.0,3.0,0.0,0.0,
11933,523731,M. Staniulis,3110,6581,31.533333333333335,14.0,1.0,5.0,2.0,
11927,523731,M. Thomas,6581,3110,37.5,29.0,8.0,6.0,5.0,
11926,523731,Macijauskas Matas,6581,3110,30.85,11.0,9.0,1.0,0.0,
11937,523731,Metrikis Klaidas,3110,6581,18.916666666666668,4.0,2.0,3.0,1.0,
11931,523731,O. Seputis,6581,3110,1.3666666666666667,0.0,0.0,0.0,0.0,
11923,523731,Razutis Ignas,6581,3110,28.25,11.0,4.0,4.0,2.0,
11938,523731,Sarauskas Domantas,3110,6581,21.083333333333332,23.0,5.0,1.0,3.0,
11925,523731,V. Mustiatsa,6581,3110,30.716666666666665,12.0,4.0,1.0,0.0,
11942,523731,Warren Jalen,3110,6581,27.2,11.0,2.0,8.0,0.0,
11936,523731,Young Justin,3110,6581,27.45,19.0,4.0,0.0,0.0,
11941,523731,Zabita Rytis,3110,6581,12.55,0.0,4.0,0.0,0.0,
11952,523732,A. Bukelskis,809,6580,17.366666666666667,4.0,6.0,2.0,0.0,
11953,523732,A. Hopenas,6580,809,11.3,5.0,2.0,2.0,0.0,
11944,523732,A. Pocius,809,6580,27.783333333333335,14.0,4.0,2.0,3.0,
11946,523732,E. Sirgedas,809,6580,20.116666666666667,6.0,2.0,1.0,0.0,
11954,523732,G. Stankevicius,6580,809,29.833333333333332,7.0,3.0,1.0,1.0,
11957,523732,J. Becker,6580,809,20.466666666666665,9.0,1.0,3.0,2.0,
11962,523732,J. Levickas,6580,809,12.466666666666667,8.0,1.0,1.0,0.0,
11961,523732,J. T. Flournoy,6580,809,24.483333333333334,6.0,2.0,1.0,1.0,
11949,523732,J. Trivokas,809,6580,17.766666666666666,7.0,6.0,3.0,1.0,
11948,523732,K. Balkandzhiev,809,6580,28.983333333333334,8.0,3.0,2.0,0.0,
11956,523732,K. Simpson,6580,809,26.983333333333334,20.0,3.0,3.0,2.0,
11950,523732,K. Snitka,809,6580,19.783333333333335,11.0,0.0,2.0,0.0,
11947,523732,M. Kancevicius,809,6580,21.95,15.0,6.0,0.0,0.0,
11945,523732,M. Liutkevicius,809,6580,28.2,19.0,2.0,9.0,2.0,
11958,523732,N. Vydmantas,6580,809,10.3,2.0,3.0,1.0,0.0,
11960,523732,S. Vasiliauskas,6580,809,21.0,22.0,0.0,5.0,3.0,
11959,523732,Sliogeris Simas,6580,809,19.766666666666666,11.0,2.0,3.0,2.0,
11955,523732,T. Aliukonis,6580,809,23.316666666666666,9.0,4.0,1.0,0.0,
11951,523732,V. Adomaitis,809,6580,18.05,5.0,2.0,0.0,1.0,
11978,523733,A. Malek,7969,812,15.883333333333333,8.0,11.0,0.0,0.0,
11970,523733,Auskelis Adrijus,812,7969,2.1,2.0,0.0,1.0,0.0,
11969,523733,D. Rasheed Bethea,812,7969,16.116666666666667,6.0,7.0,1.0,0.0,
11977,523733,G. Mulevicius,7969,812,22.816666666666666,8.0,4.0,1.0,2.0,
11967,523733,Gates Frederick,812,7969,35.78333333333333,11.0,13.0,0.0,0.0,
11972,523733,Gavenia Vitoldas,812,7969,2.1,2.0,1.0,0.0,0.0,
11968,523733,I. Grikselis,812,7969,7.8,0.0,0.0,0.0,0.0,
11976,523733,I. Lukosius,7969,812,24.116666666666667,10.0,8.0,2.0,0.0,
11964,523733,Jankunas Nojus,812,7969,30.283333333333335,12.0,4.0,1.0,0.0,
11963,523733,Kazlauskas Lukas,812,7969,25.1,2.0,7.0,4.0,0.0,
11975,523733,Kuprijanovas Medas,7969,812,29.583333333333332,3.0,9.0,1.0,0.0,
11974,523733,L. Danielius,7969,812,29.233333333333334,13.0,1.0,2.0,3.0,
11980,523733,M. Razbadauskas,7969,812,10.366666666666667,2.0,2.0,0.0,0.0,
11965,523733,Mikstas Augustinas,812,7969,28.1,4.0,8.0,1.0,0.0,
11966,523733,R. Jocys,812,7969,30.833333333333332,13.0,3.0,2.0,0.0,
11973,523733,Semaska Paulius,7969,812,33.7,16.0,5.0,6.0,1.0,
11981,523733,T. Augustavicius,7969,812,1.4666666666666668,0.0,0.0,0.0,0.0,
11979,523733,V. Steponavicius,7969,812,19.066666666666666,9.0,2.0,2.0,0.0,
11982,523733,V. Vabalas,7969,812,13.766666666666667,4.0,4.0,1.0,0.0,
11971,523733,Zigmantavicius Martynas,812,7969,21.783333333333335,8.0,6.0,2.0,2.0,
11996,523734,A. Gydra,807,815,18.333333333333332,8.0,4.0,2.0,2.0,
11992,523734,A. Kone,807,815,18.866666666666667,0.0,5.0,0.0,0.0,
11991,523734,A. Lopukhov,807,815,27.616666666666667,11.0,3.0,3.0,1.0,
11995,523734,A. Plintauskas,807,815,30.2,17.0,4.0,4.0,4.0,
11987,523734,Budrys Tadas,815,807,16.716666666666665,15.0,8.0,1.0,1.0,
11994,523734,D. L. Prongos,807,815,29.966666666666665,8.0,2.0,0.0,2.0,
11998,523734,G. Juodis,807,815,0.15,0.0,0.0,0.0,0.0,
11983,523734,K. Voyles,815,807,26.383333333333333,12.0,5.0,1.0,1.0,
11988,523734,Kaminskis Ovidijus,815,807,18.766666666666666,12.0,3.0,0.0,0.0,
11989,523734,Kaveckis Laurynas,815,807,27.9,2.0,3.0,5.0,0.0,
11984,523734,Kazakauskas Julius,815,807,29.05,12.0,4.0,4.0,0.0,
11993,523734,Klimas Laurynas,807,815,33.166666666666664,13.0,4.0,8.0,1.0,
11986,523734,Pocius Vilius,815,807,31.566666666666666,4.0,6.0,2.0,0.0,
11997,523734,Preibys Edgaras,807,815,16.766666666666666,8.0,4.0,0.0,2.0,
11985,523734,Q. D. Morton-Robertson,815,807,34.15,24.0,4.0,5.0,4.0,
11990,523734,T. Rimsa,815,807,15.466666666666667,2.0,0.0,1.0,0.0,
11999,523734,Urbaitis Domas,807,815,24.366666666666667,7.0,2.0,0.0,1.0,
12001,523735,Adomavicius Arnas,5627,816,20.65,7.0,1.0,1.0,0.0,
12004,523735,Bucas Dominykas,5627,816,28.033333333333335,0.0,3.0,4.0,0.0,
12013,523735,D. Grunkis,816,5627,31.016666666666666,21.0,4.0,5.0,2.0,
12009,523735,D. Jakstonis,816,5627,24.183333333333334,10.0,8.0,0.0,0.0,
12006,523735,D. Morkunas,5627,816,19.35,8.0,2.0,0.0,2.0,
12007,523735,D. Tarvydas,5627,816,23.316666666666666,19.0,4.0,4.0,2.0,
12010,523735,D. Urbonavicius,816,5627,14.366666666666667,2.0,3.0,3.0,0.0,
12019,523735,E. Steckis,816,5627,18.65,4.0,5.0,1.0,0.0,
12016,523735,G. Krivas,816,5627,11.716666666666667,4.0,1.0,0.0,0.0,
12003,523735,Gecevicius Martynas,5627,816,31.966666666666665,20.0,5.0,5.0,4.0,
12008,523735,I. Zuklys,5627,816,2.283333333333333,4.0,0.0,0.0,0.0,
12014,523735,J. Kukta,816,5627,13.316666666666666,7.0,3.0,3.0,0.0,
12015,523735,K. Sabeckas,816,5627,12.166666666666666,0.0,0.0,2.0,0.0,
12012,523735,M. Bulanovas,816,5627,27.316666666666666,15.0,7.0,1.0,3.0,
12017,523735,N. Mistautas,816,5627,14.316666666666666,10.0,4.0,3.0,1.0,
12018,523735,S. Adamson,816,5627,19.016666666666666,7.0,1.0,0.0,1.0,
12002,523735,Seskus Edvinas,5627,816,29.416666666666668,20.0,4.0,3.0,2.0,
12011,523735,T. Lavrinovic,816,5627,13.933333333333334,7.0,5.0,0.0,0.0,
12005,523735,T. Troska,5627,816,20.333333333333332,9.0,2.0,1.0,1.0,
12000,523735,W. Simeus,5627,816,24.65,21.0,17.0,4.0,0.0,
12032,523736,Cane Armin,808,6123,22.716666666666665,8.0,5.0,7.0,1.0,
12021,523736,Cizauskas Vytenis,6123,808,29.016666666666666,4.0,6.0,2.0,1.0,
12024,523736,Giga Norbertas,6123,808,19.2,15.0,6.0,0.0,2.0,
12033,523736,H. Pivorius,808,6123,20.6,9.0,1.0,1.0,2.0,
12035,523736,J. Jucikas,808,6123,15.933333333333334,6.0,1.0,0.0,0.0,
12029,523736,Janusevicius Titas,808,6123,34.86666666666667,18.0,5.0,4.0,2.0,
12020,523736,Juskevicius Adas,6123,808,27.016666666666666,14.0,7.0,12.0,1.0,
12022,523736,Kokoska Karolis,6123,808,33.13333333333333,15.0,4.0,3.0,3.0,
12028,523736,Lesciauskas Gediminas,808,6123,32.78333333333333,17.0,7.0,2.0,1.0,
12023,523736,Lipkevicius Vytenis,6123,808,28.383333333333333,16.0,9.0,1.0,0.0,
12025,523736,Nausedas Justas,6123,808,20.983333333333334,12.0,3.0,1.0,2.0,
12031,523736,R. Uzas,808,6123,28.016666666666666,11.0,8.0,2.0,1.0,
12026,523736,Stasys Mindaugas,6123,808,14.616666666666667,2.0,0.0,4.0,0.0,
12030,523736,Udras Antanas,808,6123,23.966666666666665,3.0,7.0,0.0,0.0,
12034,523736,W. Russell Jenkins III,808,6123,21.116666666666667,4.0,5.0,1.0,0.0,
12027,523736,Zdanavicius Tomas,6123,808,27.65,10.0,7.0,0.0,2.0,
12049,524019,A. Grant,5114,1379,11.1,8.0,3.0,1.0,1.0,
12058,524019,Alippi Franco,5114,1379,28.016666666666666,8.0,6.0,0.0,0.0,
12056,524019,Barrientos Fernando,5114,1379,4.566666666666666,0.0,0.0,0.0,0.0,
12052,524019,Bravo Francisco,5114,1379,19.4,2.0,5.0,1.0,0.0,
12039,524019,Damianovic Carrasco Vicente,1379,5114,27.783333333333335,4.0,4.0,0.0,0.0,
12037,524019,Dlugoszewski Juan,1379,5114,25.816666666666666,8.0,4.0,2.0,0.0,
12042,524019,E. Rebolledo Oyarzun,1379,5114,0.8166666666666667,0.0,0.0,0.0,0.0,
12050,524019,J. Lorca,5114,1379,28.7,20.0,9.0,2.0,0.0,
12057,524019,J. Navarrete,5114,1379,1.8166666666666667,0.0,0.0,0.0,0.0,
12051,524019,J. Peters Rey,5114,1379,31.516666666666666,7.0,1.0,4.0,1.0,
12038,524019,L. Marquez Dogliotti,1379,5114,16.35,0.0,5.0,1.0,0.0,
12059,524019,Merida Luis,5114,1379,15.966666666666667,5.0,1.0,0.0,1.0,
12054,524019,N. Escobar,5114,1379,5.566666666666666,0.0,0.0,0.0,0.0,
12036,524019,S. Bender,1379,5114,38.85,32.0,3.0,2.0,5.0,
12055,524019,S. Bravo,5114,1379,4.1,0.0,2.0,1.0,0.0,
12046,524019,S. Navarrete,1379,5114,27.4,8.0,6.0,2.0,0.0,
12041,524019,Salas Cristobal,1379,5114,8.616666666666667,6.0,1.0,1.0,0.0,
12044,524019,Salcedo Deiker,1379,5114,16.666666666666668,5.0,2.0,2.0,1.0,
12043,524019,Silva Santiago,1379,5114,1.3666666666666667,0.0,0.0,0.0,0.0,
12045,524019,T. Barrientos,1379,5114,0.8166666666666667,0.0,0.0,0.0,0.0,
12040,524019,T. M. Harper,1379,5114,34.71666666666667,24.0,10.0,2.0,0.0,
12053,524019,V. Schulz Morend,5114,1379,15.866666666666667,2.0,2.0,0.0,0.0,
12048,524019,Wallace Devante,5114,1379,33.38333333333333,20.0,12.0,4.0,1.0,
12047,524019,Z. Octavio Pozo,1379,5114,0.8166666666666667,0.0,0.0,0.0,0.0,
12064,524022,A. Jaba,7957,984,19.3,8.0,2.0,4.0,2.0,
12078,524022,A. M. Stanciu,984,7957,19.766666666666666,6.0,5.0,0.0,0.0,
12060,524022,A. Manea,7957,984,25.9,5.0,7.0,1.0,0.0,
12068,524022,A. Rieka,7957,984,10.316666666666666,4.0,5.0,1.0,0.0,
12072,524022,A. Sfaxi,984,7957,21.566666666666666,9.0,5.0,1.0,1.0,
12077,524022,C. Cristea,984,7957,13.883333333333333,0.0,0.0,0.0,0.0,
12067,524022,C. Mihalcea,7957,984,18.866666666666667,3.0,2.0,2.0,1.0,
12069,524022,D. Ilies,7957,984,16.616666666666667,9.0,8.0,1.0,1.0,
12065,524022,D. Mosor,7957,984,10.633333333333333,2.0,0.0,0.0,0.0,
12079,524022,G. M. Monor,984,7957,23.65,4.0,2.0,0.0,0.0,
12075,524022,I. Teodosiu,984,7957,24.783333333333335,7.0,5.0,3.0,0.0,
12061,524022,J. Raflo,7957,984,15.4,27.0,6.0,0.0,4.0,
12063,524022,K. Kornegay-Lucas,7957,984,24.316666666666666,7.0,9.0,6.0,2.0,
12074,524022,M. Militaru,984,7957,38.96666666666667,12.0,7.0,3.0,2.0,
12071,524022,M. Neagu,7957,984,10.8,3.0,4.0,0.0,1.0,
12062,524022,Malashenko Olesia,7957,984,12.166666666666666,7.0,3.0,3.0,0.0,
12066,524022,O. Calina,7957,984,15.1,3.0,0.0,2.0,0.0,
12073,524022,S. Cazacu,984,7957,29.766666666666666,8.0,5.0,1.0,0.0,
12070,524022,T. East,7957,984,20.583333333333332,9.0,2.0,2.0,1.0,
12076,524022,V. Alexandra,984,7957,27.616666666666667,10.0,2.0,2.0,2.0,
12093,524030,Aguirre Urrutia Nicolas,1387,1378,28.233333333333334,7.0,5.0,7.0,1.0,
12085,524030,Allegrini Pablo,1378,1387,4.383333333333334,2.0,3.0,0.0,0.0,
12080,524030,Arroyo Patricio,1378,1387,25.1,9.0,7.0,6.0,0.0,
12090,524030,B. P. Sanhueza,1378,1387,18.583333333333332,13.0,0.0,0.0,2.0,
12089,524030,C. Diez,1378,1387,0.2,0.0,0.0,0.0,0.0,
12084,524030,Castro Agustin,1378,1387,33.15,15.0,3.0,3.0,2.0,
12082,524030,Davies Simon,1378,1387,25.266666666666666,5.0,1.0,1.0,1.0,
12095,524030,Evans Jerry,1387,1378,28.05,25.0,12.0,2.0,4.0,
12098,524030,F. Duran,1387,1378,13.416666666666666,4.0,1.0,2.0,0.0,
12102,524030,Low Diego,1387,1378,22.966666666666665,9.0,6.0,1.0,1.0,
12092,524030,Martinez Rivero Nahuel,1387,1378,17.233333333333334,3.0,1.0,4.0,1.0,
12100,524030,Milano Paez Carlos,1387,1378,8.35,9.0,4.0,0.0,0.0,
12081,524030,Ocasio Jonathan,1378,1387,40.0,33.0,8.0,1.0,0.0,
12087,524030,Ovando Julio,1378,1387,13.5,3.0,0.0,0.0,1.0,
12097,524030,Rivera Michael,1387,1378,11.95,5.0,4.0,0.0,0.0,
12094,524030,Rubio Kevin,1387,1378,23.3,6.0,3.0,2.0,0.0,
12101,524030,S. Rojas,1387,1378,19.933333333333334,11.0,2.0,0.0,1.0,
12099,524030,Stell Benjamin,1387,1378,3.9333333333333336,1.0,0.0,0.0,0.0,
12091,524030,T. Daniels,1387,1378,11.716666666666667,10.0,3.0,0.0,0.0,
12088,524030,V. Schwerter,1378,1387,8.116666666666667,2.0,2.0,0.0,0.0,
12086,524030,Villagran Carlos,1378,1387,0.0,0.0,0.0,0.0,0.0,
12083,524030,Y. Fundora,1378,1387,31.15,9.0,8.0,0.0,0.0,
12096,524030,Z. Wells,1387,1378,10.916666666666666,8.0,3.0,2.0,0.0,
12111,524031,A. Bartsch,1384,1377,8.383333333333333,0.0,0.0,0.0,0.0,
12110,524031,A. Montero,1384,1377,6.383333333333334,0.0,1.0,0.0,0.0,
12114,524031,A. Perez,1377,1384,31.316666666666666,10.0,1.0,2.0,0.0,
12103,524031,A. Puiggros,1384,1377,24.75,11.0,2.0,3.0,3.0,
12104,524031,Alvarez Tomas,1384,1377,27.65,6.0,4.0,0.0,1.0,
12118,524031,B. Ezeagu,1377,1384,26.516666666666666,16.0,7.0,2.0,0.0,
12120,524031,Gomez Hector,1377,1384,22.883333333333333,2.0,1.0,0.0,0.0,
12112,524031,Gomez Sebastian,1384,1377,8.133333333333333,3.0,2.0,2.0,1.0,
12105,524031,K. Mitchell-Watkins,1384,1377,31.083333333333332,29.0,10.0,3.0,0.0,
12106,524031,L. Barrios,1384,1377,34.266666666666666,21.0,6.0,4.0,2.0,
12117,524031,L. Moreno,1377,1384,21.2,3.0,1.0,0.0,1.0,
12121,524031,Ledezma Santiago,1377,1384,0.6333333333333333,0.0,0.0,0.0,0.0,
12115,524031,Morales Franco,1377,1384,40.0,33.0,6.0,4.0,5.0,
12116,524031,P. Vega,1377,1384,13.483333333333333,0.0,1.0,0.0,0.0,
12107,524031,S. Singleton,1384,1377,34.71666666666667,15.0,8.0,5.0,1.0,
12113,524031,Scott Staley Ibn,1377,1384,32.233333333333334,16.0,9.0,0.0,2.0,
12108,524031,Sepulveda Benjamin,1384,1377,7.3,0.0,3.0,1.0,0.0,
12109,524031,Torres Camilo,1384,1377,16.983333333333334,8.0,2.0,1.0,1.0,
12119,524031,Vera Renato,1377,1384,11.766666666666667,0.0,2.0,0.0,0.0,
12127,524032,A. Gonzalez,1447,1379,0.0,0.0,0.0,0.0,0.0,
12126,524032,A. Luckey,1447,1379,39.6,21.0,23.0,2.0,0.0,
12123,524032,Barraza Pablo,1447,1379,33.96666666666667,8.0,5.0,3.0,2.0,
12130,524032,Cabrera Claudio,1447,1379,3.7,0.0,0.0,0.0,0.0,
12138,524032,Damianovic Carrasco Vicente,1379,1447,26.383333333333333,0.0,4.0,1.0,0.0,
12132,524032,Dlugoszewski Juan,1379,1447,7.216666666666667,2.0,0.0,1.0,0.0,
12124,524032,Guaico Vicente,1447,1379,36.95,12.0,4.0,5.0,1.0,
12122,524032,J. McPherson,1447,1379,36.36666666666667,11.0,7.0,5.0,3.0,
12133,524032,L. Marquez Dogliotti,1379,1447,28.816666666666666,9.0,4.0,2.0,0.0,
12128,524032,Rodallega Willington,1447,1379,10.6,2.0,0.0,1.0,0.0,
12131,524032,S. Bender,1379,1447,35.63333333333333,18.0,4.0,1.0,2.0,
12139,524032,S. Navarrete,1379,1447,17.583333333333332,9.0,2.0,0.0,1.0,
12136,524032,Salas Cristobal,1379,1447,10.783333333333333,0.0,1.0,1.0,0.0,
12134,524032,Salcedo Deiker,1379,1447,32.983333333333334,12.0,6.0,1.0,1.0,
12137,524032,Silva Santiago,1379,1447,0.5833333333333334,3.0,0.0,0.0,1.0,
12125,524032,T. Lewis,1447,1379,38.81666666666667,26.0,3.0,3.0,4.0,
12135,524032,T. M. Harper,1379,1447,40.0,21.0,14.0,4.0,2.0,
12150,524033,A. Perez,1383,1378,2.1666666666666665,0.0,2.0,0.0,0.0,
12156,524033,Allegrini Pablo,1378,1383,15.7,9.0,3.0,2.0,1.0,
12142,524033,Ansaldo Ignacio,1383,1378,25.25,6.0,5.0,1.0,1.0,
12155,524033,B. P. Sanhueza,1378,1383,32.75,16.0,3.0,4.0,2.0,
12145,524033,Barria Roa Oscar,1383,1378,21.4,18.0,2.0,2.0,2.0,
12159,524033,C. Diez,1378,1383,9.483333333333333,0.0,3.0,0.0,0.0,
12144,524033,C. Urrutia,1383,1378,16.35,5.0,3.0,3.0,1.0,
12148,524033,Carmona Victor,1383,1378,7.983333333333333,0.0,3.0,0.0,0.0,
12154,524033,Castro Agustin,1378,1383,18.75,11.0,1.0,1.0,3.0,
12152,524033,Davies Simon,1378,1383,28.866666666666667,3.0,0.0,1.0,1.0,
12140,524033,G. Navarro,1383,1378,34.416666666666664,33.0,6.0,5.0,9.0,
12146,524033,I. Lobos,1383,1378,2.9,0.0,0.0,0.0,0.0,
12147,524033,Munoz Renato,1383,1378,22.333333333333332,4.0,2.0,5.0,0.0,
12143,524033,O. Owens,1383,1378,32.083333333333336,12.0,8.0,1.0,2.0,
12151,524033,Ocasio Jonathan,1378,1383,35.9,13.0,6.0,6.0,0.0,
12157,524033,Ovando Julio,1378,1383,22.916666666666668,9.0,1.0,1.0,3.0,
12141,524033,Pino Joaquin,1383,1378,33.8,9.0,4.0,5.0,0.0,
12149,524033,Tussomba Ponce Edward,1383,1378,1.2833333333333332,0.0,2.0,0.0,0.0,
12158,524033,V. Schwerter,1378,1383,6.2,0.0,1.0,0.0,0.0,
12153,524033,Y. Fundora,1378,1383,29.416666666666668,15.0,9.0,0.0,0.0,
12166,524062,A. Bozic,5440,1055,25.0,7.0,0.0,1.0,1.0,
12165,524062,A. Jovcic,5440,1055,22.0,9.0,2.0,4.0,1.0,
12171,524062,A. Topalovic,1055,5440,24.0,9.0,2.0,3.0,2.0,
12172,524062,C. Morris,1055,5440,30.0,18.0,8.0,1.0,0.0,
12173,524062,D. Djordjevic,1055,5440,26.0,12.0,5.0,0.0,0.0,
12176,524062,I. Radonjic,1055,5440,9.0,0.0,1.0,0.0,0.0,
12168,524062,J. Dukic,5440,1055,9.0,0.0,0.0,0.0,0.0,
12169,524062,J. Wright,1055,5440,32.0,14.0,5.0,0.0,3.0,
12170,524062,L. Vasic,1055,5440,25.0,12.0,4.0,4.0,2.0,
12163,524062,M. Mijovic,5440,1055,18.0,8.0,5.0,1.0,0.0,
12160,524062,M. Stevanovic,5440,1055,26.0,9.0,14.0,0.0,0.0,
12161,524062,M. Todoric,5440,1055,27.0,12.0,3.0,9.0,0.0,
12174,524062,M. Zuzic,1055,5440,19.0,7.0,3.0,0.0,1.0,
12177,524062,N. Reljic,1055,5440,10.0,4.0,1.0,0.0,0.0,
12164,524062,N. Zaric,5440,1055,14.0,8.0,2.0,1.0,0.0,
12162,524062,P. Dilparic,5440,1055,37.0,11.0,4.0,1.0,1.0,
12167,524062,S. Djuric,5440,1055,22.0,11.0,5.0,1.0,1.0,
12175,524062,Sokolovic Aleksandar,1055,5440,25.0,1.0,2.0,5.0,0.0,
12198,524063,A. Krunic,5592,1054,6.0,0.0,1.0,0.0,0.0,
12189,524063,B. Miller,5592,1054,38.0,24.0,5.0,5.0,5.0,
12192,524063,D. Bjelic,5592,1054,26.0,5.0,9.0,3.0,0.0,
12188,524063,D. Bugarcic,5592,1054,26.0,14.0,1.0,0.0,1.0,
12185,524063,D. Djukanovic,1054,5592,11.0,0.0,1.0,0.0,0.0,
12183,524063,D. Odalovic,1054,5592,2.0,0.0,0.0,0.0,0.0,
12178,524063,D. Sekularac,1054,5592,30.0,13.0,6.0,1.0,1.0,
12179,524063,Gordic Nemanja,1054,5592,35.0,6.0,7.0,11.0,1.0,
12190,524063,Gugovic Vuk,5592,1054,23.0,8.0,3.0,2.0,0.0,
12191,524063,I. Lazarevski,5592,1054,20.0,0.0,2.0,0.0,0.0,
12184,524063,J. Billingsley,1054,5592,12.0,6.0,0.0,0.0,1.0,
12180,524063,Jankovic Nikola,1054,5592,27.0,24.0,8.0,5.0,0.0,
12186,524063,L. Miladinovic,1054,5592,14.0,6.0,4.0,1.0,0.0,
12194,524063,M. Lazar,5592,1054,11.0,6.0,2.0,3.0,0.0,
12197,524063,M. Mulabdic,5592,1054,5.0,0.0,1.0,0.0,0.0,
12193,524063,M. Sheviakov,5592,1054,10.0,2.0,1.0,0.0,0.0,
12181,524063,N. Djurovic,1054,5592,26.0,16.0,5.0,2.0,0.0,
12195,524063,N. Malesevic,5592,1054,26.0,19.0,5.0,2.0,1.0,
12196,524063,S. Jerkic,5592,1054,9.0,4.0,1.0,2.0,0.0,
12187,524063,U. Danilovic,1054,5592,18.0,3.0,4.0,1.0,0.0,
12182,524063,U. Mijailovic,1054,5592,25.0,4.0,2.0,2.0,0.0,
12199,524065,Booker Devin,2310,5173,36.0,16.0,6.0,3.0,1.0,
12206,524065,D. Pazin,2310,5173,27.0,20.0,2.0,2.0,3.0,
12210,524065,Joksimovic Lazar,5173,2310,23.0,10.0,11.0,0.0,0.0,
12212,524065,K. Karapetrovic,5173,2310,1.0,0.0,0.0,0.0,0.0,
12202,524065,L. Andric,2310,5173,30.0,23.0,9.0,1.0,5.0,
12213,524065,L. Kulundzic,5173,2310,3.0,2.0,0.0,0.0,0.0,
12204,524065,L. Stankovic,2310,5173,23.0,13.0,3.0,2.0,0.0,
12208,524065,Lakic Stefan,5173,2310,35.0,19.0,4.0,2.0,2.0,
12216,524065,M. Lacy,5173,2310,11.0,0.0,1.0,0.0,0.0,
12200,524065,M. Randolph,2310,5173,13.0,0.0,0.0,0.0,0.0,
12215,524065,N. Protic,5173,2310,19.0,8.0,0.0,3.0,2.0,
12201,524065,N. Radovanovic,2310,5173,39.0,16.0,6.0,12.0,2.0,
12203,524065,Nikolic Uros,2310,5173,14.0,0.0,1.0,1.0,0.0,
12209,524065,Savic Stefan,5173,2310,32.0,15.0,5.0,5.0,1.0,
12207,524065,Sly Brandon,5173,2310,29.0,14.0,3.0,5.0,2.0,
12214,524065,Smiljanic Ivan,5173,2310,17.0,0.0,1.0,1.0,0.0,
12211,524065,T. Hunter-Whitfield,5173,2310,28.0,20.0,2.0,0.0,4.0,
12205,524065,Tatic Jakov,2310,5173,18.0,5.0,3.0,2.0,1.0,
12217,524065,Zahiragic Adi,5173,2310,2.0,0.0,0.0,0.0,0.0,
12219,524066,A. Cubic,7972,1673,23.0,11.0,10.0,1.0,1.0,
12239,524066,A. Kartalovic,1673,7972,13.0,4.0,0.0,0.0,0.0,
12230,524066,B. Bush,1673,7972,38.0,20.0,0.0,4.0,2.0,
12234,524066,B. Savic,1673,7972,28.0,11.0,3.0,0.0,1.0,
12236,524066,C. Bailey,1673,7972,8.0,0.0,0.0,0.0,0.0,
12237,524066,C. Nsude,1673,7972,4.0,0.0,0.0,0.0,0.0,
12225,524066,C. Wiggins,7972,1673,22.0,23.0,2.0,4.0,3.0,
12224,524066,D. Kondic,7972,1673,6.0,0.0,0.0,0.0,0.0,
12223,524066,F. Citic,7972,1673,20.0,12.0,1.0,2.0,2.0,
12220,524066,Kutlesic Dusan,7972,1673,26.0,17.0,1.0,2.0,2.0,
12233,524066,L. Tasic,1673,7972,15.0,0.0,3.0,1.0,0.0,
12231,524066,M. Milosevic,1673,7972,22.0,15.0,3.0,3.0,2.0,
12222,524066,Milovanovic Stefan,7972,1673,4.0,3.0,0.0,0.0,1.0,
12232,524066,N. Pavic,1673,7972,33.0,16.0,6.0,4.0,1.0,
12235,524066,O. Kalicanin,1673,7972,10.0,0.0,2.0,1.0,0.0,
12227,524066,Opoku Nana,7972,1673,14.0,7.0,2.0,0.0,0.0,
12218,524066,P. Bogicevic,7972,1673,25.0,11.0,2.0,4.0,1.0,
12229,524066,P. Milosavcevic,7972,1673,7.0,1.0,0.0,0.0,0.0,
12228,524066,R. Bijiek,7972,1673,23.0,14.0,7.0,2.0,3.0,
12221,524066,S. Dabovic,7972,1673,13.0,0.0,4.0,1.0,0.0,
12226,524066,V. Jovanovic,7972,1673,17.0,2.0,1.0,3.0,0.0,
12238,524066,V. Vasic,1673,7972,29.0,15.0,10.0,3.0,1.0,
12251,524067,A. Huggins,3427,1791,36.0,20.0,3.0,1.0,3.0,
12253,524067,A. Nikolic,3427,1791,30.0,10.0,3.0,2.0,0.0,
12243,524067,A. Vargas,1791,3427,28.0,26.0,4.0,2.0,5.0,
12242,524067,B. Dragovic,1791,3427,20.0,4.0,3.0,1.0,0.0,
12241,524067,B. Rutesic,1791,3427,32.0,2.0,4.0,1.0,0.0,
12245,524067,B. Terzic,1791,3427,15.0,6.0,6.0,1.0,0.0,
12254,524067,Bumbic Bosko,3427,1791,27.0,5.0,2.0,9.0,0.0,
12250,524067,D. Kladarin,1791,3427,4.0,0.0,0.0,0.0,0.0,
12260,524067,J. Mitrovic,3427,1791,1.0,0.0,0.0,0.0,0.0,
12247,524067,L. Cvetkovic,1791,3427,11.0,6.0,0.0,2.0,1.0,
12262,524067,L. Trifkovic,3427,1791,9.0,2.0,0.0,0.0,0.0,
12248,524067,M. Gledic,1791,3427,8.0,2.0,2.0,0.0,0.0,
12256,524067,M. Stamenic,3427,1791,4.0,0.0,1.0,0.0,0.0,
12255,524067,M. Susic,3427,1791,16.0,9.0,6.0,3.0,1.0,
12252,524067,Manjgafic Fahrudin,3427,1791,26.0,10.0,3.0,2.0,2.0,
12240,524067,N. Shelton,1791,3427,33.0,6.0,2.0,1.0,2.0,
12259,524067,Nikolic Nemanja,3427,1791,26.0,19.0,3.0,3.0,2.0,
12261,524067,P. Jurlina,3427,1791,1.0,0.0,0.0,0.0,0.0,
12244,524067,S. Knezevic,1791,3427,18.0,6.0,2.0,0.0,1.0,
12246,524067,S. Taheri,1791,3427,20.0,9.0,6.0,4.0,0.0,
12249,524067,V. Drobnjakovic,1791,3427,11.0,3.0,0.0,0.0,1.0,
12257,524067,V. Krunic,3427,1791,9.0,2.0,1.0,0.0,0.0,
12258,524067,W. Helming,3427,1791,15.0,9.0,3.0,0.0,1.0,
12270,524068,A. Bursac,1062,2489,3.0,0.0,1.0,0.0,0.0,
12282,524068,A. Radojicic,2489,1062,7.0,0.0,0.0,0.0,0.0,
12263,524068,Banjac Uros,1062,2489,30.0,18.0,6.0,1.0,4.0,
12275,524068,C. Matic,2489,1062,19.0,5.0,4.0,2.0,0.0,
12265,524068,Dautovic Duro,1062,2489,25.0,11.0,3.0,2.0,1.0,
12271,524068,I. Subasic,1062,2489,18.0,8.0,2.0,1.0,2.0,
12268,524068,J. Draskovic,1062,2489,2.0,0.0,0.0,0.0,0.0,
12273,524068,J. Soumaoro,2489,1062,23.0,8.0,3.0,3.0,2.0,
12274,524068,J. Weaver,2489,1062,28.0,17.0,3.0,1.0,3.0,
12276,524068,Kljajevic Marko,2489,1062,28.0,4.0,1.0,1.0,1.0,
12277,524068,L. Aksentijevic,2489,1062,30.0,13.0,4.0,4.0,1.0,
12269,524068,Labovic Danilo,1062,2489,20.0,3.0,2.0,4.0,0.0,
12280,524068,M. Gutalj,2489,1062,20.0,8.0,6.0,3.0,0.0,
12281,524068,M. Milenkovic,2489,1062,9.0,7.0,0.0,0.0,1.0,
12272,524068,M. Vukcevic,1062,2489,25.0,5.0,4.0,0.0,0.0,
12279,524068,Matovic Ognjen,2489,1062,25.0,8.0,3.0,2.0,2.0,
12264,524068,N. Music,1062,2489,30.0,22.0,1.0,6.0,3.0,
12278,524068,R. Todorovic,2489,1062,11.0,7.0,2.0,0.0,1.0,
12267,524068,Tanaskovic Dusan,1062,2489,26.0,9.0,6.0,3.0,0.0,
12266,524068,Zecevic Aleksandar,1062,2489,21.0,3.0,9.0,0.0,1.0,
12295,524341,Bridges Braelen,6628,7890,22.116666666666667,12.0,9.0,2.0,0.0,
12289,524341,C. Medina,7890,6628,18.366666666666667,4.0,0.0,1.0,0.0,
12283,524341,D. Castro,7890,6628,24.55,5.0,7.0,1.0,1.0,
12293,524341,D. Ojeda,6628,7890,23.8,9.0,2.0,4.0,1.0,
12290,524341,D. Venner,7890,6628,22.583333333333332,6.0,5.0,3.0,0.0,
12291,524341,G. Cordero,6628,7890,24.4,8.0,4.0,3.0,0.0,
12292,524341,J. Artis,6628,7890,20.633333333333333,5.0,5.0,6.0,1.0,
12287,524341,J. Bennett,7890,6628,30.183333333333334,4.0,8.0,1.0,0.0,
12296,524341,J. D. Lozano Toro,6628,7890,15.0,0.0,3.0,2.0,0.0,
12298,524341,J. Rios,6628,7890,17.883333333333333,17.0,2.0,1.0,0.0,
12284,524341,J. Salgado,7890,6628,31.833333333333332,11.0,2.0,0.0,1.0,
12286,524341,L. Aguilar,7890,6628,30.1,9.0,7.0,0.0,0.0,
12297,524341,L. Galeano,6628,7890,15.4,11.0,4.0,3.0,1.0,
12294,524341,M. Jackson,6628,7890,25.0,15.0,2.0,1.0,3.0,
12285,524341,S. Marcano,7890,6628,19.583333333333332,4.0,3.0,1.0,0.0,
12299,524341,S. Sanabria,6628,7890,15.6,5.0,1.0,2.0,1.0,
12288,524341,T. Ibanez,7890,6628,22.8,0.0,0.0,1.0,0.0,
12300,524341,Y. Hoyos,6628,7890,20.166666666666668,11.0,5.0,2.0,2.0,
12301,524342,A. Mosquera,3590,6463,31.683333333333334,8.0,9.0,0.0,0.0,
12318,524342,B. Vargas,6463,3590,8.833333333333334,0.0,2.0,0.0,0.0,
12322,524342,C. Solis,6463,3590,10.55,8.0,2.0,1.0,0.0,
12321,524342,D. Blanco,6463,3590,15.516666666666667,9.0,2.0,1.0,1.0,
12306,524342,G. Mena,3590,6463,3.1333333333333333,0.0,1.0,0.0,0.0,
12314,524342,H. Montano,6463,3590,23.266666666666666,20.0,10.0,1.0,3.0,
12323,524342,J. B. Santiago,6463,3590,20.383333333333333,10.0,7.0,0.0,2.0,
12307,524342,J. C. Ruiz,3590,6463,16.5,2.0,5.0,0.0,0.0,
12303,524342,J. James,3590,6463,38.733333333333334,15.0,8.0,4.0,3.0,
12311,524342,J. Mosquera,3590,6463,4.666666666666667,0.0,0.0,0.0,0.0,
12312,524342,J. Plata,3590,6463,0.5,0.0,1.0,0.0,0.0,
12317,524342,J. Quintero,6463,3590,22.8,6.0,1.0,2.0,1.0,
12304,524342,J. Steele,3590,6463,24.816666666666666,4.0,3.0,2.0,0.0,
12324,524342,Johnson Roquez,6463,3590,14.3,9.0,5.0,1.0,0.0,
12309,524342,K. Lopez,3590,6463,5.033333333333333,2.0,0.0,0.0,0.0,
12316,524342,K. Quinones,6463,3590,21.016666666666666,15.0,9.0,0.0,0.0,
12313,524342,L. Salazar,6463,3590,17.6,0.0,1.0,4.0,0.0,
12302,524342,L. Viloria,3590,6463,35.266666666666666,20.0,7.0,2.0,3.0,
12319,524342,M. Cabezas,6463,3590,9.416666666666666,2.0,1.0,1.0,0.0,
12315,524342,M. Ramos,6463,3590,16.15,2.0,3.0,5.0,0.0,
12305,524342,N. Robinson,3590,6463,27.15,10.0,7.0,3.0,2.0,
12310,524342,O. Goez Pimentel,3590,6463,0.5,0.0,0.0,0.0,0.0,
12308,524342,R. Pomare,3590,6463,8.183333333333334,6.0,2.0,0.0,0.0,
12320,524342,S. Mojica,6463,3590,16.333333333333332,5.0,2.0,4.0,1.0,
12337,524343,Bridges Braelen,6628,7890,23.566666666666666,13.0,12.0,0.0,0.0,
12332,524343,C. Medina,7890,6628,22.783333333333335,6.0,1.0,2.0,0.0,
12325,524343,D. Castro,7890,6628,27.333333333333332,4.0,4.0,0.0,0.0,
12335,524343,D. Ojeda,6628,7890,30.216666666666665,12.0,0.0,7.0,0.0,
12331,524343,D. Venner,7890,6628,28.983333333333334,13.0,8.0,0.0,0.0,
12338,524343,G. Cordero,6628,7890,27.55,22.0,8.0,1.0,1.0,
12336,524343,J. Artis,6628,7890,25.216666666666665,9.0,2.0,2.0,0.0,
12327,524343,J. Bennett,7890,6628,26.05,12.0,5.0,0.0,0.0,
12339,524343,J. D. Lozano Toro,6628,7890,15.883333333333333,3.0,5.0,0.0,1.0,
12341,524343,J. Rios,6628,7890,16.433333333333334,6.0,3.0,0.0,0.0,
12328,524343,J. Salgado,7890,6628,16.833333333333332,5.0,4.0,3.0,1.0,
12333,524343,J. Toro,7890,6628,4.25,3.0,1.0,0.0,1.0,
12329,524343,L. Aguilar,7890,6628,36.78333333333333,15.0,12.0,2.0,0.0,
12342,524343,L. Galeano,6628,7890,13.066666666666666,2.0,1.0,1.0,0.0,
12334,524343,M. Jackson,6628,7890,26.833333333333332,11.0,11.0,3.0,3.0,
12326,524343,S. Marcano,7890,6628,21.8,3.0,1.0,1.0,0.0,
12340,524343,S. Sanabria,6628,7890,12.566666666666666,0.0,1.0,2.0,0.0,
12330,524343,T. Ibanez,7890,6628,15.183333333333334,2.0,3.0,1.0,0.0,
12343,524343,Y. Hoyos,6628,7890,8.666666666666666,6.0,0.0,1.0,2.0,
12360,524344,A. Bejarano,7430,3595,27.016666666666666,5.0,6.0,3.0,1.0,
12358,524344,B. Ajike,7430,3595,8.1,6.0,3.0,1.0,0.0,
12346,524344,B. Lopez,3595,7430,34.333333333333336,18.0,5.0,2.0,5.0,
12357,524344,D. Sanchez,7430,3595,35.0,19.0,13.0,3.0,3.0,
12344,524344,D. Shedden,3595,7430,20.333333333333332,5.0,3.0,0.0,1.0,
12359,524344,D. Vanegas,7430,3595,7.5,3.0,0.0,0.0,1.0,
12362,524344,H. Martinez,7430,3595,8.05,0.0,1.0,0.0,0.0,
12353,524344,J. Hurtado,3595,7430,14.933333333333334,5.0,2.0,0.0,1.0,
12351,524344,J. Lizcano,3595,7430,15.083333333333334,3.0,1.0,1.0,1.0,
12349,524344,J. Riascos,3595,7430,14.483333333333333,3.0,1.0,1.0,1.0,
12361,524344,J. Salcedo,7430,3595,25.683333333333334,12.0,3.0,4.0,4.0,
12355,524344,J. Vera,7430,3595,33.333333333333336,20.0,8.0,3.0,4.0,
12356,524344,M. Arboleda,7430,3595,28.916666666666668,5.0,3.0,3.0,1.0,
12347,524344,M. Parra,3595,7430,23.75,7.0,5.0,1.0,1.0,
12354,524344,M. Polk,7430,3595,26.4,22.0,5.0,1.0,5.0,
12350,524344,M. Trocha,3595,7430,5.666666666666667,2.0,1.0,0.0,0.0,
12348,524344,R. Armstrong,3595,7430,34.13333333333333,9.0,6.0,5.0,0.0,
12352,524344,S. Cortes,3595,7430,5.866666666666667,3.0,3.0,0.0,0.0,
12345,524344,Serna Santiago,3595,7430,31.416666666666668,15.0,8.0,2.0,0.0,
12377,524345,C. Benitez,3594,7973,4.483333333333333,0.0,0.0,0.0,0.0,
12367,524345,D. Altamiranda,7973,3594,25.616666666666667,11.0,4.0,2.0,1.0,
12375,524345,D. Amado,3594,7973,2.9,0.0,0.0,0.0,0.0,
12370,524345,D. Dominguez,3594,7973,19.566666666666666,18.0,9.0,1.0,1.0,
12374,524345,E. Hernandez,3594,7973,37.1,16.0,18.0,2.0,0.0,
12373,524345,F. Rivera,3594,7973,25.95,4.0,1.0,1.0,0.0,
12376,524345,I. Uribe,3594,7973,14.466666666666667,2.0,0.0,2.0,0.0,
12369,524345,J. Acevedo,7973,3594,6.683333333333334,2.0,3.0,0.0,0.0,
12364,524345,J. Ardila,7973,3594,19.383333333333333,8.0,11.0,0.0,0.0,
12372,524345,J. Bautista,3594,7973,34.18333333333333,28.0,16.0,2.0,2.0,
12363,524345,J. Blanco,7973,3594,21.3,4.0,5.0,4.0,0.0,
12378,524345,J. Cordoba,3594,7973,23.566666666666666,0.0,0.0,0.0,0.0,
12379,524345,J. Lobo,3594,7973,6.15,0.0,0.0,0.0,0.0,
12365,524345,J. Mosquera,7973,3594,23.5,11.0,1.0,1.0,2.0,
12366,524345,R. Munoz,7973,3594,37.833333333333336,13.0,7.0,4.0,2.0,
12368,524345,S. Cuello,7973,3594,5.666666666666667,2.0,0.0,0.0,0.0,
12371,524345,S. Ramirez,3594,7973,31.633333333333333,11.0,4.0,4.0,1.0,
12392,524347,A. Bejarano,7430,3595,23.133333333333333,5.0,8.0,2.0,0.0,
12383,524347,B. Lopez,3595,7430,36.166666666666664,7.0,7.0,3.0,0.0,
12393,524347,D. Sanchez,7430,3595,29.383333333333333,12.0,4.0,2.0,0.0,
12382,524347,D. Shedden,3595,7430,26.083333333333332,19.0,10.0,0.0,3.0,
12394,524347,H. Martinez,7430,3595,3.8333333333333335,2.0,1.0,1.0,0.0,
12387,524347,J. Hurtado,3595,7430,8.4,2.0,0.0,0.0,0.0,
12385,524347,J. Lizcano,3595,7430,6.083333333333333,0.0,3.0,1.0,0.0,
12388,524347,J. Riascos,3595,7430,11.65,0.0,2.0,0.0,0.0,
12390,524347,J. Salcedo,7430,3595,39.61666666666667,6.0,1.0,3.0,1.0,
12396,524347,K. Mayorga,7430,3595,5.816666666666666,4.0,2.0,1.0,0.0,
12391,524347,M. Arboleda,7430,3595,31.65,17.0,3.0,0.0,1.0,
12380,524347,M. Parra,3595,7430,33.916666666666664,4.0,5.0,0.0,0.0,
12389,524347,M. Polk,7430,3595,30.733333333333334,10.0,3.0,1.0,3.0,
12384,524347,R. Armstrong,3595,7430,38.31666666666667,18.0,8.0,1.0,1.0,
12386,524347,S. Cortes,3595,7430,7.183333333333334,0.0,2.0,1.0,0.0,
12395,524347,S. Valencia,7430,3595,28.083333333333332,11.0,11.0,0.0,2.0,
12381,524347,Serna Santiago,3595,7430,32.2,13.0,9.0,0.0,0.0,
12408,524348,B. Thompson,7890,6463,22.616666666666667,8.0,6.0,1.0,1.0,
12406,524348,B. Vargas,6463,7890,17.233333333333334,0.0,3.0,1.0,0.0,
12412,524348,C. Medina,7890,6463,3.033333333333333,0.0,0.0,0.0,0.0,
12404,524348,C. Solis,6463,7890,17.85,9.0,10.0,2.0,0.0,
12397,524348,D. Blanco,6463,7890,20.55,10.0,4.0,1.0,2.0,
12411,524348,D. Castro,7890,6463,22.916666666666668,2.0,4.0,0.0,0.0,
12416,524348,D. Venner,7890,6463,16.883333333333333,7.0,5.0,3.0,0.0,
12401,524348,H. Montano,6463,7890,22.766666666666666,11.0,5.0,2.0,2.0,
12402,524348,J. B. Santiago,6463,7890,16.733333333333334,23.0,4.0,2.0,4.0,
12413,524348,J. Barco,7890,6463,14.633333333333333,4.0,2.0,0.0,0.0,
12417,524348,J. Bennett,7890,6463,17.016666666666666,2.0,6.0,1.0,0.0,
12399,524348,J. Quintero,6463,7890,19.933333333333334,10.0,4.0,3.0,1.0,
12414,524348,J. Salgado,7890,6463,21.066666666666666,4.0,3.0,1.0,0.0,
12400,524348,K. Quinones,6463,7890,12.15,8.0,0.0,0.0,0.0,
12407,524348,L. Aguilar,7890,6463,28.45,12.0,8.0,0.0,0.0,
12403,524348,M. Cabezas,6463,7890,14.066666666666666,6.0,3.0,4.0,0.0,
12398,524348,M. Ramos,6463,7890,16.6,7.0,4.0,5.0,1.0,
12415,524348,S. Marcano,7890,6463,9.966666666666667,6.0,1.0,1.0,1.0,
12405,524348,S. Mojica,6463,7890,23.4,13.0,3.0,5.0,1.0,
12410,524348,S. Valentin,7890,6463,23.016666666666666,4.0,6.0,0.0,0.0,
12409,524348,Z. Williams,7890,6463,20.4,10.0,5.0,1.0,2.0,
12422,524349,A. Mosquera,3590,6628,22.466666666666665,8.0,4.0,2.0,2.0,
12432,524349,C. Garcia,6628,3590,34.5,19.0,14.0,3.0,1.0,
12433,524349,D. Ojeda,6628,3590,26.566666666666666,12.0,4.0,5.0,0.0,
12428,524349,G. Cordero,6628,3590,28.516666666666666,9.0,3.0,0.0,1.0,
12427,524349,G. Mena,3590,6628,18.983333333333334,9.0,1.0,0.0,3.0,
12429,524349,J. Artis,6628,3590,35.516666666666666,17.0,13.0,2.0,1.0,
12420,524349,J. C. Ruiz,3590,6628,14.416666666666666,2.0,1.0,1.0,0.0,
12418,524349,J. James,3590,6628,39.2,22.0,6.0,7.0,1.0,
12426,524349,J. Plata,3590,6628,1.6166666666666667,0.0,0.0,0.0,0.0,
12434,524349,J. Rios,6628,3590,19.6,4.0,7.0,0.0,0.0,
12425,524349,J. Steele,3590,6628,24.333333333333332,12.0,2.0,0.0,1.0,
12423,524349,K. Lopez,3590,6628,3.5666666666666664,0.0,1.0,0.0,0.0,
12419,524349,L. Viloria,3590,6628,36.5,18.0,4.0,8.0,1.0,
12431,524349,M. Jackson,6628,3590,29.583333333333332,20.0,6.0,5.0,3.0,
12421,524349,N. Robinson,3590,6628,27.316666666666666,5.0,8.0,0.0,1.0,
12424,524349,R. Pomare,3590,6628,11.6,3.0,2.0,0.0,0.0,
12430,524349,S. Sanabria,6628,3590,18.983333333333334,9.0,2.0,1.0,1.0,
12435,524349,Y. Hoyos,6628,3590,6.733333333333333,0.0,0.0,0.0,0.0,
12439,524350,A. Mosquera,3590,6628,28.416666666666668,10.0,7.0,1.0,2.0,
12449,524350,D. Ojeda,6628,3590,28.333333333333332,21.0,4.0,7.0,1.0,
12448,524350,G. Cordero,6628,3590,32.3,24.0,6.0,4.0,3.0,
12447,524350,G. Mena,3590,6628,12.166666666666666,4.0,2.0,0.0,0.0,
12450,524350,J. Artis,6628,3590,25.916666666666668,5.0,4.0,2.0,1.0,
12446,524350,J. C. Ruiz,3590,6628,9.8,3.0,2.0,0.0,1.0,
12451,524350,J. D. Lozano Toro,6628,3590,16.333333333333332,0.0,2.0,3.0,0.0,
12440,524350,J. Glover,3590,6628,36.3,25.0,6.0,2.0,1.0,
12436,524350,J. James,3590,6628,33.4,11.0,5.0,4.0,3.0,
12444,524350,J. Plata,3590,6628,4.483333333333333,0.0,2.0,1.0,0.0,
12453,524350,J. Rios,6628,3590,19.466666666666665,12.0,5.0,1.0,0.0,
12443,524350,J. Steele,3590,6628,8.35,2.0,1.0,0.0,0.0,
12441,524350,K. Lopez,3590,6628,4.683333333333334,2.0,2.0,1.0,0.0,
12437,524350,L. Viloria,3590,6628,26.816666666666666,3.0,4.0,3.0,0.0,
12438,524350,N. Robinson,3590,6628,14.283333333333333,0.0,3.0,1.0,0.0,
12445,524350,O. Goez Pimentel,3590,6628,8.383333333333333,2.0,0.0,0.0,0.0,
12442,524350,R. Pomare,3590,6628,12.916666666666666,10.0,4.0,1.0,0.0,
12452,524350,S. Sanabria,6628,3590,18.05,3.0,0.0,2.0,1.0,
12454,524350,Y. Hoyos,6628,3590,11.083333333333334,10.0,1.0,1.0,2.0,
12466,524351,B. Thompson,7890,6463,20.183333333333334,5.0,9.0,0.0,0.0,
12465,524351,B. Vargas,6463,7890,18.85,3.0,2.0,1.0,1.0,
12462,524351,C. Colorado,6463,7890,4.866666666666667,0.0,4.0,0.0,0.0,
12471,524351,C. Medina,7890,6463,10.783333333333333,2.0,1.0,0.0,0.0,
12464,524351,C. Solis,6463,7890,18.833333333333332,10.0,5.0,0.0,0.0,
12455,524351,D. Blanco,6463,7890,24.5,13.0,4.0,2.0,3.0,
12469,524351,D. Castro,7890,6463,25.45,12.0,2.0,0.0,2.0,
12475,524351,D. Venner,7890,6463,18.683333333333334,0.0,6.0,0.0,0.0,
12459,524351,H. Montano,6463,7890,19.166666666666668,6.0,5.0,0.0,0.0,
12472,524351,J. Barco,7890,6463,22.8,2.0,4.0,0.0,0.0,
12476,524351,J. Bennett,7890,6463,11.566666666666666,0.0,4.0,0.0,0.0,
12456,524351,J. Quintero,6463,7890,21.15,8.0,2.0,2.0,2.0,
12473,524351,J. Salgado,7890,6463,12.15,2.0,1.0,1.0,0.0,
12463,524351,Johnson Roquez,6463,7890,17.3,9.0,4.0,0.0,1.0,
12458,524351,K. Quinones,6463,7890,14.5,8.0,7.0,1.0,0.0,
12470,524351,L. Aguilar,7890,6463,26.966666666666665,3.0,10.0,2.0,0.0,
12460,524351,M. Cabezas,6463,7890,20.833333333333332,13.0,3.0,3.0,3.0,
12461,524351,M. Ramos,6463,7890,20.833333333333332,17.0,2.0,7.0,2.0,
12474,524351,S. Marcano,7890,6463,9.166666666666666,0.0,0.0,0.0,0.0,
12457,524351,S. Mojica,6463,7890,19.166666666666668,2.0,3.0,2.0,0.0,
12468,524351,S. Valentin,7890,6463,24.833333333333332,11.0,3.0,1.0,1.0,
12467,524351,Z. Williams,7890,6463,17.416666666666668,3.0,3.0,2.0,0.0,
12480,524352,A. Bejarano,7430,3594,23.816666666666666,4.0,1.0,2.0,0.0,
12496,524352,C. Benitez,3594,7430,4.166666666666667,1.0,1.0,0.0,0.0,
12478,524352,C. Thompson,7430,3594,31.5,24.0,3.0,2.0,4.0,
12489,524352,D. Dominguez,3594,7430,33.28333333333333,34.0,10.0,1.0,1.0,
12485,524352,D. Reyes,7430,3594,2.6,0.0,0.0,0.0,0.0,
12481,524352,D. Sanchez,7430,3594,19.466666666666665,4.0,6.0,3.0,0.0,
12493,524352,E. Hernandez,3594,7430,33.766666666666666,16.0,10.0,2.0,2.0,
12492,524352,F. Rivera,3594,7430,29.933333333333334,12.0,2.0,5.0,3.0,
12483,524352,H. Martinez,7430,3594,2.4,1.0,0.0,0.0,0.0,
12495,524352,I. Uribe,3594,7430,19.116666666666667,6.0,2.0,2.0,2.0,
12494,524352,J. Amado,3594,7430,8.4,0.0,2.0,0.0,0.0,
12491,524352,J. Bautista,3594,7430,16.566666666666666,8.0,6.0,2.0,1.0,
12497,524352,J. Cordoba,3594,7430,18.816666666666666,6.0,0.0,0.0,2.0,
12498,524352,J. Lobo,3594,7430,3.8833333333333333,2.0,0.0,0.0,0.0,
12479,524352,J. Salcedo,7430,3594,30.366666666666667,14.0,5.0,9.0,2.0,
12487,524352,K. Mayorga,7430,3594,1.9666666666666668,2.0,0.0,0.0,0.0,
12482,524352,M. Arboleda,7430,3594,20.9,4.0,1.0,4.0,0.0,
12477,524352,M. Polk,7430,3594,23.783333333333335,20.0,3.0,3.0,4.0,
12490,524352,S. Ramirez,3594,7430,32.06666666666667,30.0,7.0,6.0,2.0,
12484,524352,S. Valencia,7430,3594,30.066666666666666,13.0,10.0,1.0,2.0,
12488,524352,S. Vera,7430,3594,7.65,5.0,0.0,0.0,1.0,
12486,524352,W. Ricardo,7430,3594,5.483333333333333,0.0,0.0,0.0,0.0,
12507,524353,A. Lopez,7973,3595,10.35,3.0,2.0,0.0,1.0,
12511,524353,B. Lopez,3595,7973,37.0,27.0,5.0,2.0,8.0,
12505,524353,C. Martinez,7973,3595,19.016666666666666,5.0,1.0,2.0,1.0,
12503,524353,D. Altamiranda,7973,3595,25.566666666666666,16.0,4.0,1.0,0.0,
12509,524353,D. Shedden,3595,7973,12.95,2.0,2.0,1.0,0.0,
12504,524353,D. Unubio,7973,3595,4.75,0.0,1.0,0.0,0.0,
12508,524353,E. Cassiani,7973,3595,14.266666666666667,11.0,2.0,0.0,3.0,
12506,524353,J. Acevedo,7973,3595,1.0333333333333334,0.0,0.0,0.0,0.0,
12501,524353,J. Ardila,7973,3595,36.666666666666664,21.0,10.0,0.0,2.0,
12499,524353,J. Blanco,7973,3595,23.016666666666666,0.0,4.0,4.0,0.0,
12515,524353,J. Hurtado,3595,7973,9.766666666666667,2.0,4.0,0.0,0.0,
12517,524353,J. Lizcano,3595,7973,22.85,6.0,1.0,2.0,0.0,
12500,524353,J. Mosquera,7973,3595,26.9,4.0,3.0,2.0,0.0,
12516,524353,J. Riascos,3595,7973,2.9,0.0,0.0,0.0,0.0,
12512,524353,M. Parra,3595,7973,15.25,2.0,0.0,1.0,0.0,
12513,524353,R. Armstrong,3595,7973,39.483333333333334,24.0,9.0,6.0,4.0,
12502,524353,R. Pena,7973,3595,31.083333333333332,15.0,3.0,2.0,1.0,
12514,524353,S. Cortes,3595,7973,27.666666666666668,10.0,6.0,3.0,0.0,
12510,524353,Serna Santiago,3595,7973,32.13333333333333,17.0,7.0,1.0,2.0,
12533,524426,A. Perez,1377,1382,22.183333333333334,8.0,2.0,2.0,1.0,
12529,524426,B. Ezeagu,1377,1382,20.2,4.0,5.0,1.0,0.0,
12521,524426,Garcia Danko,1382,1377,23.75,9.0,10.0,1.0,2.0,
12532,524426,Gomez Hector,1377,1382,26.683333333333334,3.0,3.0,1.0,0.0,
12519,524426,Henry Sek,1382,1377,30.133333333333333,13.0,6.0,4.0,3.0,
12520,524426,Herrera Benjamin,1382,1377,17.5,3.0,2.0,7.0,0.0,
12525,524426,J. Key,1382,1377,28.4,13.0,13.0,0.0,1.0,
12518,524426,Jones Darrol,1382,1377,27.433333333333334,12.0,5.0,5.0,1.0,
12522,524426,K. Perkins,1382,1377,23.7,8.0,2.0,1.0,0.0,
12536,524426,Ledezma Santiago,1377,1382,4.25,0.0,0.0,0.0,0.0,
12526,524426,Lugo Eduardo,1382,1377,20.983333333333334,8.0,2.0,0.0,0.0,
12524,524426,Mijares Sergio,1382,1377,5.616666666666667,3.0,0.0,1.0,1.0,
12530,524426,Morales Franco,1377,1382,33.46666666666667,22.0,7.0,3.0,5.0,
12535,524426,P. Vega,1377,1382,19.8,2.0,8.0,3.0,0.0,
12523,524426,Rebolledo Nicolas,1382,1377,18.95,16.0,0.0,1.0,3.0,
12534,524426,Rojas Luciano,1377,1382,0.2833333333333333,0.0,0.0,0.0,0.0,
12528,524426,Scott Staley Ibn,1377,1382,26.133333333333333,9.0,4.0,3.0,2.0,
12527,524426,T. Jones,1382,1377,3.55,0.0,0.0,1.0,0.0,
12531,524426,Vera Renato,1377,1382,18.966666666666665,6.0,3.0,0.0,2.0,
12555,524427,Acuna Felipe,4921,1387,10.75,2.0,0.0,0.0,0.0,
12538,524427,Aguirre Urrutia Nicolas,1387,4921,29.966666666666665,12.0,5.0,1.0,2.0,
12551,524427,Amor Barham,4921,1387,37.06666666666667,7.0,7.0,4.0,1.0,
12540,524427,Evans Jerry,1387,4921,32.25,17.0,6.0,1.0,2.0,
12543,524427,F. Duran,1387,4921,12.966666666666667,7.0,1.0,1.0,1.0,
12550,524427,Gonzalez Maximo,4921,1387,29.066666666666666,2.0,10.0,0.0,0.0,
12554,524427,H. Angulo,4921,1387,10.933333333333334,2.0,5.0,0.0,0.0,
12548,524427,J. Corbett,4921,1387,39.56666666666667,27.0,8.0,3.0,0.0,
12547,524427,Low Diego,1387,4921,15.266666666666667,3.0,3.0,1.0,1.0,
12544,524427,Martinez Rivero Nahuel,1387,4921,9.183333333333334,0.0,0.0,0.0,0.0,
12545,524427,Milano Paez Carlos,1387,4921,4.5,5.0,2.0,0.0,0.0,
12549,524427,Moraga Agustin,4921,1387,29.683333333333334,4.0,3.0,1.0,0.0,
12542,524427,Rivera Michael,1387,4921,8.333333333333334,0.0,2.0,0.0,0.0,
12539,524427,Rubio Kevin,1387,4921,29.3,13.0,1.0,1.0,1.0,
12546,524427,S. Rojas,1387,4921,17.733333333333334,2.0,2.0,1.0,0.0,
12553,524427,Sepulveda Milenko,4921,1387,5.883333333333333,0.0,1.0,0.0,0.0,
12541,524427,T. Daniels,1387,4921,22.083333333333332,7.0,6.0,1.0,0.0,
12537,524427,Z. Wells,1387,4921,18.433333333333334,6.0,4.0,2.0,0.0,
12552,524427,Zerene Diego,4921,1387,2.9333333333333336,3.0,0.0,0.0,1.0,
12573,524428,Allegrini Pablo,1378,1382,16.133333333333333,7.0,2.0,1.0,1.0,
12572,524428,B. P. Sanhueza,1378,1382,28.633333333333333,8.0,4.0,3.0,1.0,
12567,524428,B. Toro,1382,1378,,0.0,1.0,0.0,0.0,
12576,524428,C. Diez,1378,1382,20.6,12.0,9.0,1.0,2.0,
12571,524428,Castro Agustin,1378,1382,26.0,14.0,1.0,0.0,2.0,
12569,524428,Davies Simon,1378,1382,22.25,9.0,0.0,2.0,3.0,
12561,524428,G. Vergara Harboe,1382,1378,10.0,5.0,0.0,0.0,1.0,
12565,524428,Garcia Danko,1382,1378,27.633333333333333,19.0,4.0,3.0,5.0,
12562,524428,Henry Sek,1382,1378,20.083333333333332,0.0,2.0,3.0,0.0,
12563,524428,Herrera Benjamin,1382,1378,15.666666666666666,4.0,5.0,6.0,0.0,
12559,524428,J. Key,1382,1378,28.433333333333334,9.0,11.0,1.0,0.0,
12556,524428,Jones Darrol,1382,1378,14.266666666666667,15.0,2.0,4.0,2.0,
12560,524428,K. Perkins,1382,1378,23.016666666666666,6.0,1.0,3.0,1.0,
12564,524428,Lugo Eduardo,1382,1378,22.216666666666665,20.0,3.0,0.0,4.0,
12558,524428,Mijares Sergio,1382,1378,13.433333333333334,8.0,0.0,1.0,1.0,
12568,524428,Ocasio Jonathan,1378,1382,29.633333333333333,13.0,10.0,5.0,0.0,
12574,524428,Ovando Julio,1378,1382,16.766666666666666,2.0,3.0,5.0,0.0,
12557,524428,Rebolledo Nicolas,1382,1378,14.316666666666666,7.0,4.0,4.0,2.0,
12566,524428,T. Jones,1382,1378,10.016666666666667,5.0,0.0,2.0,1.0,
12575,524428,V. Schwerter,1378,1382,14.566666666666666,6.0,3.0,0.0,0.0,
12570,524428,Y. Fundora,1378,1382,25.433333333333334,13.0,12.0,1.0,0.0,
12586,524429,A. Barbieri,6446,1447,38.65,17.0,7.0,2.0,2.0,
12583,524429,A. Gonzalez,1447,6446,6.6,3.0,0.0,0.0,1.0,
12581,524429,A. Luckey,1447,6446,37.3,22.0,10.0,1.0,0.0,
12587,524429,Alvarez Nicolas,6446,1447,33.4,14.0,4.0,1.0,4.0,
12591,524429,Armijo Ricardo,6446,1447,8.266666666666667,0.0,0.0,2.0,0.0,
12578,524429,Barraza Pablo,1447,6446,36.46666666666667,17.0,4.0,6.0,5.0,
12584,524429,Cabrera Claudio,1447,6446,2.7,0.0,0.0,0.0,0.0,
12579,524429,Guaico Vicente,1447,6446,35.416666666666664,4.0,4.0,2.0,0.0,
12590,524429,H. Aragon,6446,1447,21.65,3.0,5.0,2.0,0.0,
12577,524429,J. McPherson,1447,6446,37.983333333333334,18.0,2.0,10.0,2.0,
12592,524429,K. Constanzo,6446,1447,23.216666666666665,12.0,2.0,2.0,2.0,
12589,524429,M. McCreary,6446,1447,31.733333333333334,17.0,8.0,1.0,2.0,
12588,524429,N. Farrar,6446,1447,23.583333333333332,14.0,4.0,1.0,1.0,
12582,524429,Rodallega Willington,1447,6446,5.483333333333333,3.0,0.0,0.0,1.0,
12580,524429,T. Lewis,1447,6446,38.05,18.0,4.0,1.0,2.0,
12585,524429,Ugalde Marco,6446,1447,16.783333333333335,5.0,3.0,3.0,0.0,
12606,524430,A. Perez,1377,1383,31.216666666666665,5.0,1.0,3.0,1.0,
12596,524430,Ansaldo Ignacio,1383,1377,32.083333333333336,13.0,6.0,1.0,3.0,
12593,524430,Barria Roa Oscar,1383,1377,27.966666666666665,10.0,3.0,5.0,2.0,
12600,524430,C. Urrutia,1383,1377,13.25,8.0,0.0,0.0,2.0,
12594,524430,G. Navarro,1383,1377,34.36666666666667,19.0,10.0,2.0,4.0,
12605,524430,Gomez Hector,1377,1383,21.333333333333332,2.0,2.0,1.0,0.0,
12608,524430,Hassan Rashad,1377,1383,23.533333333333335,10.0,1.0,0.0,0.0,
12598,524430,I. Lobos,1383,1377,4.916666666666667,0.0,1.0,2.0,0.0,
12604,524430,K. Steele,1377,1383,32.1,25.0,7.0,0.0,2.0,
12602,524430,Morales Franco,1377,1383,36.166666666666664,17.0,7.0,4.0,3.0,
12599,524430,Munoz Renato,1383,1377,26.816666666666666,17.0,1.0,3.0,3.0,
12597,524430,O. Owens,1383,1377,25.7,1.0,1.0,2.0,0.0,
12603,524430,P. Vega,1377,1383,16.466666666666665,0.0,3.0,0.0,0.0,
12595,524430,Pino Joaquin,1383,1377,34.71666666666667,22.0,8.0,3.0,2.0,
12601,524430,Scott Staley Ibn,1377,1383,34.083333333333336,18.0,7.0,3.0,2.0,
12607,524430,Vera Renato,1377,1383,5.1,0.0,0.0,0.0,0.0,
12621,524435,Amsellem Vincent,688,682,19.416666666666668,11.0,0.0,2.0,3.0,
12615,524435,Blakeney Antonio,682,688,24.866666666666667,21.0,0.0,3.0,4.0,
12614,524435,Blayzer Oz,682,688,,0.0,0.0,0.0,0.0,
12611,524435,Caboclo Bruno,682,688,15.633333333333333,4.0,0.0,0.0,1.0,
12623,524435,Gillespie Freddie,688,682,27.183333333333334,8.0,0.0,3.0,0.0,
12613,524435,Heidegger Max,682,688,14.5,6.0,0.0,1.0,2.0,
12617,524435,J. James,688,682,15.2,9.0,0.0,0.0,0.0,
12619,524435,J. Rowe,688,682,26.966666666666665,14.0,0.0,1.0,2.0,
12620,524435,Lee Paris,688,682,30.466666666666665,6.0,0.0,3.0,0.0,
12612,524435,Odiase Tai,682,688,24.366666666666667,7.0,0.0,0.0,0.0,
12609,524435,Palatin Guy,682,688,15.233333333333333,0.0,0.0,1.0,0.0,
12618,524435,Srur Benaya,688,682,13.183333333333334,3.0,0.0,0.0,0.0,
12616,524435,Timor Bar,682,688,12.716666666666667,0.0,0.0,0.0,0.0,
12610,524435,Wainright Ishmail,682,688,34.96666666666667,17.0,0.0,1.0,5.0,
12622,524435,Weisz Spencer,688,682,30.483333333333334,8.0,0.0,1.0,2.0,
12631,524436,Brissett Oshae,687,1792,21.683333333333334,17.0,0.0,0.0,4.0,
12637,524436,Burg Ethan,1792,687,18.716666666666665,8.0,0.0,0.0,2.0,
12638,524436,Cacok Devontae,1792,687,19.8,12.0,0.0,0.0,0.0,
12636,524436,Chachashvili Gabriel,1792,687,14.95,0.0,0.0,1.0,0.0,
12630,524436,D. Nitay,687,1792,,0.0,0.0,0.0,0.0,
12625,524436,Hoard Jaylen,687,1792,28.8,13.0,0.0,1.0,1.0,
12629,524436,J. Clark,687,1792,18.883333333333333,7.0,0.0,1.0,1.0,
12632,524436,K. Wallace,687,1792,16.45,8.0,0.0,1.0,2.0,
12633,524436,Leaf T.J.,687,1792,16.25,4.0,0.0,0.0,0.0,
12641,524436,Levi Nimrod,1792,687,10.9,0.0,0.0,0.0,0.0,
12634,524436,Lofton Kenneth,1792,687,29.233333333333334,16.0,0.0,3.0,1.0,
12624,524436,Lundberg Gabriel,687,1792,28.933333333333334,14.0,0.0,4.0,4.0,
12628,524436,Madar Yam,687,1792,25.733333333333334,8.0,0.0,4.0,1.0,
12640,524436,Milton Shake,1792,687,28.183333333333334,14.0,0.0,5.0,2.0,
12627,524436,Rayman William,687,1792,16.933333333333334,1.0,0.0,1.0,0.0,
12639,524436,S. Luberboim,1792,687,,0.0,0.0,0.0,0.0,
12635,524436,Smith Jaleen,1792,687,23.2,5.0,0.0,4.0,1.0,
12626,524436,Sorkin Roman,687,1792,24.983333333333334,16.0,0.0,1.0,0.0,
12642,524436,Zoosman Yovel,1792,687,26.516666666666666,4.0,0.0,1.0,0.0,
12644,524437,Adams Jaylen,2731,684,37.416666666666664,23.0,0.0,4.0,5.0,
12643,524437,B. Washington,2731,684,29.866666666666667,10.0,0.0,7.0,0.0,
12649,524437,Beni Gil,2731,684,22.55,6.0,0.0,1.0,1.0,
12646,524437,Carreira Lior,2731,684,22.966666666666665,4.0,0.0,2.0,0.0,
12645,524437,Caver Ahmad,2731,684,13.866666666666667,0.0,0.0,4.0,0.0,
12656,524437,Dawson Shawn,684,2731,26.316666666666666,10.0,0.0,1.0,0.0,
12647,524437,Figueroa LJ,2731,684,30.883333333333333,28.0,0.0,1.0,6.0,
12655,524437,I. Hill,684,2731,25.966666666666665,16.0,0.0,4.0,2.0,
12648,524437,J. Allen,2731,684,,0.0,0.0,1.0,0.0,
12651,524437,J. Atias,2731,684,10.533333333333333,2.0,0.0,0.0,0.0,
12652,524437,J. Lewis,2731,684,17.166666666666668,9.0,0.0,0.0,1.0,
12653,524437,McDuffie Markis,684,2731,34.916666666666664,19.0,0.0,2.0,3.0,
12660,524437,O. Ben David,684,2731,13.966666666666667,3.0,0.0,1.0,0.0,
12650,524437,Paretsky Roy,2731,684,,2.0,0.0,1.0,0.0,
12657,524437,Q. Wahad,684,2731,35.65,9.0,0.0,3.0,0.0,
12654,524437,R. Turner,684,2731,38.68333333333333,26.0,0.0,4.0,3.0,
12658,524437,S. Shalmon,684,2731,10.416666666666666,4.0,0.0,1.0,0.0,
12659,524437,Z. Itah,684,2731,,2.0,0.0,0.0,0.0,
12661,524437,Z. Weisman,684,2731,,0.0,0.0,0.0,0.0,
12679,524747,A. Stepanovic,7524,6176,23.333333333333332,11.0,5.0,1.0,1.0,
12663,524747,Appleby Tyree,6176,7524,26.75,8.0,5.0,6.0,1.0,
12664,524747,Childs Elijah,6176,7524,33.71666666666667,11.0,5.0,3.0,1.0,
12665,524747,D. Skoulidas,6176,7524,27.116666666666667,16.0,6.0,1.0,4.0,
12674,524747,E. Hawkins,7524,6176,26.95,2.0,5.0,7.0,0.0,
12662,524747,Funderburk DJ,6176,7524,21.233333333333334,15.0,3.0,1.0,1.0,
12672,524747,Harrell Ronnie,6176,7524,25.066666666666666,7.0,9.0,3.0,0.0,
12676,524747,Howard Rob,7524,6176,26.9,17.0,10.0,0.0,3.0,
12670,524747,I. Sidiroilias,6176,7524,5.35,0.0,0.0,0.0,0.0,
12681,524747,J. Akbarov,7524,6176,6.033333333333333,0.0,0.0,0.0,0.0,
12671,524747,K. Iatridis,6176,7524,9.15,2.0,5.0,1.0,0.0,
12667,524747,Kavvadas Vasileios,6176,7524,8.85,3.0,4.0,1.0,0.0,
12668,524747,Lagios Angelos,6176,7524,3.9833333333333334,0.0,0.0,0.0,0.0,
12666,524747,Love Jermaine,6176,7524,20.55,11.0,2.0,3.0,1.0,
12678,524747,N. Nasirov,7524,6176,2.5666666666666664,0.0,1.0,0.0,0.0,
12673,524747,S. Pryce,7524,6176,33.11666666666667,12.0,4.0,3.0,2.0,
12680,524747,Starovlah Milic,7524,6176,29.4,5.0,2.0,0.0,0.0,
12669,524747,Tigkas Filippos,6176,7524,18.233333333333334,5.0,1.0,2.0,0.0,
12675,524747,U. Turgut,7524,6176,30.7,6.0,3.0,0.0,0.0,
12677,524747,Z. Hicks,7524,6176,21.0,5.0,2.0,2.0,1.0,
12696,524748,A. Muhammad,1069,5505,27.333333333333332,18.0,3.0,5.0,3.0,
12686,524748,Agva Mahir,5505,1069,26.733333333333334,12.0,6.0,4.0,0.0,
12682,524748,B. Ivey,5505,1069,15.433333333333334,7.0,2.0,3.0,0.0,
12691,524748,B. Yenice,5505,1069,1.1666666666666667,0.0,0.0,0.0,0.0,
12684,524748,Bailey Victor,5505,1069,23.166666666666668,12.0,4.0,0.0,1.0,
12694,524748,C. Eugene,1069,5505,33.86666666666667,21.0,6.0,4.0,2.0,
12689,524748,Dunn Jhonathan,5505,1069,17.083333333333332,6.0,1.0,1.0,1.0,
12693,524748,F. A. Policelli,1069,5505,31.25,12.0,4.0,1.0,4.0,
12688,524748,Gazi Erten,5505,1069,19.833333333333332,4.0,3.0,1.0,0.0,
12690,524748,Guven Egemen,5505,1069,13.266666666666667,8.0,4.0,1.0,0.0,
12699,524748,Hlivak Dalibor,1069,5505,6.666666666666667,3.0,2.0,0.0,1.0,
12697,524748,J. Coleman-Jones,1069,5505,25.533333333333335,6.0,1.0,1.0,0.0,
12702,524748,J. Massie,1069,5505,16.666666666666668,5.0,6.0,0.0,1.0,
12700,524748,J. Smith,1069,5505,25.05,2.0,2.0,3.0,0.0,
12698,524748,Jass Marek,1069,5505,1.7333333333333334,0.0,0.0,0.0,0.0,
12687,524748,M. Yilmaz,5505,1069,20.633333333333333,8.0,1.0,6.0,0.0,
12701,524748,M. Zeliznak,1069,5505,14.466666666666667,1.0,2.0,0.0,0.0,
12685,524748,Meeks John,5505,1069,19.433333333333334,8.0,6.0,2.0,0.0,
12695,524748,Novak David,1069,5505,17.45,1.0,5.0,1.0,0.0,
12683,524748,Pecarski Marko,5505,1069,26.216666666666665,15.0,16.0,0.0,0.0,
12692,524748,Y. Alisan,5505,1069,17.05,3.0,4.0,1.0,0.0,
12716,524749,A. Roberts,978,1139,31.816666666666666,18.0,3.0,1.0,2.0,
12709,524749,Busquets Josep,1139,978,18.45,8.0,6.0,1.0,2.0,
12718,524749,D. Burns,978,1139,23.366666666666667,6.0,5.0,4.0,0.0,
12717,524749,D. Marks,978,1139,24.866666666666667,18.0,4.0,3.0,2.0,
12710,524749,D. N'Guessan,1139,978,25.3,12.0,2.0,3.0,2.0,
12711,524749,D. Stenionis,1139,978,3.4833333333333334,0.0,0.0,0.0,0.0,
12720,524749,Drame Ousmane,978,1139,29.483333333333334,8.0,9.0,2.0,0.0,
12705,524749,Geben Martinas,1139,978,19.4,13.0,6.0,0.0,1.0,
12721,524749,Grasu Stefan,978,1139,17.066666666666666,5.0,1.0,2.0,1.0,
12712,524749,J. Perez,1139,978,21.466666666666665,10.0,5.0,4.0,2.0,
12704,524749,Kunc Aljaz,1139,978,15.75,5.0,6.0,2.0,1.0,
12722,524749,Kuti Nandor,978,1139,23.983333333333334,0.0,0.0,2.0,0.0,
12713,524749,Maric Nikola,1139,978,17.566666666666666,7.0,2.0,1.0,0.0,
12707,524749,Martinez Sergi,1139,978,20.7,1.0,3.0,1.0,0.0,
12703,524749,McClung Mac,1139,978,21.366666666666667,16.0,3.0,2.0,1.0,
12706,524749,Pluta Andrzej,1139,978,15.966666666666667,4.0,2.0,3.0,0.0,
12719,524749,R. Mandisodza,978,1139,7.983333333333333,0.0,1.0,0.0,0.0,
12715,524749,R. Novitskyi,978,1139,10.083333333333334,2.0,1.0,0.0,0.0,
12708,524749,S. Whittaker,1139,978,20.55,11.0,2.0,4.0,2.0,
12714,524749,Stark Jonathan,978,1139,31.35,18.0,1.0,3.0,3.0,
12726,524750,Allen Trevon,1395,481,24.083333333333332,7.0,4.0,3.0,2.0,
12732,524750,C. Giannaras,1395,481,3.216666666666667,0.0,0.0,2.0,0.0,
12733,524750,Crockett Jaye,1395,481,13.383333333333333,7.0,1.0,0.0,0.0,
12725,524750,Flowers Tyrn,1395,481,28.016666666666666,24.0,6.0,1.0,5.0,
12724,524750,Givance Shamar,1395,481,23.533333333333335,14.0,1.0,5.0,1.0,
12727,524750,Grimes Nathanial,1395,481,24.166666666666668,9.0,13.0,0.0,0.0,
12739,524750,I. Sidorov,481,1395,25.2,2.0,2.0,6.0,0.0,
12735,524750,J. C. Jones,481,1395,28.733333333333334,13.0,4.0,5.0,3.0,
12743,524750,J. Heinonen,481,1395,26.316666666666666,9.0,7.0,4.0,2.0,
12741,524750,J. Roman,481,1395,10.3,3.0,0.0,1.0,1.0,
12738,524750,K. Dubults,481,1395,20.8,9.0,7.0,1.0,1.0,
12742,524750,K. Lootus,481,1395,11.233333333333333,0.0,2.0,1.0,0.0,
12744,524750,K. Suurorg,481,1395,12.266666666666667,0.0,2.0,0.0,0.0,
12737,524750,Kirves Mihkel,481,1395,26.0,18.0,6.0,1.0,1.0,
12728,524750,Koumis Michalis,1395,481,2.1166666666666667,0.0,0.0,0.0,0.0,
12729,524750,M. Karagiannis,1395,481,3.216666666666667,3.0,1.0,0.0,1.0,
12723,524750,Michail Simon,1395,481,25.15,11.0,3.0,8.0,0.0,
12731,524750,Pasiali Ioannis,1395,481,12.316666666666666,4.0,0.0,0.0,0.0,
12736,524750,R. Hermet,481,1395,17.183333333333334,7.0,1.0,1.0,0.0,
12730,524750,S. Tigkas,1395,481,25.566666666666666,3.0,3.0,2.0,1.0,
12734,524750,Stylianou Nikolaos,1395,481,15.233333333333333,6.0,4.0,1.0,2.0,
12740,524750,T. Tsartsidze,481,1395,21.966666666666665,9.0,5.0,2.0,3.0,
12759,524810,A. Clark,165,7326,25.116666666666667,3.0,7.0,0.0,0.0,
12760,524810,A. James,165,7326,7.85,2.0,0.0,0.0,0.0,
12757,524810,A. Ogunbowale,165,7326,33.95,30.0,5.0,2.0,3.0,
12750,524810,Charles Kaila,7326,165,27.5,10.0,6.0,1.0,2.0,
12751,524810,K. Chen,7326,165,6.866666666666667,0.0,3.0,0.0,0.0,
12747,524810,K. Stokes,7326,165,34.766666666666666,6.0,13.0,3.0,0.0,
12756,524810,Kuier Awak,165,7326,33.266666666666666,6.0,4.0,1.0,0.0,
12754,524810,M. Siegrist,165,7326,9.95,0.0,6.0,0.0,0.0,
12761,524810,O. Sims,165,7326,11.933333333333334,3.0,1.0,2.0,1.0,
12758,524810,P. Bueckers,165,7326,38.1,17.0,1.0,6.0,1.0,
12753,524810,Salaun Janelle,7326,165,7.55,3.0,0.0,0.0,1.0,
12755,524810,Shepard Jessica,165,7326,39.833333333333336,12.0,12.0,2.0,0.0,
12752,524810,T. Hayes,7326,165,26.75,18.0,4.0,2.0,2.0,
12746,524810,Thornton Kayla,7326,165,13.7,0.0,0.0,1.0,0.0,
12748,524810,V. Burton,7326,165,36.666666666666664,16.0,10.0,6.0,1.0,
12745,524810,Williams Gabby,7326,165,30.6,19.0,4.0,2.0,3.0,
12749,524810,Zandalasini Cecilia,7326,165,15.6,5.0,0.0,2.0,0.0,
12766,524811,A. Gray,162,170,10.783333333333333,7.0,1.0,0.0,1.0,
12764,524811,A. Reese,162,170,33.78333333333333,17.0,7.0,2.0,1.0,
12774,524811,Astier Pauline,170,162,21.233333333333334,9.0,6.0,1.0,1.0,
12772,524811,B. Stewart,170,162,40.0,19.0,2.0,3.0,1.0,
12767,524811,D. Bonner,162,170,30.383333333333333,23.0,9.0,2.0,3.0,
12777,524811,Fauthoux Marine,170,162,11.516666666666667,0.0,2.0,3.0,0.0,
12771,524811,Fiebich Leonie,170,162,35.68333333333333,9.0,7.0,3.0,3.0,
12778,524811,Gardner Rebekah,170,162,3.95,0.0,0.0,0.0,0.0,
12780,524811,Han Xu,170,162,8.35,3.0,2.0,1.0,1.0,
12768,524811,I. Borlase,162,170,10.416666666666666,2.0,1.0,0.0,0.0,
12765,524811,J. Canada,162,170,31.883333333333333,25.0,1.0,4.0,4.0,
12773,524811,J. Jones,170,162,31.65,12.0,11.0,4.0,2.0,
12779,524811,Johannes Marine,170,162,9.35,3.0,0.0,1.0,0.0,
12769,524811,M. Okot,162,170,2.1166666666666667,0.0,2.0,0.0,0.0,
12763,524811,N. Hillmon-Baker,162,170,36.63333333333333,0.0,4.0,4.0,0.0,
12776,524811,R. Allen,170,162,4.316666666666666,0.0,0.0,0.0,0.0,
12762,524811,R. Howard,162,170,40.0,16.0,8.0,8.0,1.0,
12775,524811,S. Ionescu,170,162,33.95,27.0,4.0,1.0,3.0,
12770,524811,T. Paopao,162,170,4.0,2.0,1.0,0.0,0.0,
12783,524812,A. Reese,162,170,39.1,23.0,7.0,2.0,1.0,
12792,524812,Astier Pauline,170,162,14.1,5.0,1.0,1.0,1.0,
12790,524812,B. Stewart,170,162,43.016666666666666,35.0,11.0,6.0,2.0,
12781,524812,D. Bonner,162,170,34.45,10.0,4.0,3.0,1.0,
12794,524812,Fauthoux Marine,170,162,30.833333333333332,20.0,6.0,4.0,4.0,
12789,524812,Fiebich Leonie,170,162,42.78333333333333,4.0,5.0,3.0,0.0,
12796,524812,Gardner Rebekah,170,162,5.8,3.0,0.0,1.0,1.0,
12795,524812,Han Xu,170,162,6.933333333333334,0.0,0.0,0.0,0.0,
12786,524812,I. Borlase,162,170,13.633333333333333,11.0,4.0,0.0,3.0,
12785,524812,J. Canada,162,170,39.333333333333336,23.0,5.0,8.0,3.0,
12791,524812,J. Jones,170,162,38.0,21.0,8.0,0.0,2.0,
12798,524812,Johannes Marine,170,162,3.216666666666667,0.0,0.0,1.0,0.0,
12788,524812,M. Okot,162,170,0.95,0.0,0.0,0.0,0.0,
12782,524812,N. Hillmon-Baker,162,170,43.5,12.0,8.0,5.0,1.0,
12797,524812,R. Allen,170,162,2.0,0.0,1.0,0.0,0.0,
12784,524812,R. Howard,162,170,43.65,18.0,7.0,4.0,2.0,
12793,524812,S. Ionescu,170,162,38.35,10.0,4.0,7.0,2.0,
12787,524812,T. Paopao,162,170,10.4,4.0,0.0,0.0,1.0,
12809,524918,A. Al Mukhtar,6627,4418,12.566666666666666,0.0,3.0,0.0,0.0,
12816,524918,A. Alalawi,6627,4418,29.133333333333333,8.0,6.0,1.0,2.0,
12813,524918,A. Almarwani,6627,4418,2.066666666666667,0.0,0.0,0.0,0.0,
12808,524918,Alsuwailem Mohammed,6627,4418,35.266666666666666,15.0,15.0,2.0,0.0,
12811,524918,Creek Mitchell,6627,4418,37.983333333333334,6.0,12.0,6.0,0.0,
12800,524918,D. Williams,4418,6627,38.1,29.0,11.0,0.0,3.0,
12803,524918,Gyokchyan Hayk,4418,6627,36.03333333333333,12.0,8.0,5.0,0.0,
12812,524918,H. Hussain,6627,4418,0.06666666666666667,0.0,0.0,0.0,0.0,
12814,524918,M. Alkhater,6627,4418,1.25,0.0,0.0,0.0,0.0,
12804,524918,Mansour Ali,4418,6627,17.083333333333332,2.0,4.0,4.0,0.0,
12807,524918,Michineau David,6627,4418,40.0,19.0,10.0,2.0,1.0,
12805,524918,N. Rabay,4418,6627,5.583333333333333,0.0,0.0,0.0,0.0,
12799,524918,N. West,4418,6627,37.85,12.0,9.0,3.0,0.0,
12810,524918,Stewart Elijah,6627,4418,40.0,30.0,2.0,1.0,3.0,
12806,524918,Tabbara Mohamad,4418,6627,1.8833333333333333,0.0,0.0,1.0,0.0,
12815,524918,Y. Aljohani,6627,4418,1.6666666666666665,0.0,0.0,0.0,0.0,
12802,524918,Z. Lofton,4418,6627,31.35,21.0,3.0,7.0,5.0,
12801,524918,Zeinoun Karim,4418,6627,31.983333333333334,6.0,3.0,1.0,0.0,
12833,524919,A. Asadallah,5998,6465,0.6833333333333333,0.0,0.0,0.0,0.0,
12818,524919,A. English,6465,5998,38.6,23.0,7.0,6.0,4.0,
12824,524919,A. Mezher,6465,5998,21.016666666666666,5.0,1.0,4.0,1.0,
12828,524919,C. Brown,5998,6465,30.75,20.0,4.0,1.0,2.0,
12827,524919,D. Grant,5998,6465,37.93333333333333,20.0,5.0,5.0,0.0,
12821,524919,D. Washington,6465,5998,40.0,22.0,10.0,8.0,0.0,
12822,524919,Ezzeddine Karim,6465,5998,20.2,7.0,4.0,0.0,1.0,
12819,524919,G. Hadidian,6465,5998,18.116666666666667,4.0,3.0,1.0,0.0,
12829,524919,H. Hasan,5998,6465,34.7,11.0,4.0,0.0,1.0,
12825,524919,J. Aby Kheres,6465,5998,3.35,0.0,1.0,0.0,0.0,
12817,524919,Jones Jamal,6465,5998,24.833333333333332,18.0,4.0,0.0,3.0,
12835,524919,K. F. Alghais A.,5998,6465,17.033333333333335,0.0,2.0,1.0,0.0,
12823,524919,Khoueiry Marc,6465,5998,7.333333333333333,0.0,2.0,0.0,0.0,
12830,524919,M. Hasan,5998,6465,27.083333333333332,11.0,4.0,4.0,1.0,
12826,524919,Moussa Roudy,6465,5998,6.266666666666667,0.0,0.0,0.0,0.0,
12834,524919,O. Jawhar,5998,6465,12.333333333333334,2.0,4.0,0.0,0.0,
12831,524919,Onuaku Chinanu,5998,6465,26.966666666666665,10.0,12.0,1.0,0.0,
12836,524919,S. Alshammari,5998,6465,10.833333333333334,0.0,1.0,0.0,0.0,
12832,524919,T. Alshemmari,5998,6465,1.6833333333333333,0.0,0.0,0.0,0.0,
12820,524919,Y. Khayat,6465,5998,20.283333333333335,8.0,5.0,0.0,0.0,
12847,524922,A. Birzina,4856,797,12.9,0.0,2.0,1.0,0.0,
12844,524922,A. Kocetkova,4856,797,19.85,1.0,4.0,1.0,0.0,
12841,524922,B. Rimkeviciute,797,4856,21.55,3.0,1.0,3.0,1.0,
12842,524922,D. Jankauskaite,797,4856,6.916666666666667,2.0,0.0,0.0,0.0,
12840,524922,Draksaite Karolina,797,4856,33.083333333333336,5.0,5.0,5.0,1.0,
12838,524922,Jureviciute Auste,797,4856,30.6,10.0,1.0,1.0,2.0,
12843,524922,K. Petrova,4856,797,31.983333333333334,26.0,3.0,1.0,6.0,
12846,524922,M. Aploka,4856,797,24.45,10.0,3.0,5.0,1.0,
12845,524922,M. Plorina,4856,797,31.25,28.0,10.0,3.0,2.0,
12848,524922,N. Mikale,4856,797,3.6,0.0,0.0,1.0,0.0,
12837,524922,Paulauskaite Gintare,797,4856,38.06666666666667,18.0,4.0,2.0,0.0,
12839,524922,Savostaite Gedvile,797,4856,33.2,13.0,14.0,4.0,0.0,
12864,524924,A. Vaitekunaite,801,800,22.483333333333334,4.0,2.0,1.0,1.0,
12859,524924,B. Prismontaite,800,801,4.766666666666667,3.0,0.0,0.0,1.0,
12851,524924,Becker Niyah,800,801,20.2,19.0,4.0,0.0,1.0,
12852,524924,D. Use,800,801,19.283333333333335,8.0,3.0,0.0,0.0,
12870,524924,E. Ceilutkaite,801,800,1.7,0.0,0.0,0.0,0.0,
12858,524924,G. Galvanauskaite,800,801,19.8,11.0,10.0,1.0,0.0,
12862,524924,G. Woolley,801,800,29.45,16.0,5.0,2.0,1.0,
12868,524924,K. Thomas,801,800,23.166666666666668,10.0,6.0,0.0,0.0,
12854,524924,Labuckiene Giedre,800,801,20.716666666666665,4.0,5.0,0.0,0.0,
12866,524924,M. Latu,801,800,21.566666666666666,9.0,6.0,4.0,0.0,
12861,524924,M. Smite,801,800,24.0,6.0,3.0,1.0,0.0,
12855,524924,Meskonyte Gabija,800,801,24.3,11.0,3.0,4.0,0.0,
12853,524924,Miknaite Justina,800,801,24.366666666666667,5.0,3.0,6.0,0.0,
12850,524924,N. Woolfolk,800,801,19.1,15.0,4.0,3.0,1.0,
12860,524924,Paliulyte Dominyka,800,801,13.466666666666667,1.0,1.0,1.0,0.0,
12865,524924,S. Lipe,801,800,21.166666666666668,14.0,2.0,1.0,3.0,
12863,524924,Sedereviciute Gabriele,801,800,26.65,6.0,1.0,1.0,0.0,
12856,524924,Sinickaite Brigita,800,801,8.033333333333333,0.0,1.0,4.0,0.0,
12857,524924,U. Gureviciute,800,801,6.833333333333333,0.0,0.0,0.0,0.0,
12867,524924,V. Balaban,801,800,14.216666666666667,2.0,1.0,0.0,0.0,
12869,524924,V. Griskute,801,800,15.6,4.0,5.0,5.0,0.0,
12849,524924,Z. Wadoux,800,801,19.133333333333333,13.0,3.0,4.0,0.0,
12888,524925,A. Brackute,2320,3430,15.633333333333333,2.0,2.0,0.0,0.0,
12884,524925,A. Pusinskaite,2320,3430,20.883333333333333,15.0,1.0,0.0,2.0,
12873,524925,A. Warren,3430,2320,31.25,21.0,3.0,4.0,3.0,
12877,524925,E. Hardaway,3430,2320,24.483333333333334,11.0,1.0,5.0,0.0,
12879,524925,E. Kuttis,2320,3430,14.05,1.0,1.0,3.0,0.0,
12881,524925,G. Nemes,2320,3430,23.333333333333332,6.0,5.0,1.0,2.0,
12880,524925,K. Muzikante,2320,3430,19.783333333333335,20.0,5.0,0.0,4.0,
12887,524925,L. Brazdeikyte,2320,3430,19.45,3.0,3.0,2.0,1.0,
12871,524925,M. Doksaite,3430,2320,17.9,3.0,1.0,2.0,1.0,
12878,524925,M. Kisarauskaite,3430,2320,21.433333333333334,9.0,4.0,5.0,1.0,
12874,524925,O. Boiko,3430,2320,28.716666666666665,12.0,4.0,1.0,2.0,
12886,524925,Pereira Maiara,2320,3430,24.883333333333333,11.0,7.0,2.0,1.0,
12883,524925,Pereira Maisa,2320,3430,21.516666666666666,10.0,4.0,3.0,2.0,
12885,524925,Pliatkute Neda,2320,3430,19.716666666666665,2.0,3.0,3.0,0.0,
12872,524925,S. Tarkovicova,3430,2320,28.55,5.0,4.0,2.0,1.0,
12875,524925,Sventoraite Egle,3430,2320,22.3,19.0,7.0,1.0,0.0,
12876,524925,T. O'Brien,3430,2320,25.366666666666667,24.0,3.0,6.0,2.0,
12882,524925,T. Simonova,2320,3430,20.75,14.0,3.0,2.0,2.0,
12900,524926,A. Lace,6261,7520,15.583333333333334,1.0,3.0,0.0,0.0,
12890,524926,A. Priedite,6261,7520,22.1,10.0,7.0,2.0,0.0,
12889,524926,A. Ulle,6261,7520,10.2,7.0,1.0,2.0,1.0,
12907,524926,A. Vitunskaite,7520,6261,7.25,0.0,3.0,2.0,0.0,
12892,524926,D. Ivanova,6261,7520,13.3,3.0,2.0,0.0,1.0,
12903,524926,D. Saurazaite,7520,6261,35.166666666666664,19.0,3.0,5.0,2.0,
12893,524926,E. Omula,6261,7520,13.233333333333333,0.0,3.0,1.0,0.0,
12908,524926,I. Stankeviciute,7520,6261,18.566666666666666,6.0,3.0,0.0,0.0,
12901,524926,J. Leskauskaite,7520,6261,31.416666666666668,10.0,9.0,1.0,0.0,
12899,524926,L. Kikuste,6261,7520,16.75,10.0,4.0,1.0,1.0,
12894,524926,M. Culkstena,6261,7520,19.3,5.0,1.0,2.0,0.0,
12895,524926,M. Lagunovica,6261,7520,14.666666666666666,6.0,5.0,1.0,1.0,
12906,524926,M. Sauliute,7520,6261,25.916666666666668,12.0,1.0,3.0,1.0,
12902,524926,Mikelionyte Saule,7520,6261,30.033333333333335,15.0,5.0,0.0,2.0,
12897,524926,N. Graudina,6261,7520,15.65,14.0,0.0,1.0,4.0,
12904,524926,N. Merkotun,7520,6261,18.9,4.0,1.0,0.0,0.0,
12898,524926,P. Tikmere,6261,7520,18.416666666666668,8.0,5.0,1.0,0.0,
12896,524926,S. Ozola,6261,7520,19.483333333333334,14.0,3.0,4.0,3.0,
12905,524926,Stipra Ruta,7520,6261,32.733333333333334,13.0,7.0,4.0,0.0,
12891,524926,Z. Dzenite,6261,7520,21.316666666666666,12.0,8.0,3.0,0.0,
12923,524927,A. Antanaviciute,7980,7520,25.033333333333335,4.0,7.0,0.0,0.0,
12917,524927,A. Butvilaite,7980,7520,12.15,0.0,4.0,0.0,0.0,
12922,524927,A. Suhak,7980,7520,27.6,3.0,6.0,0.0,0.0,
12916,524927,A. Vitunskaite,7520,7980,11.233333333333333,3.0,2.0,0.0,0.0,
12909,524927,D. Saurazaite,7520,7980,32.55,14.0,2.0,3.0,3.0,
12924,524927,G. Strolyte,7980,7520,11.85,0.0,2.0,1.0,0.0,
12912,524927,I. Stankeviciute,7520,7980,22.95,10.0,1.0,0.0,1.0,
12915,524927,K. Kardokaite,7520,7980,9.816666666666666,0.0,4.0,2.0,0.0,
12921,524927,K. Zukaite,7980,7520,27.15,8.0,2.0,1.0,2.0,
12914,524927,M. Sauliute,7520,7980,23.05,7.0,7.0,6.0,0.0,
12913,524927,Mikelionyte Saule,7520,7980,35.53333333333333,18.0,10.0,3.0,1.0,
12910,524927,N. Merkotun,7520,7980,26.583333333333332,11.0,2.0,4.0,3.0,
12925,524927,R. Rusoviciute,7980,7520,8.5,2.0,1.0,0.0,0.0,
12918,524927,S. Dickson,7980,7520,37.18333333333333,30.0,9.0,1.0,4.0,
12920,524927,S. Okockyte-Balkojiene,7980,7520,38.28333333333333,19.0,5.0,7.0,1.0,
12911,524927,Stipra Ruta,7520,7980,38.28333333333333,12.0,8.0,4.0,0.0,
12919,524927,T. Marks,7980,7520,12.233333333333333,4.0,3.0,0.0,0.0,
12933,524928,A. Birzina,4856,4860,13.9,0.0,4.0,0.0,0.0,
12938,524928,A. Brence,4860,4856,21.7,6.0,1.0,1.0,1.0,
12927,524928,A. Kocetkova,4856,4860,17.85,8.0,6.0,2.0,0.0,
12932,524928,D. Veidera,4856,4860,7.2,2.0,1.0,2.0,0.0,
12931,524928,E. Brokane,4856,4860,21.6,0.0,4.0,1.0,0.0,
12935,524928,E. Glazina,4856,4860,12.916666666666666,0.0,2.0,0.0,0.0,
12942,524928,E. Gulbe,4860,4856,6.05,0.0,1.0,0.0,0.0,
12939,524928,E. Sirsnina,4860,4856,20.75,9.0,2.0,3.0,1.0,
12937,524928,E. Trofimenko,4860,4856,25.166666666666668,15.0,3.0,4.0,5.0,
12930,524928,K. Balode,4856,4860,29.483333333333334,20.0,6.0,0.0,2.0,
12943,524928,K. Hauka,4860,4856,17.233333333333334,9.0,3.0,1.0,0.0,
12945,524928,K. Joma,4860,4856,13.533333333333333,2.0,2.0,3.0,0.0,
12926,524928,K. Petrova,4856,4860,29.383333333333333,8.0,1.0,3.0,0.0,
12929,524928,M. Aploka,4856,4860,30.0,1.0,1.0,3.0,0.0,
12944,524928,M. Perse,4860,4856,23.45,10.0,12.0,1.0,0.0,
12928,524928,M. Plorina,4856,4860,31.483333333333334,19.0,5.0,1.0,1.0,
12940,524928,M. Sakalova,4860,4856,23.533333333333335,6.0,7.0,1.0,0.0,
12934,524928,N. Mikale,4856,4860,6.183333333333334,4.0,0.0,0.0,0.0,
12936,524928,S. Gabranova,4860,4856,31.733333333333334,11.0,6.0,2.0,1.0,
12941,524928,U. Steinharde,4860,4856,16.85,7.0,1.0,5.0,1.0,
12958,524929,A. Warren,3430,800,30.483333333333334,9.0,3.0,2.0,1.0,
12948,524929,Becker Niyah,800,3430,22.8,20.0,3.0,1.0,5.0,
12949,524929,D. Use,800,3430,23.533333333333335,10.0,2.0,1.0,0.0,
12962,524929,E. Hardaway,3430,800,23.3,8.0,5.0,2.0,0.0,
12954,524929,G. Galvanauskaite,800,3430,17.2,10.0,5.0,1.0,0.0,
12953,524929,Labuckiene Giedre,800,3430,16.466666666666665,3.0,3.0,2.0,0.0,
12961,524929,M. Doksaite,3430,800,19.333333333333332,0.0,0.0,1.0,0.0,
12963,524929,M. Kisarauskaite,3430,800,20.833333333333332,7.0,2.0,0.0,1.0,
12951,524929,Meskonyte Gabija,800,3430,20.0,11.0,8.0,5.0,2.0,
12950,524929,Miknaite Justina,800,3430,22.133333333333333,6.0,6.0,1.0,0.0,
12947,524929,N. Woolfolk,800,3430,22.083333333333332,17.0,1.0,4.0,3.0,
12959,524929,O. Boiko,3430,800,26.016666666666666,4.0,5.0,1.0,1.0,
12955,524929,Paliulyte Dominyka,800,3430,16.566666666666666,4.0,0.0,1.0,0.0,
12957,524929,S. Tarkovicova,3430,800,25.2,13.0,0.0,0.0,3.0,
12952,524929,Sinickaite Brigita,800,3430,14.583333333333334,11.0,2.0,3.0,0.0,
12960,524929,Sventoraite Egle,3430,800,24.9,14.0,4.0,1.0,0.0,
12956,524929,T. O'Brien,3430,800,29.933333333333334,21.0,2.0,3.0,0.0,
12946,524929,Z. Wadoux,800,3430,24.633333333333333,10.0,8.0,2.0,2.0,
12977,524930,A. Griffin,4837,801,31.1,27.0,8.0,2.0,1.0,
12979,524930,A. Ozolina,4837,801,0.06666666666666667,0.0,0.0,0.0,0.0,
12969,524930,A. Vaitekunaite,801,4837,11.316666666666666,0.0,1.0,0.0,0.0,
12980,524930,E. Kivite,4837,801,17.633333333333333,6.0,3.0,2.0,2.0,
12974,524930,E. Viksne,4837,801,30.333333333333332,3.0,5.0,8.0,0.0,
12967,524930,G. Woolley,801,4837,32.266666666666666,32.0,4.0,1.0,3.0,
12976,524930,K. Pilabere,4837,801,23.383333333333333,5.0,5.0,2.0,0.0,
12971,524930,K. Thomas,801,4837,22.933333333333334,11.0,6.0,0.0,0.0,
12973,524930,L. Grunmann,4837,801,16.4,9.0,0.0,1.0,1.0,
12964,524930,M. Latu,801,4837,24.1,8.0,1.0,1.0,0.0,
12965,524930,M. Smite,801,4837,31.45,10.0,8.0,6.0,0.0,
12982,524930,P. Maurina,4837,801,20.683333333333334,5.0,2.0,0.0,0.0,
12975,524930,Pulvere Ieva,4837,801,28.316666666666666,4.0,4.0,2.0,0.0,
12978,524930,R. Benton,4837,801,26.216666666666665,18.0,6.0,0.0,2.0,
12968,524930,S. Lipe,801,4837,26.783333333333335,8.0,7.0,0.0,2.0,
12981,524930,S. Skrebele,4837,801,1.5,0.0,0.0,0.0,0.0,
12966,524930,Sedereviciute Gabriele,801,4837,21.533333333333335,2.0,9.0,3.0,0.0,
12970,524930,V. Balaban,801,4837,18.75,10.0,1.0,3.0,2.0,
12972,524930,V. Griskute,801,4837,10.883333333333333,1.0,1.0,0.0,0.0,
12994,524931,A. Lace,6261,797,7.7,0.0,1.0,0.0,0.0,
12984,524931,A. Priedite,6261,797,16.4,5.0,1.0,0.0,0.0,
12983,524931,A. Ulle,6261,797,24.0,5.0,1.0,3.0,1.0,
12999,524931,B. Rimkeviciute,797,6261,44.21666666666667,16.0,7.0,2.0,4.0,
12991,524931,D. Galdina,6261,797,9.283333333333333,0.0,4.0,0.0,0.0,
12992,524931,D. Ivanova,6261,797,36.45,18.0,10.0,0.0,1.0,
13000,524931,D. Jankauskaite,797,6261,5.166666666666667,0.0,2.0,0.0,0.0,
12998,524931,Draksaite Karolina,797,6261,50.0,17.0,6.0,11.0,3.0,
12987,524931,E. Omula,6261,797,27.166666666666668,0.0,8.0,0.0,0.0,
12989,524931,E. Vambute,6261,797,7.3,2.0,3.0,0.0,0.0,
12997,524931,G. Liuzinaite,797,6261,30.516666666666666,11.0,7.0,1.0,1.0,
12996,524931,Jureviciute Auste,797,6261,37.63333333333333,5.0,1.0,4.0,1.0,
13001,524931,K. Krisciunaite,797,6261,4.266666666666667,3.0,0.0,0.0,1.0,
12993,524931,L. Kikuste,6261,797,12.283333333333333,2.0,1.0,1.0,0.0,
12988,524931,M. Lagunovica,6261,797,20.55,5.0,5.0,3.0,1.0,
12990,524931,N. Graudina,6261,797,27.75,26.0,3.0,1.0,5.0,
12995,524931,Paulauskaite Gintare,797,6261,50.0,33.0,8.0,2.0,1.0,
13002,524931,R. Utkaite,797,6261,28.2,10.0,2.0,1.0,2.0,
12985,524931,S. Ozola,6261,797,30.85,12.0,3.0,5.0,0.0,
12986,524931,Z. Dzenite,6261,797,30.25,17.0,8.0,3.0,0.0,
13006,524943,A. Daley,6552,2240,39.36666666666667,29.0,4.0,2.0,2.0,
13014,524943,Aline Moura,2240,6552,35.13333333333333,16.0,4.0,2.0,1.0,
13008,524943,C. Abarca,6552,2240,,0.0,0.0,0.0,0.0,
13016,524943,Debora,2240,6552,39.63333333333333,6.0,7.0,5.0,2.0,
13010,524943,E. Astudillo,6552,2240,0.36666666666666664,0.0,0.0,0.0,0.0,
13013,524943,Evelyn,2240,6552,15.966666666666667,0.0,6.0,1.0,0.0,
13003,524943,J. Jackson,6552,2240,33.3,12.0,5.0,0.0,1.0,
13005,524943,J. Reyes,6552,2240,12.216666666666667,0.0,3.0,1.0,0.0,
13019,524943,Ju Souza,2240,6552,21.833333333333332,11.0,7.0,0.0,0.0,
13020,524943,Koerich,2240,6552,4.733333333333333,0.0,0.0,0.0,0.0,
13021,524943,Lau,2240,6552,6.933333333333334,2.0,2.0,1.0,0.0,
13009,524943,M. Cabrera,6552,2240,1.7,0.0,0.0,0.0,0.0,
13017,524943,M. Marcal,2240,6552,36.983333333333334,25.0,4.0,2.0,4.0,
13015,524943,Mika,2240,6552,38.28333333333333,11.0,3.0,4.0,3.0,
13018,524943,Pietra,2240,6552,0.5,0.0,0.0,0.0,0.0,
13012,524943,R. Diaz,6552,2240,13.1,4.0,1.0,3.0,0.0,
13007,524943,S. Moore,6552,2240,38.666666666666664,18.0,8.0,2.0,0.0,
13004,524943,T. Garcia,6552,2240,34.333333333333336,10.0,3.0,5.0,3.0,
13011,524943,V. Ojeda,6552,2240,23.933333333333334,7.0,3.0,2.0,2.0,
13032,524944,A. McDonald,6550,7949,25.4,10.0,8.0,3.0,0.0,
13033,524944,A. San Juan,6550,7949,22.1,17.0,1.0,3.0,3.0,
13027,524944,A. Wislon,7949,6550,13.666666666666666,5.0,5.0,1.0,0.0,
13024,524944,B. Turnage,7949,6550,9.283333333333333,4.0,6.0,0.0,0.0,
13026,524944,C. Cardenas,7949,6550,21.933333333333334,4.0,2.0,0.0,0.0,
13034,524944,C. Clarke,6550,7949,31.066666666666666,8.0,8.0,4.0,0.0,
13035,524944,D. Waithe,6550,7949,28.916666666666668,5.0,5.0,1.0,0.0,
13029,524944,E. Delgado,7949,6550,0.7166666666666667,0.0,0.0,0.0,0.0,
13037,524944,F. Amen-Ra,6550,7949,12.666666666666666,4.0,2.0,1.0,0.0,
13031,524944,G. Ahumada,7949,6550,7.233333333333333,0.0,0.0,0.0,0.0,
13039,524944,I. Gonzalez,6550,7949,8.35,2.0,1.0,1.0,0.0,
13022,524944,J. Allen,7949,6550,30.166666666666668,17.0,4.0,5.0,3.0,
13023,524944,J. Campos,7949,6550,25.566666666666666,6.0,1.0,4.0,0.0,
13040,524944,K. Richardson,6550,7949,17.783333333333335,13.0,5.0,0.0,0.0,
13025,524944,L. Da Silva,7949,6550,31.983333333333334,6.0,6.0,4.0,1.0,
13038,524944,M. Mizukawa,6550,7949,21.633333333333333,3.0,2.0,4.0,1.0,
13030,524944,M. Orellana,7949,6550,31.566666666666666,10.0,2.0,0.0,1.0,
13028,524944,M. Retamales,7949,6550,27.883333333333333,20.0,1.0,0.0,4.0,
13036,524944,R. Julien,6550,7949,32.083333333333336,17.0,3.0,3.0,2.0,
13047,524945,A. Garcia,3436,7948,23.2,7.0,0.0,3.0,0.0,
13043,524945,A. Romagnoli,3436,7948,16.3,2.0,0.0,2.0,0.0,
13048,524945,C. Oliveira,3436,7948,17.6,5.0,0.0,0.0,0.0,
13050,524945,D. Piri,3436,7948,19.766666666666666,15.0,5.0,5.0,2.0,
13045,524945,G. Baccarelli,3436,7948,25.816666666666666,8.0,2.0,0.0,0.0,
13054,524945,G. Guimares,7948,3436,27.566666666666666,16.0,7.0,2.0,3.0,
13051,524945,G. Tiscornia,7948,3436,20.266666666666666,3.0,0.0,1.0,1.0,
13041,524945,Goncalves Sassa,3436,7948,31.516666666666666,26.0,7.0,6.0,4.0,
13058,524945,J. Lauber,7948,3436,18.016666666666666,7.0,0.0,2.0,0.0,
13055,524945,J. Rivera,7948,3436,25.133333333333333,4.0,11.0,1.0,0.0,
13059,524945,L. Barbato,7948,3436,11.35,5.0,0.0,1.0,0.0,
13044,524945,L. Sampietro,3436,7948,17.816666666666666,13.0,1.0,0.0,3.0,
13046,524945,M. Osuna,3436,7948,17.1,6.0,1.0,0.0,2.0,
13061,524945,M. Oyarzabal,7948,3436,9.233333333333333,0.0,0.0,0.0,0.0,
13049,524945,M. Torres,3436,7948,14.466666666666667,8.0,3.0,0.0,0.0,
13053,524945,N. Tapari,7948,3436,34.016666666666666,18.0,6.0,0.0,2.0,
13042,524945,P. Carra,3436,7948,16.416666666666668,4.0,4.0,1.0,0.0,
13060,524945,P. Figueredo,7948,3436,0.6166666666666667,0.0,0.0,0.0,0.0,
13052,524945,Pereira,7948,3436,31.666666666666668,18.0,2.0,5.0,4.0,
13056,524945,S. Bimpa,7948,3436,19.4,11.0,5.0,1.0,1.0,
13057,524945,S. Herrera,7948,3436,2.7333333333333334,0.0,1.0,0.0,0.0,
13065,525085,A. Almarwani,6627,5998,5.05,0.0,2.0,0.0,0.0,
13074,525085,A. Asadallah,5998,6627,5.1,0.0,0.0,0.0,0.0,
13064,525085,Creek Mitchell,6627,5998,38.4,30.0,8.0,1.0,0.0,
13070,525085,D. Grant,5998,6627,38.31666666666667,20.0,5.0,10.0,2.0,
13067,525085,H. Hussain,6627,5998,,0.0,1.0,0.0,0.0,
13072,525085,K. F. Alghais A.,5998,6627,13.433333333333334,9.0,0.0,1.0,3.0,
13068,525085,M. Alkhater,6627,5998,0.7666666666666667,0.0,0.0,0.0,0.0,
13066,525085,M. Alsaqer,6627,5998,7.4,0.0,2.0,0.0,0.0,
13063,525085,Michineau David,6627,5998,33.2,8.0,4.0,7.0,0.0,
13075,525085,O. Jawhar,5998,6627,13.016666666666667,5.0,2.0,0.0,0.0,
13071,525085,Onuaku Chinanu,5998,6627,29.45,23.0,10.0,4.0,0.0,
13076,525085,S. Alshammari,5998,6627,6.616666666666667,0.0,0.0,0.0,0.0,
13062,525085,Stewart Elijah,6627,5998,35.05,24.0,4.0,7.0,1.0,
13073,525085,T. Alshemmari,5998,6627,16.833333333333332,3.0,2.0,0.0,1.0,
13069,525085,Y. Aljohani,6627,5998,3.4833333333333334,0.0,0.0,0.0,0.0,
13087,525086,A. English,6465,4418,39.55,7.0,1.0,7.0,1.0,
13093,525086,A. Mezher,6465,4418,23.966666666666665,6.0,2.0,1.0,0.0,
13089,525086,D. Washington,6465,4418,33.65,9.0,11.0,5.0,0.0,
13078,525086,D. Williams,4418,6465,34.03333333333333,11.0,7.0,1.0,0.0,
13088,525086,G. Hadidian,6465,4418,18.733333333333334,13.0,5.0,0.0,0.0,
13081,525086,Gyokchyan Hayk,4418,6465,35.2,13.0,10.0,3.0,2.0,
13086,525086,Jones Jamal,6465,4418,37.483333333333334,9.0,8.0,0.0,0.0,
13092,525086,K. Ezzedine,6465,4418,27.25,17.0,7.0,0.0,1.0,
13090,525086,Khoueiry Marc,6465,4418,0.45,0.0,0.0,0.0,0.0,
13083,525086,Mansour Ali,4418,6465,13.65,4.0,4.0,2.0,0.0,
13085,525086,Massih Aziz,6465,4418,12.566666666666666,6.0,2.0,1.0,2.0,
13091,525086,Moussa Roudy,6465,4418,6.35,0.0,1.0,1.0,0.0,
13077,525086,N. West,4418,6465,40.0,13.0,12.0,3.0,0.0,
13082,525086,Saoud Amir,4418,6465,1.8166666666666667,0.0,0.0,0.0,0.0,
13084,525086,Tabbara Mohamad,4418,6465,8.783333333333333,0.0,0.0,0.0,0.0,
13080,525086,Z. Lofton,4418,6465,37.18333333333333,25.0,10.0,4.0,3.0,
13079,525086,Zeinoun Karim,4418,6465,29.333333333333332,9.0,1.0,3.0,1.0,
13100,525087,A. Wislon,7949,2240,5.116666666666666,4.0,2.0,0.0,0.0,
13104,525087,Aline Moura,2240,7949,32.63333333333333,6.0,7.0,2.0,0.0,
13101,525087,B. Turnage,7949,2240,21.866666666666667,8.0,12.0,0.0,0.0,
13098,525087,C. Cardenas,7949,2240,27.0,0.0,4.0,2.0,0.0,
13106,525087,Debora,2240,7949,37.46666666666667,5.0,3.0,5.0,1.0,
13103,525087,Evelyn,2240,7949,27.383333333333333,17.0,5.0,2.0,1.0,
13102,525087,G. Ahumada,7949,2240,17.266666666666666,0.0,3.0,3.0,0.0,
13094,525087,J. Allen,7949,2240,28.7,14.0,7.0,1.0,3.0,
13096,525087,J. Campos,7949,2240,27.933333333333334,6.0,7.0,4.0,2.0,
13109,525087,Ju Souza,2240,7949,19.983333333333334,12.0,6.0,0.0,0.0,
13110,525087,Koerich,2240,7949,6.683333333333334,0.0,0.0,0.0,0.0,
13099,525087,L. Da Silva,7949,2240,17.9,2.0,0.0,2.0,0.0,
13107,525087,M. Marcal,2240,7949,36.86666666666667,15.0,13.0,3.0,2.0,
13095,525087,M. Orellana,7949,2240,23.133333333333333,5.0,1.0,0.0,1.0,
13097,525087,M. Retamales,7949,2240,31.083333333333332,14.0,2.0,1.0,3.0,
13105,525087,Mika,2240,7949,38.083333333333336,10.0,1.0,3.0,2.0,
13108,525087,Pietra,2240,7949,0.9,0.0,0.0,0.0,0.0,
13123,525088,A. Daley,6552,6550,40.0,22.0,18.0,3.0,0.0,
13111,525088,A. McDonald,6550,6552,27.3,11.0,6.0,2.0,1.0,
13112,525088,A. San Juan,6550,6552,27.5,11.0,0.0,5.0,2.0,
13127,525088,C. Abarca,6552,6550,9.083333333333334,4.0,4.0,2.0,0.0,
13113,525088,C. Clarke,6550,6552,26.15,16.0,5.0,3.0,0.0,
13114,525088,D. Waithe,6550,6552,27.916666666666668,15.0,6.0,5.0,1.0,
13116,525088,F. Amen-Ra,6550,6552,13.533333333333333,2.0,1.0,0.0,0.0,
13118,525088,I. Gonzalez,6550,6552,4.516666666666667,3.0,0.0,0.0,1.0,
13122,525088,J. Jackson,6552,6550,32.416666666666664,24.0,7.0,0.0,0.0,
13126,525088,J. Reyes,6552,6550,12.65,1.0,2.0,3.0,0.0,
13119,525088,K. Richardson,6550,6552,15.1,2.0,4.0,0.0,0.0,
13117,525088,M. Mizukawa,6550,6552,23.2,9.0,4.0,3.0,2.0,
13125,525088,R. Diaz,6552,6550,19.716666666666665,3.0,5.0,0.0,0.0,
13115,525088,R. Julien,6550,6552,34.78333333333333,18.0,6.0,2.0,2.0,
13124,525088,S. Moore,6552,6550,37.81666666666667,16.0,13.0,4.0,0.0,
13121,525088,T. Garcia,6552,6550,25.266666666666666,8.0,3.0,3.0,2.0,
13120,525088,V. Ojeda,6552,6550,23.016666666666666,4.0,3.0,1.0,1.0,
13139,525279,A. Wilson,167,7326,35.25,24.0,4.0,0.0,0.0,
13140,525279,B. Turner,167,7326,17.483333333333334,2.0,7.0,2.0,0.0,
13142,525279,C. Gray,167,7326,36.166666666666664,16.0,4.0,3.0,3.0,
13145,525279,C. Parker,167,7326,12.083333333333334,0.0,0.0,0.0,0.0,
13133,525279,Charles Kaila,7326,167,17.666666666666668,2.0,2.0,1.0,0.0,
13135,525279,Gueye Aminata,7326,167,12.533333333333333,9.0,2.0,1.0,0.0,
13141,525279,J. Loyd,167,7326,16.566666666666666,0.0,2.0,1.0,0.0,
13146,525279,J. Pissott,167,7326,1.5833333333333335,0.0,1.0,0.0,0.0,
13138,525279,J. Young,167,7326,38.416666666666664,11.0,4.0,5.0,3.0,
13143,525279,K. Bell,167,7326,20.816666666666666,3.0,2.0,0.0,1.0,
13144,525279,K. Brown,167,7326,2.6833333333333336,2.0,1.0,0.0,0.0,
13134,525279,K. Chen,7326,167,22.35,11.0,3.0,1.0,1.0,
13130,525279,K. Stokes,7326,167,27.466666666666665,0.0,14.0,2.0,0.0,
13147,525279,M. Yamamoto,167,7326,18.95,2.0,0.0,1.0,0.0,
13137,525279,Salaun Janelle,7326,167,5.966666666666667,2.0,0.0,0.0,0.0,
13136,525279,T. Hayes,7326,167,11.05,3.0,1.0,0.0,0.0,
13128,525279,Thornton Kayla,7326,167,34.03333333333333,8.0,11.0,1.0,1.0,
13131,525279,V. Burton,7326,167,17.65,4.0,3.0,1.0,0.0,
13132,525279,Williams Gabby,7326,167,33.56666666666667,25.0,11.0,5.0,4.0,
13129,525279,Zandalasini Cecilia,7326,167,17.716666666666665,7.0,5.0,1.0,1.0,
13160,525280,A. Wilson,167,7326,36.083333333333336,24.0,7.0,2.0,0.0,
13158,525280,B. Turner,167,7326,11.316666666666666,0.0,1.0,0.0,0.0,
13161,525280,C. Gray,167,7326,39.15,19.0,3.0,6.0,3.0,
13164,525280,C. Parker,167,7326,7.7,0.0,1.0,0.0,0.0,
13153,525280,Charles Kaila,7326,167,16.966666666666665,2.0,5.0,2.0,0.0,
13166,525280,D. Evans,167,7326,17.666666666666668,5.0,0.0,2.0,1.0,
13157,525280,Gueye Aminata,7326,167,13.433333333333334,2.0,2.0,1.0,0.0,
13168,525280,J. Pissott,167,7326,2.2333333333333334,0.0,1.0,0.0,0.0,
13162,525280,J. Young,167,7326,36.86666666666667,14.0,0.0,8.0,2.0,
13165,525280,K. Bell,167,7326,0.85,0.0,0.0,0.0,0.0,
13167,525280,K. Brown,167,7326,23.633333333333333,9.0,8.0,0.0,0.0,
13156,525280,K. Chen,7326,167,12.416666666666666,7.0,0.0,0.0,1.0,
13150,525280,K. Stokes,7326,167,28.783333333333335,0.0,7.0,1.0,0.0,
13163,525280,M. Yamamoto,167,7326,3.5666666666666664,0.0,0.0,1.0,0.0,
13159,525280,S. Talbot,167,7326,20.95,10.0,4.0,0.0,2.0,
13154,525280,Salaun Janelle,7326,167,3.966666666666667,2.0,1.0,0.0,0.0,
13155,525280,T. Hayes,7326,167,16.533333333333335,21.0,2.0,2.0,1.0,
13149,525280,Thornton Kayla,7326,167,30.35,16.0,3.0,0.0,3.0,
13152,525280,V. Burton,7326,167,27.583333333333332,8.0,1.0,3.0,1.0,
13148,525280,Williams Gabby,7326,167,29.683333333333334,20.0,5.0,3.0,3.0,
13151,525280,Zandalasini Cecilia,7326,167,20.3,5.0,4.0,0.0,1.0,
13186,525313,Benitez Franco,3900,7424,13.833333333333334,5.0,5.0,0.0,0.0,
13184,525313,C. Vallejos,3900,7424,13.35,0.0,0.0,3.0,0.0,
13182,525313,Dose Fernando,3900,7424,21.683333333333334,9.0,6.0,1.0,1.0,
13170,525313,E. Alvarenga,7424,3900,33.78333333333333,16.0,5.0,7.0,4.0,
13175,525313,F. Benitez,7424,3900,1.6833333333333333,0.0,0.0,0.0,0.0,
13177,525313,H. Ramos,7424,3900,22.216666666666665,10.0,2.0,2.0,2.0,
13172,525313,J. Davis,7424,3900,37.31666666666667,18.0,4.0,1.0,4.0,
13180,525313,J. Martinez,3900,7424,26.65,10.0,4.0,2.0,3.0,
13181,525313,J. Peralta,3900,7424,26.166666666666668,15.0,5.0,1.0,3.0,
13187,525313,J. Wood,3900,7424,18.316666666666666,4.0,3.0,1.0,0.0,
13173,525313,L. Ycassatti,7424,3900,23.766666666666666,3.0,0.0,5.0,0.0,
13176,525313,L. de Oliveira,7424,3900,2.6833333333333336,0.0,0.0,0.0,0.0,
13169,525313,O. Ventura,7424,3900,38.31666666666667,16.0,14.0,0.0,0.0,
13185,525313,P. Aaron,3900,7424,22.116666666666667,11.0,4.0,4.0,0.0,
13174,525313,P. Dias,7424,3900,0.23333333333333334,0.0,0.0,0.0,0.0,
13179,525313,R. Perry,3900,7424,34.833333333333336,19.0,12.0,2.0,1.0,
13183,525313,Sanchez Ramon,3900,7424,23.05,10.0,7.0,2.0,1.0,
13171,525313,V. Da Costa,7424,3900,31.866666666666667,13.0,10.0,1.0,0.0,
13178,525313,V. Trindade,7424,3900,8.133333333333333,2.0,4.0,1.0,0.0,
